id,organizationId,type,firstname,name,siteWeb,phone,phone2,mail,address,commune,distance,hasDispo,dateDispo,isAvip,servesCommune,searchLabel,searchUrl
f189c602-138b-400e-b9b2-533ce5772144,12616763,EAJE,,"JARDIN D'ENFANTS ""PAGNOL""",,0442273296,,csc.jean-paul-coste@wanadoo.fr, Avenue PIERRE BROSSOLETTE 13100 AIX EN PROVENCE,AIX EN PROVENCE,0,NR,,false,,AIX EN PROVENCE CRECHE,"https://monenfant.fr/que-recherchez-vous?structure=EAJE&location=Aix-en-Provence,%20Bouches-du-Rh%C3%B4ne,%20Provence-Alpes-C%C3%B4te%20d%27Azur,%20FRA&x=5.447381703606&y=43.529801070774&radius=30000"
379c3705-415a-404b-98f5-d1ed550aa3e9,12863565,EAJE,,LES PETITS CHAPERONS ROUGES - AIX DSP BERLINGOT,http://www.lpcr.fr,0442285433,,berlingot@lpcr.fr,2 Chemin de la Bosque d'Antonnelle  - Quartier Celony 13090 AIX EN PROVENCE,AIX EN PROVENCE,0,NR,,false,,AIX EN PROVENCE CRECHE,"https://monenfant.fr/que-recherchez-vous?structure=EAJE&location=Aix-en-Provence,%20Bouches-du-Rh%C3%B4ne,%20Provence-Alpes-C%C3%B4te%20d%27Azur,%20FRA&x=5.447381703606&y=43.529801070774&radius=30000"
60bcf714-e63f-424f-a6ae-769544eb4022,12862748,EAJE,,LES PETITS CHAPERONS ROUGES - AIX DSP BOUTCHOUS,http://www.lpcr.fr,0442200019,,boutchous@lpcr.fr, Allée des Amandiers - ZAC des deux Ormes - Jas de Bouffan 13090 AIX EN PROVENCE,AIX EN PROVENCE,0,NR,,false,,AIX EN PROVENCE CRECHE,"https://monenfant.fr/que-recherchez-vous?structure=EAJE&location=Aix-en-Provence,%20Bouches-du-Rh%C3%B4ne,%20Provence-Alpes-C%C3%B4te%20d%27Azur,%20FRA&x=5.447381703606&y=43.529801070774&radius=30000"
6cfd6289-6d58-46cf-9326-79d6cf2d429b,12862705,EAJE,,LES PETITS CHAPERONS ROUGES - AIX DSP ENFANTS DU WALLON,http://www.lpcp.fr,0442203062,,enfduwal@lpcr.fr,4 Rue Hugo Ely - ZAC Jas de Bouffan 13090 AIX EN PROVENCE,AIX EN PROVENCE,0,NR,,false,,AIX EN PROVENCE CRECHE,"https://monenfant.fr/que-recherchez-vous?structure=EAJE&location=Aix-en-Provence,%20Bouches-du-Rh%C3%B4ne,%20Provence-Alpes-C%C3%B4te%20d%27Azur,%20FRA&x=5.447381703606&y=43.529801070774&radius=30000"
63ac9f1b-e808-47e2-addc-9f5c3669f59d,12862404,EAJE,,LES PETITS CHAPERONS ROUGES - AIX DSP PETIT JARDIN,http://www.lpcr.fr,0442593841,,petit.jardin@lpcr-aix.fr,14 Place Romée Villeneuve 13090 AIX EN PROVENCE,AIX EN PROVENCE,0,NR,,false,,AIX EN PROVENCE CRECHE,"https://monenfant.fr/que-recherchez-vous?structure=EAJE&location=Aix-en-Provence,%20Bouches-du-Rh%C3%B4ne,%20Provence-Alpes-C%C3%B4te%20d%27Azur,%20FRA&x=5.447381703606&y=43.529801070774&radius=30000"
8d6bbcdb-0cec-49e7-9a36-8ee499d2c6ac,12863909,EAJE,,LES PETITS CHAPERONS ROUGES - MAC LA DURANNE,http://www.lpcr.fr,0442900134,,aix@lpcr.fr,975 Rue René Descartes -Parc de la Duranne 13100 AIX EN PROVENCE,AIX EN PROVENCE,0,NR,,false,,AIX EN PROVENCE CRECHE,"https://monenfant.fr/que-recherchez-vous?structure=EAJE&location=Aix-en-Provence,%20Bouches-du-Rh%C3%B4ne,%20Provence-Alpes-C%C3%B4te%20d%27Azur,%20FRA&x=5.447381703606&y=43.529801070774&radius=30000"
6df63ec6-2c9c-41ad-b255-546b8d2cde88,12862877,EAJE,,LES PETITS CHAPERONS ROUGES -AIX DSP PIROUETTE,http://www.lpcr.fr,0442234956,,pirouette@lpcr.fr, Rue Lisse Saint Louis 13090 AIX EN PROVENCE,AIX EN PROVENCE,0,NR,,false,,AIX EN PROVENCE CRECHE,"https://monenfant.fr/que-recherchez-vous?structure=EAJE&location=Aix-en-Provence,%20Bouches-du-Rh%C3%B4ne,%20Provence-Alpes-C%C3%B4te%20d%27Azur,%20FRA&x=5.447381703606&y=43.529801070774&radius=30000"
c5f551ee-4eef-4f21-981d-804f5e9d3c2b,40679692,EAJE,,MAC AIX LA PARADE,https://www.lpcr.fr/fr/,0428690296,,aix.parade@lpcr.fr,1600 Route dse Milles 13090 AIX EN PROVENCE,AIX EN PROVENCE,0,NR,,false,,AIX EN PROVENCE CRECHE,"https://monenfant.fr/que-recherchez-vous?structure=EAJE&location=Aix-en-Provence,%20Bouches-du-Rh%C3%B4ne,%20Provence-Alpes-C%C3%B4te%20d%27Azur,%20FRA&x=5.447381703606&y=43.529801070774&radius=30000"
76a1d917-6815-4fb2-8792-29f541404613,12865070,EAJE,,MAC LES GRAINES D'ETOILE,http://www.lpcr.fr,0442580091,,graine.etoile@lpcr-aix.fr, Avenue François Arago 13090 AIX EN PROVENCE,AIX EN PROVENCE,0,NR,,false,,AIX EN PROVENCE CRECHE,"https://monenfant.fr/que-recherchez-vous?structure=EAJE&location=Aix-en-Provence,%20Bouches-du-Rh%C3%B4ne,%20Provence-Alpes-C%C3%B4te%20d%27Azur,%20FRA&x=5.447381703606&y=43.529801070774&radius=30000"
419e802b-f1f3-42aa-bf27-e822c1322f03,12701868,EAJE,,MAC LES LIERRES,https://www.crecheleslierres.com/,0442271806,,mac.leslierres@free.fr,19 Chemin Coton Rouge Résidence Les Lierres - Bâtiment B2 13100 AIX EN PROVENCE,AIX EN PROVENCE,0,NR,,false,,AIX EN PROVENCE CRECHE,"https://monenfant.fr/que-recherchez-vous?structure=EAJE&location=Aix-en-Provence,%20Bouches-du-Rh%C3%B4ne,%20Provence-Alpes-C%C3%B4te%20d%27Azur,%20FRA&x=5.447381703606&y=43.529801070774&radius=30000"
1c11b4fb-a6ac-4eee-b803-7d43a5b165b8,12863221,EAJE,,MAC MAF  TOM POUCE,http://www.lpcr.fr,0442644797,,tom.pouce@lpcr.fr, Cité CORSY 13100 AIX EN PROVENCE,AIX EN PROVENCE,0,NR,,false,,AIX EN PROVENCE CRECHE,"https://monenfant.fr/que-recherchez-vous?structure=EAJE&location=Aix-en-Provence,%20Bouches-du-Rh%C3%B4ne,%20Provence-Alpes-C%C3%B4te%20d%27Azur,%20FRA&x=5.447381703606&y=43.529801070774&radius=30000"
feff0829-34c5-45f0-a3c5-d2a2737aeae2,12863737,EAJE,,MACF CACHE-CACHE,http://www.lpcr.fr,0442600897,,cache.cache@lpcr.fr, Rue Louis Amouriq 13090 AIX EN PROVENCE,AIX EN PROVENCE,0,NR,,false,,AIX EN PROVENCE CRECHE,"https://monenfant.fr/que-recherchez-vous?structure=EAJE&location=Aix-en-Provence,%20Bouches-du-Rh%C3%B4ne,%20Provence-Alpes-C%C3%B4te%20d%27Azur,%20FRA&x=5.447381703606&y=43.529801070774&radius=30000"
5e8993df-d169-42e7-a9c6-e8ab87184e20,18127372,EAJE,,MACF FRANCOIS DOLTO LUYNES,,0442241925,,dolto@lpcr-aix.fr,2 Avenue François Vidal.  ZAC ST Jean Luynes 13080 AIX EN PROVENCE,AIX EN PROVENCE,0,NR,,false,,AIX EN PROVENCE CRECHE,"https://monenfant.fr/que-recherchez-vous?structure=EAJE&location=Aix-en-Provence,%20Bouches-du-Rh%C3%B4ne,%20Provence-Alpes-C%C3%B4te%20d%27Azur,%20FRA&x=5.447381703606&y=43.529801070774&radius=30000"
19c8448c-8622-4aad-acef-a50bf9464406,12863866,EAJE,,MIC AIX LAUZIERE,http://www.lpcr.fr,0488800820,,aix.lauzier@lpcr.fr,1030 Rue jean-rene guilibert 13100 AIX EN PROVENCE,AIX EN PROVENCE,0,NR,,false,,AIX EN PROVENCE CRECHE,"https://monenfant.fr/que-recherchez-vous?structure=EAJE&location=Aix-en-Provence,%20Bouches-du-Rh%C3%B4ne,%20Provence-Alpes-C%C3%B4te%20d%27Azur,%20FRA&x=5.447381703606&y=43.529801070774&radius=30000"
0b7a0882-57b2-4725-a599-5af14b01bdbb,12739201,EAJE,,MIC PAJE - MELISSES ET MALICES,,0442909931,,melissesetmalices@gmail.com,530 Avenue Jean Perrin 13090 AIX EN PROVENCE,AIX EN PROVENCE,0,NR,,false,,AIX EN PROVENCE CRECHE,"https://monenfant.fr/que-recherchez-vous?structure=EAJE&location=Aix-en-Provence,%20Bouches-du-Rh%C3%B4ne,%20Provence-Alpes-C%C3%B4te%20d%27Azur,%20FRA&x=5.447381703606&y=43.529801070774&radius=30000"
091e924a-6d6b-4a09-b23b-7ac2e38497bc,12520314,EAJE,,MAC VENDOME,,0442262464,,,1 Rue Emile Tavan 13090 AIX EN PROVENCE,AIX EN PROVENCE,544,NR,,false,,AIX EN PROVENCE CRECHE,"https://monenfant.fr/que-recherchez-vous?structure=EAJE&location=Aix-en-Provence,%20Bouches-du-Rh%C3%B4ne,%20Provence-Alpes-C%C3%B4te%20d%27Azur,%20FRA&x=5.447381703606&y=43.529801070774&radius=30000"
201443d1-c289-4b53-a9da-32466cbd4892,18084687,EAJE,,MAC NOTRE DAME DE LA MERCI,,0442942440,,,455 Avenue Max Juvenal 13100 AIX EN PROVENCE,AIX EN PROVENCE,647,NR,,false,,AIX EN PROVENCE CRECHE,"https://monenfant.fr/que-recherchez-vous?structure=EAJE&location=Aix-en-Provence,%20Bouches-du-Rh%C3%B4ne,%20Provence-Alpes-C%C3%B4te%20d%27Azur,%20FRA&x=5.447381703606&y=43.529801070774&radius=30000"
5c885c85-b730-46af-b1fe-b0685bd84f3f,23351369,EAJE,,MAC ARLEQUIN,http://www.grandir.com,0442230156,,arlequin@lpcr.fr,2 Rue Nostradamus 13100 AIX EN PROVENCE,AIX EN PROVENCE,700,NR,,false,,AIX EN PROVENCE CRECHE,"https://monenfant.fr/que-recherchez-vous?structure=EAJE&location=Aix-en-Provence,%20Bouches-du-Rh%C3%B4ne,%20Provence-Alpes-C%C3%B4te%20d%27Azur,%20FRA&x=5.447381703606&y=43.529801070774&radius=30000"
011c11d9-2f44-478d-ab1f-6a27a77b57d7,12740448,EAJE,,MAC ARC EN CIEL AIX EN PROVENCE,,0442161655,,creche@ch-montperrin.fr,109 Avenue du Petit Barthélémy 13090 AIX EN PROVENCE,AIX EN PROVENCE,982,NR,,false,,AIX EN PROVENCE CRECHE,"https://monenfant.fr/que-recherchez-vous?structure=EAJE&location=Aix-en-Provence,%20Bouches-du-Rh%C3%B4ne,%20Provence-Alpes-C%C3%B4te%20d%27Azur,%20FRA&x=5.447381703606&y=43.529801070774&radius=30000"
586f7650-a1ba-4e27-bcc1-4c94e71f4abb,12864984,EAJE,,MAC ILE AUX ENFANTS AIX EN PROVENCE,http://www.lpcr.fr,0442231480,,ile.aux.enfants@lpcr.fr,16 bis Chemin Saint Donat 13090 AIX EN PROVENCE,AIX EN PROVENCE,1220,NR,,false,,AIX EN PROVENCE CRECHE,"https://monenfant.fr/que-recherchez-vous?structure=EAJE&location=Aix-en-Provence,%20Bouches-du-Rh%C3%B4ne,%20Provence-Alpes-C%C3%B4te%20d%27Azur,%20FRA&x=5.447381703606&y=43.529801070774&radius=30000"
921a2170-063b-4f2c-8d71-c09143866594,12738814,EAJE,,MIC PAJE LES GRAINES D'EVEIL,,0442286022,,crechelesgraines@gmail.com,30 Avenue des écoles militaires 13100 AIX EN PROVENCE,AIX EN PROVENCE,1305,NR,,false,,AIX EN PROVENCE CRECHE,"https://monenfant.fr/que-recherchez-vous?structure=EAJE&location=Aix-en-Provence,%20Bouches-du-Rh%C3%B4ne,%20Provence-Alpes-C%C3%B4te%20d%27Azur,%20FRA&x=5.447381703606&y=43.529801070774&radius=30000"
ac66643f-228d-472f-b24e-d3be30a9f80b,18090665,EAJE,,BABILOU AIX-EN-PROVENCE ROBERT SCHUMAN,https://www.babilou.fr/,0809103000,,contact@babilou.com,29 Avenue Robert Schuman 13090 AIX EN PROVENCE,AIX EN PROVENCE,1374,NR,,false,,AIX EN PROVENCE CRECHE,"https://monenfant.fr/que-recherchez-vous?structure=EAJE&location=Aix-en-Provence,%20Bouches-du-Rh%C3%B4ne,%20Provence-Alpes-C%C3%B4te%20d%27Azur,%20FRA&x=5.447381703606&y=43.529801070774&radius=30000"
28bc6b97-7d44-4ee9-b09d-5a3be102b59e,12740405,EAJE,,MAC LE PETIT PANDA,https://www.csc-laprovence.com/projet-du-petit-panda,0442591973,,csclaprovence.petiteenfance@gmail.com,10 Boulevard Maréchal Juin 13090 AIX EN PROVENCE,AIX EN PROVENCE,1476,NR,,false,,AIX EN PROVENCE CRECHE,"https://monenfant.fr/que-recherchez-vous?structure=EAJE&location=Aix-en-Provence,%20Bouches-du-Rh%C3%B4ne,%20Provence-Alpes-C%C3%B4te%20d%27Azur,%20FRA&x=5.447381703606&y=43.529801070774&radius=30000"
0d042ffc-a3b4-416a-a38a-bb3178fdcd55,12863522,EAJE,,LES PETITS CHAPERONS ROUGES - AIX DSP ATELIER,http://www.lpcr.fr,0442263581,,atelier@lpcr.fr,24 Avenue Henri Poncet 13090 AIX EN PROVENCE,AIX EN PROVENCE,1617,NR,,false,,AIX EN PROVENCE CRECHE,"https://monenfant.fr/que-recherchez-vous?structure=EAJE&location=Aix-en-Provence,%20Bouches-du-Rh%C3%B4ne,%20Provence-Alpes-C%C3%B4te%20d%27Azur,%20FRA&x=5.447381703606&y=43.529801070774&radius=30000"
8ed814a4-0578-40e9-bd2d-0a0f33b8477f,12863393,EAJE,,LES PETITS CHAPERONS ROUGES - AIX DSP POM D HAPPY,http://www.lpcr.fr,0442591981,,pom.dhappy@lpcr.fr,12 Avenue du Président kennedy 13090 AIX EN PROVENCE,AIX EN PROVENCE,1801,NR,,false,,AIX EN PROVENCE CRECHE,"https://monenfant.fr/que-recherchez-vous?structure=EAJE&location=Aix-en-Provence,%20Bouches-du-Rh%C3%B4ne,%20Provence-Alpes-C%C3%B4te%20d%27Azur,%20FRA&x=5.447381703606&y=43.529801070774&radius=30000"
0302aa9c-14fb-4d9c-a6e5-a05e3911caf3,12612549,EAJE,,MAC LE JARDIN DE MADY,,0442273296,,csc.jean-paul-coste@wanadoo.fr,217 Avenue Jean Paul Coste 13100 AIX EN PROVENCE,AIX EN PROVENCE,1970,NR,,false,,AIX EN PROVENCE CRECHE,"https://monenfant.fr/que-recherchez-vous?structure=EAJE&location=Aix-en-Provence,%20Bouches-du-Rh%C3%B4ne,%20Provence-Alpes-C%C3%B4te%20d%27Azur,%20FRA&x=5.447381703606&y=43.529801070774&radius=30000"
468d12c4-906e-470a-aacf-3347ea5f34a3,18405640,EAJE,,MIC-PAJE LES MALICIEUX DE SAINT MITRE,https://www.grandir.com/fr/nurseries/nursery/363,0488800822,,aix.stmitre@lpcr.fr,20 Avenue Saint Mitre des Champs 13090 AIX EN PROVENCE,AIX EN PROVENCE,2472,NR,,false,,AIX EN PROVENCE CRECHE,"https://monenfant.fr/que-recherchez-vous?structure=EAJE&location=Aix-en-Provence,%20Bouches-du-Rh%C3%B4ne,%20Provence-Alpes-C%C3%B4te%20d%27Azur,%20FRA&x=5.447381703606&y=43.529801070774&radius=30000"
b2e9be5c-6dab-4ea9-bb8a-7b03d2b4ce88,18405786,EAJE,,MIC-PAJE LES MALICIEUX DES CHAMPS,https://www.grandir.com/fr/nurseries/nursery/452,0499999999,,,20 Avenue Saint Mitre des Champs 13090 AIX EN PROVENCE,AIX EN PROVENCE,2472,NR,,false,,AIX EN PROVENCE CRECHE,"https://monenfant.fr/que-recherchez-vous?structure=EAJE&location=Aix-en-Provence,%20Bouches-du-Rh%C3%B4ne,%20Provence-Alpes-C%C3%B4te%20d%27Azur,%20FRA&x=5.447381703606&y=43.529801070774&radius=30000"
2800cacf-7d04-4f0c-a2c0-1dc656827e61,12572860,EAJE,,MAC LES BISOUNOURS,,0442592000,,,4 Avenue Jules Payot 13090 AIX EN PROVENCE,AIX EN PROVENCE,2610,NR,,false,,AIX EN PROVENCE CRECHE,"https://monenfant.fr/que-recherchez-vous?structure=EAJE&location=Aix-en-Provence,%20Bouches-du-Rh%C3%B4ne,%20Provence-Alpes-C%C3%B4te%20d%27Azur,%20FRA&x=5.447381703606&y=43.529801070774&radius=30000"
e076ccea-e7ec-49fa-8112-fd1efe361bcc,12864812,EAJE,,MIC LES MALICIEUX DE PICHAURY,http://www.lpcr.fr,0442123190,,aix.pichaury@crechesetmalices.com,1330 Rue Jean René Guillibert Gauthier  de la Lauziere 13100 AIX EN PROVENCE,AIX EN PROVENCE,2654,NR,,false,,AIX EN PROVENCE CRECHE,"https://monenfant.fr/que-recherchez-vous?structure=EAJE&location=Aix-en-Provence,%20Bouches-du-Rh%C3%B4ne,%20Provence-Alpes-C%C3%B4te%20d%27Azur,%20FRA&x=5.447381703606&y=43.529801070774&radius=30000"
6a507c9d-7f7e-4e95-abff-fef27274a7d3,12537256,EAJE,,MAP LEI CAGANIS,,0442207781,,,3 Rue Jean Lombard 13090 AIX EN PROVENCE,AIX EN PROVENCE,2768,NR,,true,,AIX EN PROVENCE CRECHE,"https://monenfant.fr/que-recherchez-vous?structure=EAJE&location=Aix-en-Provence,%20Bouches-du-Rh%C3%B4ne,%20Provence-Alpes-C%C3%B4te%20d%27Azur,%20FRA&x=5.447381703606&y=43.529801070774&radius=30000"
4e98a67b-d624-4706-a47e-db11c1c6f1e4,12863436,EAJE,,LES PETITS CHAPERONS ROUGES - AIX DSP AGORA,http://www.lpcr.fr,0442641849,,aix.agora@lpcr.fr, Boulevard du clos gabriel 13090 AIX EN PROVENCE,AIX EN PROVENCE,2811,NR,,false,,AIX EN PROVENCE CRECHE,"https://monenfant.fr/que-recherchez-vous?structure=EAJE&location=Aix-en-Provence,%20Bouches-du-Rh%C3%B4ne,%20Provence-Alpes-C%C3%B4te%20d%27Azur,%20FRA&x=5.447381703606&y=43.529801070774&radius=30000"
b984717e-e5c0-477d-b42a-a54101229a05,18405683,EAJE,,MIC-PAJE MANDALINE,https://www.la-maison-bleue.fr/,0442525739,,,220 Rue De la Tramontane 13090 AIX EN PROVENCE,AIX EN PROVENCE,3315,NR,,false,,AIX EN PROVENCE CRECHE,"https://monenfant.fr/que-recherchez-vous?structure=EAJE&location=Aix-en-Provence,%20Bouches-du-Rh%C3%B4ne,%20Provence-Alpes-C%C3%B4te%20d%27Azur,%20FRA&x=5.447381703606&y=43.529801070774&radius=30000"
92a6a22f-2dfc-4a81-8069-1b7a917c6061,18095688,EAJE,,MAC L'AQUARELLE,,0442668452,,xx.agape@sfr.fr,64 Route Sainte Jacques 13100 LE THOLONET,LE THOLONET,3701,NR,,false,,AIX EN PROVENCE CRECHE,"https://monenfant.fr/que-recherchez-vous?structure=EAJE&location=Aix-en-Provence,%20Bouches-du-Rh%C3%B4ne,%20Provence-Alpes-C%C3%B4te%20d%27Azur,%20FRA&x=5.447381703606&y=43.529801070774&radius=30000"
5698fd12-7a8a-45fd-9482-2f9d7381851d,18409192,EAJE,,MIC-PAJE LA CABANE ENCHANTÉE 2,http://www.cabaneenchantee.com/,0615442064,,contact@cabaneenchantee.com,203 Avenue Paul Julien 13100 LE THOLONET,LE THOLONET,3707,NR,,false,,AIX EN PROVENCE CRECHE,"https://monenfant.fr/que-recherchez-vous?structure=EAJE&location=Aix-en-Provence,%20Bouches-du-Rh%C3%B4ne,%20Provence-Alpes-C%C3%B4te%20d%27Azur,%20FRA&x=5.447381703606&y=43.529801070774&radius=30000"
73aa9afa-bf20-49d9-875c-5205e9b75d69,12607088,EAJE,,MAC LPCR AIX EN PROVENCE EGUILLES,,0442670012,,,1330 Chemin d'Eguilles 13090 AIX EN PROVENCE,AIX EN PROVENCE,4727,NR,,false,,AIX EN PROVENCE CRECHE,"https://monenfant.fr/que-recherchez-vous?structure=EAJE&location=Aix-en-Provence,%20Bouches-du-Rh%C3%B4ne,%20Provence-Alpes-C%C3%B4te%20d%27Azur,%20FRA&x=5.447381703606&y=43.529801070774&radius=30000"
c6d8b274-1e6e-4281-b90c-587d1eb6d360,12739373,EAJE,,MIC PAJE  GROSEILLES ET COCCINELLES,,0442503341,,groseillesetcoccinelles@gmail.com,1652 Avenue Paul Jullien - Ctre Commercial le Moulin 13100 LE THOLONET,LE THOLONET,5332,NR,,false,,AIX EN PROVENCE CRECHE,"https://monenfant.fr/que-recherchez-vous?structure=EAJE&location=Aix-en-Provence,%20Bouches-du-Rh%C3%B4ne,%20Provence-Alpes-C%C3%B4te%20d%27Azur,%20FRA&x=5.447381703606&y=43.529801070774&radius=30000"
661e275a-77f3-4298-bf0c-fdd3bd546161,62822429,EAJE,,LES PETITS LOUPS,http://lamut.fr,0967602009,,lespetitsloups@lamut.fr,24 Avenue Du Sergent Bourelly - Les Logissons 13770 VENELLES,VENELLES,5705,NR,,false,,AIX EN PROVENCE CRECHE,"https://monenfant.fr/que-recherchez-vous?structure=EAJE&location=Aix-en-Provence,%20Bouches-du-Rh%C3%B4ne,%20Provence-Alpes-C%C3%B4te%20d%27Azur,%20FRA&x=5.447381703606&y=43.529801070774&radius=30000"
d1636844-feb0-458d-81ca-87fb95087b79,70516478,EAJE,,LA CABANE D'ACHILLE & CAMILLE AIX-EN-PROVENCE,https://www.achilleetcamille.com/accueil.html,04 42 23 60 45,,aclauzel@achilleetcamille.com,3120 Route D'Avignon 13090 AIX EN PROVENCE,AIX EN PROVENCE,5720,NR,,false,,AIX EN PROVENCE CRECHE,"https://monenfant.fr/que-recherchez-vous?structure=EAJE&location=Aix-en-Provence,%20Bouches-du-Rh%C3%B4ne,%20Provence-Alpes-C%C3%B4te%20d%27Azur,%20FRA&x=5.447381703606&y=43.529801070774&radius=30000"
8b307954-b4cd-42db-948a-4adb13ff1d1a,12864855,EAJE,,MIC LES MALICIEUX DE MAZARINE,http://www.lpcr.fr,0488800821,,aix.mazarine@crechesetmalices.com,20 Rue Louis Amouriq 13290 AIX EN PROVENCE,AIX EN PROVENCE,5853,NR,,false,,AIX EN PROVENCE CRECHE,"https://monenfant.fr/que-recherchez-vous?structure=EAJE&location=Aix-en-Provence,%20Bouches-du-Rh%C3%B4ne,%20Provence-Alpes-C%C3%B4te%20d%27Azur,%20FRA&x=5.447381703606&y=43.529801070774&radius=30000"
430d6e58-1f05-42f8-bf67-beedc9aa8497,12864210,EAJE,,MAC L'AQUARELLE,http://www.lpcr.fr,0442920066,,aquarelle@lpcr.fr, Avenue Jean Orsini 13540 AIX EN PROVENCE,AIX EN PROVENCE,6022,NR,,false,,AIX EN PROVENCE CRECHE,"https://monenfant.fr/que-recherchez-vous?structure=EAJE&location=Aix-en-Provence,%20Bouches-du-Rh%C3%B4ne,%20Provence-Alpes-C%C3%B4te%20d%27Azur,%20FRA&x=5.447381703606&y=43.529801070774&radius=30000"
8b822124-a404-4546-948b-bf39d51975cd,12594188,EAJE,,MAC LES PETITS MEYREUILLAIS,,0442580946,,crechelespetitsmeyreuillais@wanadoo.fr,58 Chemin Départemental 13590 MEYREUIL,MEYREUIL,6140,NR,,false,,AIX EN PROVENCE CRECHE,"https://monenfant.fr/que-recherchez-vous?structure=EAJE&location=Aix-en-Provence,%20Bouches-du-Rh%C3%B4ne,%20Provence-Alpes-C%C3%B4te%20d%27Azur,%20FRA&x=5.447381703606&y=43.529801070774&radius=30000"
74633827-86d3-40f3-96b3-cf9ed3f3aa99,18405112,EAJE,,MIC-PAJE LES PETITS MONKEYS,https://www.people-and-baby.com/creche/les-petits-monkeys/9945250,0984387651,,les.petits.monkeys@people-and-baby.com,120 Rue de la Tuilerie 13290 AIX EN PROVENCE,AIX EN PROVENCE,6347,NR,,false,,AIX EN PROVENCE CRECHE,"https://monenfant.fr/que-recherchez-vous?structure=EAJE&location=Aix-en-Provence,%20Bouches-du-Rh%C3%B4ne,%20Provence-Alpes-C%C3%B4te%20d%27Azur,%20FRA&x=5.447381703606&y=43.529801070774&radius=30000"
1077625b-b7dc-403a-a205-3f8c11e6f143,12599606,EAJE,,MAC L'ATTRAPE-SOLEILS,,0442249786,,attrape.soleils@orange.fr,  Place de la Mairie 13100 ST MARC JAUMEGARDE,ST MARC JAUMEGARDE,6411,NR,,false,,AIX EN PROVENCE CRECHE,"https://monenfant.fr/que-recherchez-vous?structure=EAJE&location=Aix-en-Provence,%20Bouches-du-Rh%C3%B4ne,%20Provence-Alpes-C%C3%B4te%20d%27Azur,%20FRA&x=5.447381703606&y=43.529801070774&radius=30000"
3b371055-8ed5-4a35-9466-91e0e34f95f5,18408637,EAJE,,COCCINELLES & BERLINGOT,https://www.people-and-baby.com/creche/coccinelles-berlingot/9945251?from=liste,0769304951,,,2090 Route des Milles 13510 EGUILLES,EGUILLES,6850,NR,,false,,AIX EN PROVENCE CRECHE,"https://monenfant.fr/que-recherchez-vous?structure=EAJE&location=Aix-en-Provence,%20Bouches-du-Rh%C3%B4ne,%20Provence-Alpes-C%C3%B4te%20d%27Azur,%20FRA&x=5.447381703606&y=43.529801070774&radius=30000"
b8c513ae-19de-478c-a11c-a8294d1d4931,18405597,EAJE,,MIC-PAJE AIX 1998,https://www.creche-attitude.fr/,0442593814,,,205 Avenue du 12 Juillet 1998 13290 AIX EN PROVENCE,AIX EN PROVENCE,6988,NR,,false,,AIX EN PROVENCE CRECHE,"https://monenfant.fr/que-recherchez-vous?structure=EAJE&location=Aix-en-Provence,%20Bouches-du-Rh%C3%B4ne,%20Provence-Alpes-C%C3%B4te%20d%27Azur,%20FRA&x=5.447381703606&y=43.529801070774&radius=30000"
68046da6-94ea-4d06-b08a-8ff14ab09d1a,41130784,EAJE,,LA PETITE CRÈCHE D'AIX LES MILLES,https://www.les-cherubins.com,0442394341,,aix-les-milles@les-cherubins.com,975 Rue ANDRE AMPERE 13290 AIX EN PROVENCE,AIX EN PROVENCE,7261,NR,,false,,AIX EN PROVENCE CRECHE,"https://monenfant.fr/que-recherchez-vous?structure=EAJE&location=Aix-en-Provence,%20Bouches-du-Rh%C3%B4ne,%20Provence-Alpes-C%C3%B4te%20d%27Azur,%20FRA&x=5.447381703606&y=43.529801070774&radius=30000"
95ea1b7c-b3ab-46a2-890a-aee36a864470,18408588,EAJE,,MIC-PAJE ETOILES ET MIRABELLES,https://www.reseauvictoliane.fr/eguilles-e-m-p222877.html,0442963258,,,190 Rue Topaze 13510 EGUILLES,EGUILLES,7267,NR,,false,,AIX EN PROVENCE CRECHE,"https://monenfant.fr/que-recherchez-vous?structure=EAJE&location=Aix-en-Provence,%20Bouches-du-Rh%C3%B4ne,%20Provence-Alpes-C%C3%B4te%20d%27Azur,%20FRA&x=5.447381703606&y=43.529801070774&radius=30000"
0c5f8546-c470-45db-a9a7-f2b535bca8b3,18404983,EAJE,,MIC-PAJE LA CABANE ENCHANTÉE,http://www.cabaneenchantee.com/,0615442064,,contact@cabaneenchantee.com,1140 Rue ampere 13290 AIX EN PROVENCE,AIX EN PROVENCE,7317,NR,,false,,AIX EN PROVENCE CRECHE,"https://monenfant.fr/que-recherchez-vous?structure=EAJE&location=Aix-en-Provence,%20Bouches-du-Rh%C3%B4ne,%20Provence-Alpes-C%C3%B4te%20d%27Azur,%20FRA&x=5.447381703606&y=43.529801070774&radius=30000"
3c1c6446-290a-4cd2-894d-210ba8461b81,21201284,EAJE,,MIC-PAJE L’ELEPHANT ROSE,,0442289235,,terreenchanteev@gmail.com,11 Avenue des Ribas 13770 VENELLES,VENELLES,7320,NR,,false,,AIX EN PROVENCE CRECHE,"https://monenfant.fr/que-recherchez-vous?structure=EAJE&location=Aix-en-Provence,%20Bouches-du-Rh%C3%B4ne,%20Provence-Alpes-C%C3%B4te%20d%27Azur,%20FRA&x=5.447381703606&y=43.529801070774&radius=30000"
d531d840-c609-43e7-b869-4ce451cc29f9,63236765,EAJE,,LES PETITS BALLONS,https://www.youbeeforkids.com/micro-creches-youbeeforkids/region-sud/micro-creche-meyreuil/,0485582040,,lespetitsballons@youbee.com,1 Sente de la Croix de Provence 13590 MEYREUIL,MEYREUIL,7403,ND,,false,,AIX EN PROVENCE CRECHE,"https://monenfant.fr/que-recherchez-vous?structure=EAJE&location=Aix-en-Provence,%20Bouches-du-Rh%C3%B4ne,%20Provence-Alpes-C%C3%B4te%20d%27Azur,%20FRA&x=5.447381703606&y=43.529801070774&radius=30000"
fd2c59be-4b25-4e64-bc19-59594b0f4df9,12740534,EAJE,,MAC MONIQUE FERRANDEZ,,0442511234,,haltegarderie.meyreuil@wanadoo.fr, Avenue du Général De Gaulle 13590 MEYREUIL,MEYREUIL,7439,NR,,false,,AIX EN PROVENCE CRECHE,"https://monenfant.fr/que-recherchez-vous?structure=EAJE&location=Aix-en-Provence,%20Bouches-du-Rh%C3%B4ne,%20Provence-Alpes-C%C3%B4te%20d%27Azur,%20FRA&x=5.447381703606&y=43.529801070774&radius=30000"
4f7e8306-3866-4fd1-980d-e3d154d6ea7e,12718036,EAJE,,MAC LA FARIGOULETTE VENELLE,http://la-maison-bleue.fr,0442669233,,venelles@creche-la-maison-bleue.fr,23 Avenue de mouliero 13770 VENELLES,VENELLES,7447,NR,,false,,AIX EN PROVENCE CRECHE,"https://monenfant.fr/que-recherchez-vous?structure=EAJE&location=Aix-en-Provence,%20Bouches-du-Rh%C3%B4ne,%20Provence-Alpes-C%C3%B4te%20d%27Azur,%20FRA&x=5.447381703606&y=43.529801070774&radius=30000"
fe5592a5-4d2b-4819-8359-15d321a16975,12567614,EAJE,,LA MAISON D'ANGÈLE,https://www.crechesdusud.fr/creches/maison-angele/,0442126426,,lamaisondangele@creches-du-sud.fr,75 Rue Marcellin Berthelot 13290 AIX EN PROVENCE,AIX EN PROVENCE,7471,NR,,false,,AIX EN PROVENCE CRECHE,"https://monenfant.fr/que-recherchez-vous?structure=EAJE&location=Aix-en-Provence,%20Bouches-du-Rh%C3%B4ne,%20Provence-Alpes-C%C3%B4te%20d%27Azur,%20FRA&x=5.447381703606&y=43.529801070774&radius=30000"
cee537e0-ba78-4129-a764-66e0c1a094ad,12739287,EAJE,,MIC PAJE  LUCIOLES ET TOURNESOLS,,0442637603,,luciolesettournesols@gmail.com,6319 Chemin de Barlatier 13590 MEYREUIL,MEYREUIL,7614,NR,,false,,AIX EN PROVENCE CRECHE,"https://monenfant.fr/que-recherchez-vous?structure=EAJE&location=Aix-en-Provence,%20Bouches-du-Rh%C3%B4ne,%20Provence-Alpes-C%C3%B4te%20d%27Azur,%20FRA&x=5.447381703606&y=43.529801070774&radius=30000"
abda37f5-e34e-410d-bd2f-5c71e43fdd3c,12552951,EAJE,,LES BOUCANOUS,http://www.lesboucanouslamut.fr,0442225722,,lesboucanous@lamut.fr, Parc La Moustelle 13320 BOUC BEL AIR,BOUC BEL AIR,8067,NR,,false,,AIX EN PROVENCE CRECHE,"https://monenfant.fr/que-recherchez-vous?structure=EAJE&location=Aix-en-Provence,%20Bouches-du-Rh%C3%B4ne,%20Provence-Alpes-C%C3%B4te%20d%27Azur,%20FRA&x=5.447381703606&y=43.529801070774&radius=30000"
04594eea-c632-455d-99ca-f95ff2b73aa6,12746769,EAJE,,LES MINI POUSS,http://www.lamut.fr,0442244955,,lesminipouss@lamut.fr, Allée des Rabasses - Résidence Arbor et sens 13770 VENELLES,VENELLES,8172,NR,,false,,AIX EN PROVENCE CRECHE,"https://monenfant.fr/que-recherchez-vous?structure=EAJE&location=Aix-en-Provence,%20Bouches-du-Rh%C3%B4ne,%20Provence-Alpes-C%C3%B4te%20d%27Azur,%20FRA&x=5.447381703606&y=43.529801070774&radius=30000"
422d2ed3-41b5-42dc-b0c0-0a63a1076b42,12719885,EAJE,,LES P'TITS LOUPS,http://www.lamut.fr,0967602009,,lesptitsloups@lamut.fr, Avenue Sergent Bourrely Les Logissons 13770 VENELLES,VENELLES,8172,NR,,false,,AIX EN PROVENCE CRECHE,"https://monenfant.fr/que-recherchez-vous?structure=EAJE&location=Aix-en-Provence,%20Bouches-du-Rh%C3%B4ne,%20Provence-Alpes-C%C3%B4te%20d%27Azur,%20FRA&x=5.447381703606&y=43.529801070774&radius=30000"
2851d495-e252-4bc1-882e-98886208cb05,12721089,EAJE,,MAC LES CÂLINOUS,http://www.lamut.fr,0967782564,,calinous@lamut.fr, Rue Des écoles - Villa du Mail 13770 VENELLES,VENELLES,8172,NR,,false,,AIX EN PROVENCE CRECHE,"https://monenfant.fr/que-recherchez-vous?structure=EAJE&location=Aix-en-Provence,%20Bouches-du-Rh%C3%B4ne,%20Provence-Alpes-C%C3%B4te%20d%27Azur,%20FRA&x=5.447381703606&y=43.529801070774&radius=30000"
1c7928ab-96ce-436d-bb04-c412bbaac3cd,12864038,EAJE,,MAC LA FARANDOLE,,0442583364,,creche-farandole@ville-gardanne.fr,305 Avenue Léo Lagrange 13120 GARDANNE,GARDANNE,8429,NR,,false,,AIX EN PROVENCE CRECHE,"https://monenfant.fr/que-recherchez-vous?structure=EAJE&location=Aix-en-Provence,%20Bouches-du-Rh%C3%B4ne,%20Provence-Alpes-C%C3%B4te%20d%27Azur,%20FRA&x=5.447381703606&y=43.529801070774&radius=30000"
ff6aebe3-c9e3-4981-8b05-63748624d52b,12555316,EAJE,,MAC LES CANAILLOUS D'EGUILLES,,0971296160,,jeunesse.eguilles@wanadoo.fr, Rue dAix 13510 EGUILLES,EGUILLES,8460,NR,,false,,AIX EN PROVENCE CRECHE,"https://monenfant.fr/que-recherchez-vous?structure=EAJE&location=Aix-en-Provence,%20Bouches-du-Rh%C3%B4ne,%20Provence-Alpes-C%C3%B4te%20d%27Azur,%20FRA&x=5.447381703606&y=43.529801070774&radius=30000"
4d902cc5-d26d-4ed5-8f8f-13fe05468264,12554413,EAJE,,MAC LEI PICHOUN EGUILLES,,0961689908,,jeunesse.eguilles@wanadoo.fr,22 Rue des Jasses 13510 EGUILLES,EGUILLES,8547,NR,,false,,AIX EN PROVENCE CRECHE,"https://monenfant.fr/que-recherchez-vous?structure=EAJE&location=Aix-en-Provence,%20Bouches-du-Rh%C3%B4ne,%20Provence-Alpes-C%C3%B4te%20d%27Azur,%20FRA&x=5.447381703606&y=43.529801070774&radius=30000"
41f88e8e-e3e9-4fde-81d3-d70dc1d49568,18408689,EAJE,,MIC-PAJE MYRTILLES & GRENADINE,https://www.reseauvictoliane.fr/,0442684070,,inscriptionvictoliane@gmail.com,190 Rue Topaze - ZA Les Jalassières 13510 EGUILLES,EGUILLES,8670,NR,,false,,AIX EN PROVENCE CRECHE,"https://monenfant.fr/que-recherchez-vous?structure=EAJE&location=Aix-en-Provence,%20Bouches-du-Rh%C3%B4ne,%20Provence-Alpes-C%C3%B4te%20d%27Azur,%20FRA&x=5.447381703606&y=43.529801070774&radius=30000"
43e615a9-8bfc-412c-a9dd-e92e88ec27e9,12521948,EAJE,,MAC LES FRIMOUSSES,http://www.lamut.fr,0967252741,,lesfrimousses13@lamut.fr, Avenue Jules Ferry 13320 BOUC BEL AIR,BOUC BEL AIR,8919,NR,,false,,AIX EN PROVENCE CRECHE,"https://monenfant.fr/que-recherchez-vous?structure=EAJE&location=Aix-en-Provence,%20Bouches-du-Rh%C3%B4ne,%20Provence-Alpes-C%C3%B4te%20d%27Azur,%20FRA&x=5.447381703606&y=43.529801070774&radius=30000"
b55495f6-78df-43c1-9ea9-b018ba8229c1,12568560,EAJE,,MAC LA SOURIS VERTE,,0442512094,,creche-sourisverte@ville-gardanne.fr," Avenue Raoul Decoppet, quartier FONTVENELLE 13120 GARDANNE",GARDANNE,8945,NR,,false,,AIX EN PROVENCE CRECHE,"https://monenfant.fr/que-recherchez-vous?structure=EAJE&location=Aix-en-Provence,%20Bouches-du-Rh%C3%B4ne,%20Provence-Alpes-C%C3%B4te%20d%27Azur,%20FRA&x=5.447381703606&y=43.529801070774&radius=30000"
98d5ced9-5c4d-4131-834f-141a238f75c6,12508489,EAJE,,MAC VELINE EN COMPTINES,,0442658706,,creche-veline@ville-gardanne.fr," Chemin D'Estrec - Les Coteaux de Veline, Lou BRUGA n°3 13120 GARDANNE",GARDANNE,8945,NR,,false,,AIX EN PROVENCE CRECHE,"https://monenfant.fr/que-recherchez-vous?structure=EAJE&location=Aix-en-Provence,%20Bouches-du-Rh%C3%B4ne,%20Provence-Alpes-C%C3%B4te%20d%27Azur,%20FRA&x=5.447381703606&y=43.529801070774&radius=30000"
7ed70107-7518-4d58-b967-1be1c61596af,27673292,EAJE,,MIC-PAJE L'ATTRAPPE REVE,https://www.thelittleones.fr,0988028360,,cyrielle.declerck@thelittleones.fr,235 Rue Denis Papin 13100 AIX EN PROVENCE,AIX EN PROVENCE,8996,NR,,false,,AIX EN PROVENCE CRECHE,"https://monenfant.fr/que-recherchez-vous?structure=EAJE&location=Aix-en-Provence,%20Bouches-du-Rh%C3%B4ne,%20Provence-Alpes-C%C3%B4te%20d%27Azur,%20FRA&x=5.447381703606&y=43.529801070774&radius=30000"
f533ab9a-5dc3-4e3d-b525-931fe9f59da5,12864167,EAJE,,MAC LA FARANDOLE BOUC BEL AIR,http://www.lpcr.fr,0437461779,,bba.farandole@lpcr.fr, Route RN8 13320 BOUC BEL AIR,BOUC BEL AIR,9156,NR,,false,,AIX EN PROVENCE CRECHE,"https://monenfant.fr/que-recherchez-vous?structure=EAJE&location=Aix-en-Provence,%20Bouches-du-Rh%C3%B4ne,%20Provence-Alpes-C%C3%B4te%20d%27Azur,%20FRA&x=5.447381703606&y=43.529801070774&radius=30000"
1ded7c58-57e7-466b-923b-5b0c429cb8cf,12552994,EAJE,,MAC L'ARBRE DE VIE,http://www.lamut.fr,0442225312,,arbredevie@lamut.fr,291 Rue Arthur Rimbaud 13320 BOUC BEL AIR,BOUC BEL AIR,10097,NR,,false,,AIX EN PROVENCE CRECHE,"https://monenfant.fr/que-recherchez-vous?structure=EAJE&location=Aix-en-Provence,%20Bouches-du-Rh%C3%B4ne,%20Provence-Alpes-C%C3%B4te%20d%27Azur,%20FRA&x=5.447381703606&y=43.529801070774&radius=30000"
2158b162-e26a-41c2-8ca5-fddaa92d4b8c,18406349,EAJE,,MIC-PAJE LES POULBOTS,http://creche-lespoulbots.com/,0442274338,,contact@creche-lespoulbots.com, Avenue René Cassin 13480 CABRIES,CABRIES,10149,NR,,false,,AIX EN PROVENCE CRECHE,"https://monenfant.fr/que-recherchez-vous?structure=EAJE&location=Aix-en-Provence,%20Bouches-du-Rh%C3%B4ne,%20Provence-Alpes-C%C3%B4te%20d%27Azur,%20FRA&x=5.447381703606&y=43.529801070774&radius=30000"
ab27b984-749f-4c95-8ebe-129fd33372d2,12740491,EAJE,,MAC LE CABRI,,0442125059,,associationlecabri@gmail.com,285 Allée Arsène Sari 13790 CHATEAUNEUF LE ROUGE,CHATEAUNEUF LE ROUGE,10423,NR,,false,,AIX EN PROVENCE CRECHE,"https://monenfant.fr/que-recherchez-vous?structure=EAJE&location=Aix-en-Provence,%20Bouches-du-Rh%C3%B4ne,%20Provence-Alpes-C%C3%B4te%20d%27Azur,%20FRA&x=5.447381703606&y=43.529801070774&radius=30000"
3e75b6ff-3543-4096-85c7-3e7d03dd02e1,18072998,EAJE,,MAC JOSETTE JOURDAN,http://www.lamut.fr,0490260843,,j.jourdan@lamut.fr, Chemin Petit Chemin de Bouc 13109 SIMIANE COLLONGUE,SIMIANE COLLONGUE,10630,NR,,false,,AIX EN PROVENCE CRECHE,"https://monenfant.fr/que-recherchez-vous?structure=EAJE&location=Aix-en-Provence,%20Bouches-du-Rh%C3%B4ne,%20Provence-Alpes-C%C3%B4te%20d%27Azur,%20FRA&x=5.447381703606&y=43.529801070774&radius=30000"
af5cf0d3-5e36-4cad-999a-240f75d30383,12717520,EAJE,,MAC LES LUCIOLES,,0442517275,,creche-lucioles@ville-gardanne.fr,129 Avenue Henri Barbusse - BIVER 13120 GARDANNE,GARDANNE,10650,NR,,false,,AIX EN PROVENCE CRECHE,"https://monenfant.fr/que-recherchez-vous?structure=EAJE&location=Aix-en-Provence,%20Bouches-du-Rh%C3%B4ne,%20Provence-Alpes-C%C3%B4te%20d%27Azur,%20FRA&x=5.447381703606&y=43.529801070774&radius=30000"
3f3f624c-dd3d-47ef-9e98-20c52dee95cf,21200532,EAJE,,MIC-PAJE PRUMUEL,,0611785049,,severine.palombo@dreda.fr,606 Avenue Général de Gaulle 13109 SIMIANE COLLONGUE,SIMIANE COLLONGUE,10676,NR,,false,,AIX EN PROVENCE CRECHE,"https://monenfant.fr/que-recherchez-vous?structure=EAJE&location=Aix-en-Provence,%20Bouches-du-Rh%C3%B4ne,%20Provence-Alpes-C%C3%B4te%20d%27Azur,%20FRA&x=5.447381703606&y=43.529801070774&radius=30000"
ecb40fbe-202b-455a-a445-879ec746aa09,12739459,EAJE,,MAC LI ESQUIROU,http://www.cabries.fr,0442281259,,liesquirou@cabries.fr,286 Avenue Raymond Martin - Quartier lou pan perdu 13480 CABRIES,CABRIES,11249,NR,,false,,AIX EN PROVENCE CRECHE,"https://monenfant.fr/que-recherchez-vous?structure=EAJE&location=Aix-en-Provence,%20Bouches-du-Rh%C3%B4ne,%20Provence-Alpes-C%C3%B4te%20d%27Azur,%20FRA&x=5.447381703606&y=43.529801070774&radius=30000"
a7dededc-5b4c-4296-8a6a-86ae56cc3a73,12721820,EAJE,,MIC LA POULINIÈRE,https://famillesrurales.org/bouches-du-rhone,0442663359,,severine.sala@famillesrurales.org,7776 Chemin Départemental 60 A 13480 CABRIES,CABRIES,11249,NR,,false,,AIX EN PROVENCE CRECHE,"https://monenfant.fr/que-recherchez-vous?structure=EAJE&location=Aix-en-Provence,%20Bouches-du-Rh%C3%B4ne,%20Provence-Alpes-C%C3%B4te%20d%27Azur,%20FRA&x=5.447381703606&y=43.529801070774&radius=30000"
f160f6c3-afe1-4595-84b3-caa72afb317c,12519282,EAJE,,MAC LES FARFADETS VENTABREN,,0442287825,,crechedeventanren@gmail.com,36 Cours DES TREFLES BLANCS 13122 VENTABREN,VENTABREN,11498,NR,,false,,AIX EN PROVENCE CRECHE,"https://monenfant.fr/que-recherchez-vous?structure=EAJE&location=Aix-en-Provence,%20Bouches-du-Rh%C3%B4ne,%20Provence-Alpes-C%C3%B4te%20d%27Azur,%20FRA&x=5.447381703606&y=43.529801070774&radius=30000"
a6b1cef6-7b46-44e8-a6c2-0d5d73f0aa7b,12724667,EAJE,,MAC DE MIMET,,0442546975,,creche.mimet@ifac.asso.fr, Chemin Des Rigauds 13105 MIMET,MIMET,11819,NR,,false,,AIX EN PROVENCE CRECHE,"https://monenfant.fr/que-recherchez-vous?structure=EAJE&location=Aix-en-Provence,%20Bouches-du-Rh%C3%B4ne,%20Provence-Alpes-C%C3%B4te%20d%27Azur,%20FRA&x=5.447381703606&y=43.529801070774&radius=30000"
9f193889-5611-416b-9867-0dd76efe2a8e,12562712,EAJE,,CRECHE LI CABRI CHOU,http://www.cabries.fr,0442281258,,licabrichou@cabries.fr, Avenue Raymond Martin 13480 CABRIES,CABRIES,12050,NR,,false,,AIX EN PROVENCE CRECHE,"https://monenfant.fr/que-recherchez-vous?structure=EAJE&location=Aix-en-Provence,%20Bouches-du-Rh%C3%B4ne,%20Provence-Alpes-C%C3%B4te%20d%27Azur,%20FRA&x=5.447381703606&y=43.529801070774&radius=30000"
664fd5dc-f1b9-47e9-a963-2b73a495ed44,18408105,EAJE,,MIC-PAJE LES POULBOTS - VENTABREN,https://www.creche-lespoulbots.com,0442274338,,contact.v@creche-lespoulbots.com,24 Avenue Charles de Gaulle 13122 VENTABREN,VENTABREN,12261,NR,,false,,AIX EN PROVENCE CRECHE,"https://monenfant.fr/que-recherchez-vous?structure=EAJE&location=Aix-en-Provence,%20Bouches-du-Rh%C3%B4ne,%20Provence-Alpes-C%C3%B4te%20d%27Azur,%20FRA&x=5.447381703606&y=43.529801070774&radius=30000"
cc76bbf9-a7c2-43c3-9d0b-c629441a3858,18408732,EAJE,,MIC-PAJE DES RACINES ET DES AILES,,0442532640,,,10 Rue Sainte Rosalie - ZAC de la Barque 13710 FUVEAU,FUVEAU,12469,NR,,false,,AIX EN PROVENCE CRECHE,"https://monenfant.fr/que-recherchez-vous?structure=EAJE&location=Aix-en-Provence,%20Bouches-du-Rh%C3%B4ne,%20Provence-Alpes-C%C3%B4te%20d%27Azur,%20FRA&x=5.447381703606&y=43.529801070774&radius=30000"
fdf881c0-7463-44aa-9696-89059767c849,12562841,EAJE,,MAC LES MOUSSAILLONS FUVEAU,,0442656528,,macmoussaillons@orange.fr, Rue Frédéric Mistral 13710 FUVEAU,FUVEAU,12588,NR,,false,,AIX EN PROVENCE CRECHE,"https://monenfant.fr/que-recherchez-vous?structure=EAJE&location=Aix-en-Provence,%20Bouches-du-Rh%C3%B4ne,%20Provence-Alpes-C%C3%B4te%20d%27Azur,%20FRA&x=5.447381703606&y=43.529801070774&radius=30000"
84f24168-837c-4449-ba0b-85b06c3a9fa8,12559917,EAJE,,MIC LES PITCHOUNETS VAUVENARGUES,,0442660248,,,8 Boulevard du moraliste 13126 VAUVENARGUES,VAUVENARGUES,12651,NR,,false,,AIX EN PROVENCE CRECHE,"https://monenfant.fr/que-recherchez-vous?structure=EAJE&location=Aix-en-Provence,%20Bouches-du-Rh%C3%B4ne,%20Provence-Alpes-C%C3%B4te%20d%27Azur,%20FRA&x=5.447381703606&y=43.529801070774&radius=30000"
b85cb34e-f990-46dc-9a83-517f619045c3,12562884,EAJE,,MAC LEI PARPAIOUN FUVEAU,,0442587614,,macparpaioun@orange.fr, Avenue Santa Térésa Di Riva 13710 FUVEAU,FUVEAU,12684,NR,,false,,AIX EN PROVENCE CRECHE,"https://monenfant.fr/que-recherchez-vous?structure=EAJE&location=Aix-en-Provence,%20Bouches-du-Rh%C3%B4ne,%20Provence-Alpes-C%C3%B4te%20d%27Azur,%20FRA&x=5.447381703606&y=43.529801070774&radius=30000"
340b1abe-8b55-414f-861d-f91fa5e36747,18185884,EAJE,,MAC LA FARANDOLE MEYRARGUES,http://lamut.fr,0442634752,,lafarandole@lamut.fr, Chemin de la Plaine 13650 MEYRARGUES,MEYRARGUES,13147,NR,,false,,AIX EN PROVENCE CRECHE,"https://monenfant.fr/que-recherchez-vous?structure=EAJE&location=Aix-en-Provence,%20Bouches-du-Rh%C3%B4ne,%20Provence-Alpes-C%C3%B4te%20d%27Azur,%20FRA&x=5.447381703606&y=43.529801070774&radius=30000"
db680e6f-42f0-443e-8583-af430c2ff8b2,12577934,EAJE,,"CRECHE FAMILIALE ""LOU PITCHOUN LOÏC""",,0442698165,,crechegreasque@gmail.com, Chemin de Notre Dame des Mines 13850 GREASQUE,GREASQUE,13214,NR,,false,,AIX EN PROVENCE CRECHE,"https://monenfant.fr/que-recherchez-vous?structure=EAJE&location=Aix-en-Provence,%20Bouches-du-Rh%C3%B4ne,%20Provence-Alpes-C%C3%B4te%20d%27Azur,%20FRA&x=5.447381703606&y=43.529801070774&radius=30000"
bcc37320-9f9d-4705-9646-fd95d30fbfc1,18124210,EAJE,,MIC DE GRÉASQUE,,0442698165,,crechegreasque@gmail.com, Chemin de la chapelle 13850 GREASQUE,GREASQUE,13214,NR,,false,,AIX EN PROVENCE CRECHE,"https://monenfant.fr/que-recherchez-vous?structure=EAJE&location=Aix-en-Provence,%20Bouches-du-Rh%C3%B4ne,%20Provence-Alpes-C%C3%B4te%20d%27Azur,%20FRA&x=5.447381703606&y=43.529801070774&radius=30000"
a6d3c821-33d5-419a-a67f-72c931b329a8,62838579,EAJE,,LE JARDIN DES SENS,http://lamut.fr,0442380262,,lejardindessens@lamut.fr,25 Chemin de la Plaine 13650 MEYRARGUES,MEYRARGUES,13707,NR,,false,,AIX EN PROVENCE CRECHE,"https://monenfant.fr/que-recherchez-vous?structure=EAJE&location=Aix-en-Provence,%20Bouches-du-Rh%C3%B4ne,%20Provence-Alpes-C%C3%B4te%20d%27Azur,%20FRA&x=5.447381703606&y=43.529801070774&radius=30000"
355af75d-6e7f-4fcd-8d78-ea29a5901641,52227658,EAJE,,LES GRIOTTES DE LA PALMERAIE,https://people-and-baby.com/creche/les-griottes-de-la-palmerai/992368,0768842770,,creche.lesgriottesdelapalmeraie@people-and-baby.com,127 Chemin des Bouscauds 13480 CABRIES,CABRIES,14038,NR,,false,,AIX EN PROVENCE CRECHE,"https://monenfant.fr/que-recherchez-vous?structure=EAJE&location=Aix-en-Provence,%20Bouches-du-Rh%C3%B4ne,%20Provence-Alpes-C%C3%B4te%20d%27Azur,%20FRA&x=5.447381703606&y=43.529801070774&radius=30000"
4746571c-be67-48c2-bdd6-3b7d3ae0cf1f,12740018,EAJE,,MAC GRIOTTES DE LA PALMERAIE,,0963446340,,lesgriottes@people-and-baby.com,127 Chemin DES BOUSCAUDS 13480 CABRIES,CABRIES,14038,NR,,false,,AIX EN PROVENCE CRECHE,"https://monenfant.fr/que-recherchez-vous?structure=EAJE&location=Aix-en-Provence,%20Bouches-du-Rh%C3%B4ne,%20Provence-Alpes-C%C3%B4te%20d%27Azur,%20FRA&x=5.447381703606&y=43.529801070774&radius=30000"
78213df4-306a-4603-8d98-0052aaa1b454,18406195,EAJE,,MIC-PAJE LES COCOTIERS,https://www.people-and-baby.com/creche/les-cocotiers/992451,0963446340,,,127 Chemin des Bouscauds 13480 CABRIES,CABRIES,14038,NR,,false,,AIX EN PROVENCE CRECHE,"https://monenfant.fr/que-recherchez-vous?structure=EAJE&location=Aix-en-Provence,%20Bouches-du-Rh%C3%B4ne,%20Provence-Alpes-C%C3%B4te%20d%27Azur,%20FRA&x=5.447381703606&y=43.529801070774&radius=30000"
7bd300f7-1fe2-4645-8dc5-aecbefc2b863,12573204,EAJE,,MAC LA FARANDOLE SEPTEMES LES VALLONS,,0491960574,,laetitiacallado@ville-septemes.fr,8 Avenue Nelson Mandella 13240 SEPTEMES LES VALLONS,SEPTEMES LES VALLONS,14608,NR,,false,,AIX EN PROVENCE CRECHE,"https://monenfant.fr/que-recherchez-vous?structure=EAJE&location=Aix-en-Provence,%20Bouches-du-Rh%C3%B4ne,%20Provence-Alpes-C%C3%B4te%20d%27Azur,%20FRA&x=5.447381703606&y=43.529801070774&radius=30000"
976083fa-61ee-4520-88c5-2ddfcc58a28b,12739717,EAJE,,MAC LOU CANNAT'IOU,http://www.loucannatiou.fr,0442573318,,direction.enfantsetloisirs@orange.fr, Route de Rognes 13760 ST CANNAT,ST CANNAT,14675,NR,,false,,AIX EN PROVENCE CRECHE,"https://monenfant.fr/que-recherchez-vous?structure=EAJE&location=Aix-en-Provence,%20Bouches-du-Rh%C3%B4ne,%20Provence-Alpes-C%C3%B4te%20d%27Azur,%20FRA&x=5.447381703606&y=43.529801070774&radius=30000"
d4359e27-2fed-42b0-ba75-9ecffda49c76,12864683,EAJE,,MIC-PAJE LES MALICIEUX DE PLAN DE CAMPAGNE,http://www.crechesetmalices.com,0442951751,,,1948 Chemin de bellepierre 13170 LES PENNES MIRABEAU,LES PENNES MIRABEAU,14843,NR,,false,,AIX EN PROVENCE CRECHE,"https://monenfant.fr/que-recherchez-vous?structure=EAJE&location=Aix-en-Provence,%20Bouches-du-Rh%C3%B4ne,%20Provence-Alpes-C%C3%B4te%20d%27Azur,%20FRA&x=5.447381703606&y=43.529801070774&radius=30000"
a446c4ee-597e-41c8-a080-7bcfec031b5d,12698342,EAJE,,MAC TRAMPOLINE,,0442532755,,, Montée DE LA TARTANE 13790 ROUSSET,ROUSSET,15119,NR,,false,,AIX EN PROVENCE CRECHE,"https://monenfant.fr/que-recherchez-vous?structure=EAJE&location=Aix-en-Provence,%20Bouches-du-Rh%C3%B4ne,%20Provence-Alpes-C%C3%B4te%20d%27Azur,%20FRA&x=5.447381703606&y=43.529801070774&radius=30000"
2795cbd5-95d5-4eaa-a753-896bccdce452,12864124,EAJE,,MAC LA FARANDOLE LE PUY STE REPARADE,https://www.mac-lafarandole.fr/,0442619063,,contact@lafarandoledupuy.fr, Avenue 2457 bd de la Coopérative 13610 LE PUY STE REPARADE,LE PUY STE REPARADE,15206,NR,,false,,AIX EN PROVENCE CRECHE,"https://monenfant.fr/que-recherchez-vous?structure=EAJE&location=Aix-en-Provence,%20Bouches-du-Rh%C3%B4ne,%20Provence-Alpes-C%C3%B4te%20d%27Azur,%20FRA&x=5.447381703606&y=43.529801070774&radius=30000"
0cde05fd-9f4f-499f-bd62-51bd1cd6b752,12506124,EAJE,,MAC LES FRIMOUSSES ROUSSET,,0442533863,,, Chemin Tuilière 13790 ROUSSET,ROUSSET,15284,NR,,false,,AIX EN PROVENCE CRECHE,"https://monenfant.fr/que-recherchez-vous?structure=EAJE&location=Aix-en-Provence,%20Bouches-du-Rh%C3%B4ne,%20Provence-Alpes-C%C3%B4te%20d%27Azur,%20FRA&x=5.447381703606&y=43.529801070774&radius=30000"
6ac9168b-5e67-413c-9906-da73da5f53d9,12740663,EAJE,,MAC LA BRESSARELLE VELAUX,http://lamut.fr,0442748101,,labressarelle@lamut.fr,185 Avenue De la République 13880 VELAUX,VELAUX,15608,NR,,false,,AIX EN PROVENCE CRECHE,"https://monenfant.fr/que-recherchez-vous?structure=EAJE&location=Aix-en-Provence,%20Bouches-du-Rh%C3%B4ne,%20Provence-Alpes-C%C3%B4te%20d%27Azur,%20FRA&x=5.447381703606&y=43.529801070774&radius=30000"
3e53b813-5112-4b67-9f4b-7d51b0e90bfa,12739674,EAJE,,MIC ST CANNAT,http://www.loucannatiou.fr,0442571847,,direction.enfantsetloisirs@orange.fr,34 Avenue Paul Lafargue - Residence ELEA 13760 ST CANNAT,ST CANNAT,15747,NR,,false,,AIX EN PROVENCE CRECHE,"https://monenfant.fr/que-recherchez-vous?structure=EAJE&location=Aix-en-Provence,%20Bouches-du-Rh%C3%B4ne,%20Provence-Alpes-C%C3%B4te%20d%27Azur,%20FRA&x=5.447381703606&y=43.529801070774&radius=30000"
8e15724e-5c11-46a2-a77b-7f4628a6c7ef,12573247,EAJE,,MACF LA RONDE DES PITCHOUNS,,0491963211,,isabelleblache@ville-septemes.fr, Chemin des castors isabella 13240 SEPTEMES LES VALLONS,SEPTEMES LES VALLONS,15865,NR,,false,,AIX EN PROVENCE CRECHE,"https://monenfant.fr/que-recherchez-vous?structure=EAJE&location=Aix-en-Provence,%20Bouches-du-Rh%C3%B4ne,%20Provence-Alpes-C%C3%B4te%20d%27Azur,%20FRA&x=5.447381703606&y=43.529801070774&radius=30000"
ebd8851a-f684-48e7-9ba7-43a6d62ac9e3,62838739,EAJE,,MAC LA POUCINADE,,0442347079,,lapoucinade@lamut.fr, Parc des 4 Tours 13880 VELAUX,VELAUX,15877,NR,,false,,AIX EN PROVENCE CRECHE,"https://monenfant.fr/que-recherchez-vous?structure=EAJE&location=Aix-en-Provence,%20Bouches-du-Rh%C3%B4ne,%20Provence-Alpes-C%C3%B4te%20d%27Azur,%20FRA&x=5.447381703606&y=43.529801070774&radius=30000"
36d2d230-2ba1-4c4b-9820-b73df3a2457a,12719971,EAJE,,MAC LES LAPINOUS,http://lamut.fr,0442269241,,leslapinous@lamut.fr,2 TER Rue Jean Giono 13111 COUDOUX,COUDOUX,16092,NR,,false,,AIX EN PROVENCE CRECHE,"https://monenfant.fr/que-recherchez-vous?structure=EAJE&location=Aix-en-Provence,%20Bouches-du-Rh%C3%B4ne,%20Provence-Alpes-C%C3%B4te%20d%27Azur,%20FRA&x=5.447381703606&y=43.529801070774&radius=30000"
0235997d-8e8d-4ffe-95c1-140a0dd3fe82,18411040,EAJE,,MIC-PAJE ABRICOTS ET COQUELICOTS,https://www.reseauvictoliane.fr/,0442349134,,inscriptionvictoliane@gmail.com,285 Avenue de Plan de Campagne 13170 LES PENNES MIRABEAU,LES PENNES MIRABEAU,16367,NR,,false,,AIX EN PROVENCE CRECHE,"https://monenfant.fr/que-recherchez-vous?structure=EAJE&location=Aix-en-Provence,%20Bouches-du-Rh%C3%B4ne,%20Provence-Alpes-C%C3%B4te%20d%27Azur,%20FRA&x=5.447381703606&y=43.529801070774&radius=30000"
e6a586ec-7d47-417a-80d9-440c6216b300,12863350,EAJE,,FRANCOISE DOLTO,http://www.lamut.fr,0442964215,,fdolto@lamut.fr, Rue Aimé Bernard 13860 PEYROLLES EN PROVENCE,PEYROLLES EN PROVENCE,16466,NR,,false,,AIX EN PROVENCE CRECHE,"https://monenfant.fr/que-recherchez-vous?structure=EAJE&location=Aix-en-Provence,%20Bouches-du-Rh%C3%B4ne,%20Provence-Alpes-C%C3%B4te%20d%27Azur,%20FRA&x=5.447381703606&y=43.529801070774&radius=30000"
f7aa09c4-89a7-49af-b0f0-b2a4fa67a1e1,12719928,EAJE,,MAC LES OLIVETTES,http://lamut.fr,0442520795,,lesolivettes@lamut.fr,16 BIS Rue Jules Verne 13111 COUDOUX,COUDOUX,16469,NR,,false,,AIX EN PROVENCE CRECHE,"https://monenfant.fr/que-recherchez-vous?structure=EAJE&location=Aix-en-Provence,%20Bouches-du-Rh%C3%B4ne,%20Provence-Alpes-C%C3%B4te%20d%27Azur,%20FRA&x=5.447381703606&y=43.529801070774&radius=30000"
e498082e-7de3-4228-b19d-47ef9c216b06,12578450,EAJE,,MAC LA GAVOTTE LPM,http://www.pennesmirabeau.org,0491513700,,creche-gavotte@vlpm.com, Chemin de Val Sec - CAMPAGNE REGGIO 13170 LES PENNES MIRABEAU,LES PENNES MIRABEAU,16810,NR,,false,,AIX EN PROVENCE CRECHE,"https://monenfant.fr/que-recherchez-vous?structure=EAJE&location=Aix-en-Provence,%20Bouches-du-Rh%C3%B4ne,%20Provence-Alpes-C%C3%B4te%20d%27Azur,%20FRA&x=5.447381703606&y=43.529801070774&radius=30000"
03cdee1f-a083-4e5f-9c7e-40393476d5dc,18093244,EAJE,,IRMA RAPUZZI,,0442037146,,irmarapuzzi@lamut.fr,18 B Place de la mairie 13950 CADOLIVE,CADOLIVE,16816,NR,,false,,AIX EN PROVENCE CRECHE,"https://monenfant.fr/que-recherchez-vous?structure=EAJE&location=Aix-en-Provence,%20Bouches-du-Rh%C3%B4ne,%20Provence-Alpes-C%C3%B4te%20d%27Azur,%20FRA&x=5.447381703606&y=43.529801070774&radius=30000"
e2b6f530-83b8-4426-b989-32bc41f8ed71,12536396,EAJE,,MAC BEBE CALIN,http://www.crechesbb.fr,0442502128,,bebecalin.bb@orange.fr, Quartier Saint Denis - Allée des Pins 13840 ROGNES,ROGNES,16817,NR,,false,,AIX EN PROVENCE CRECHE,"https://monenfant.fr/que-recherchez-vous?structure=EAJE&location=Aix-en-Provence,%20Bouches-du-Rh%C3%B4ne,%20Provence-Alpes-C%C3%B4te%20d%27Azur,%20FRA&x=5.447381703606&y=43.529801070774&radius=30000"
2eb00f78-8b24-4eec-82b2-489d6b21fce8,12578708,EAJE,,MAC LA RENARDIERE,http://www.pennesmirabeau.org,0442025362,,creche-renardiere@vlpm.com, Chemin de la Renardière 13170 LES PENNES MIRABEAU,LES PENNES MIRABEAU,17172,NR,,false,,AIX EN PROVENCE CRECHE,"https://monenfant.fr/que-recherchez-vous?structure=EAJE&location=Aix-en-Provence,%20Bouches-du-Rh%C3%B4ne,%20Provence-Alpes-C%C3%B4te%20d%27Azur,%20FRA&x=5.447381703606&y=43.529801070774&radius=30000"
73b73ad7-5efb-499c-82c2-5a262bc73700,40728911,EAJE,,MAC GRENADINE - EX TIFRIOUL,https://laligue13.fr/,0491770922,,mac.grenadine@laligue13.fr,38 Chemin de la bigotte 13015 MARSEILLE,MARSEILLE,17195,NR,,true,,AIX EN PROVENCE CRECHE,"https://monenfant.fr/que-recherchez-vous?structure=EAJE&location=Aix-en-Provence,%20Bouches-du-Rh%C3%B4ne,%20Provence-Alpes-C%C3%B4te%20d%27Azur,%20FRA&x=5.447381703606&y=43.529801070774&radius=30000"
e8239c14-446f-4551-81c5-38eeccd68a09,18178844,EAJE,,MAC LA SOLIDARITE,https://laligue13.fr/,0952759215,,karima.yahi@laligue13.fr,38 Chemin de la Bigotte 13015 MARSEILLE,MARSEILLE,17195,NR,,true,,AIX EN PROVENCE CRECHE,"https://monenfant.fr/que-recherchez-vous?structure=EAJE&location=Aix-en-Provence,%20Bouches-du-Rh%C3%B4ne,%20Provence-Alpes-C%C3%B4te%20d%27Azur,%20FRA&x=5.447381703606&y=43.529801070774&radius=30000"
617c60eb-0523-4154-b010-5d5f56dea3f1,12739545,EAJE,,MACF LE PETIT PRINCE ROGNAC,,0442871651,,,44 Impasse Paul Cézanne 7 13340 ROGNAC,ROGNAC,17407,NR,,false,,AIX EN PROVENCE CRECHE,"https://monenfant.fr/que-recherchez-vous?structure=EAJE&location=Aix-en-Provence,%20Bouches-du-Rh%C3%B4ne,%20Provence-Alpes-C%C3%B4te%20d%27Azur,%20FRA&x=5.447381703606&y=43.529801070774&radius=30000"
85510571-197d-4102-88a2-f8d0cbad6c64,62821111,EAJE,,LES CHOUPIDOUX,https://www.leschoupidoux.com/,0688298357,,leschoupidoux@yahoo.com,13 Rue NATIONALE AUBERGE NEUVE 13124 PEYPIN,PEYPIN,17455,NR,,false,,AIX EN PROVENCE CRECHE,"https://monenfant.fr/que-recherchez-vous?structure=EAJE&location=Aix-en-Provence,%20Bouches-du-Rh%C3%B4ne,%20Provence-Alpes-C%C3%B4te%20d%27Azur,%20FRA&x=5.447381703606&y=43.529801070774&radius=30000"
7a8e94f7-9693-4ad4-ae76-5290ea6d4bc2,12868295,EAJE,,MAC LPCR VITROLLES,http://www.lpcr.fr,0437464531,,vitrolles@lpcr.fr,1003 Route de la SEDS 13127 VITROLLES,VITROLLES,17508,NR,,false,,AIX EN PROVENCE CRECHE,"https://monenfant.fr/que-recherchez-vous?structure=EAJE&location=Aix-en-Provence,%20Bouches-du-Rh%C3%B4ne,%20Provence-Alpes-C%C3%B4te%20d%27Azur,%20FRA&x=5.447381703606&y=43.529801070774&radius=30000"
69f31b52-3bc8-4c6a-8d79-50d227601b52,12548823,EAJE,,MAC DE PEYNIER LES PIGNONS,,0442530608,,mireille.daffos@ville-peynier.fr, Avenue Saint-Victor. Quartier l'Audiguier 13790 PEYNIER,PEYNIER,17538,NR,,false,,AIX EN PROVENCE CRECHE,"https://monenfant.fr/que-recherchez-vous?structure=EAJE&location=Aix-en-Provence,%20Bouches-du-Rh%C3%B4ne,%20Provence-Alpes-C%C3%B4te%20d%27Azur,%20FRA&x=5.447381703606&y=43.529801070774&radius=30000"
eed9f52b-bc57-4d58-a0c5-ced985a71d47,12532698,EAJE,,MAC HOPITAL NORD,,0491968095,,, Chemin des Bourrelys 13015 MARSEILLE,MARSEILLE,17584,NR,,false,,AIX EN PROVENCE CRECHE,"https://monenfant.fr/que-recherchez-vous?structure=EAJE&location=Aix-en-Provence,%20Bouches-du-Rh%C3%B4ne,%20Provence-Alpes-C%C3%B4te%20d%27Azur,%20FRA&x=5.447381703606&y=43.529801070774&radius=30000"
060e1928-ad70-4ea5-867b-316ae33508d4,12578622,EAJE,,MAC LES BOUROUMETTES,http://www.pennesmirabeau.org,0491657674,,creche-bouroumettes@vlpm.com, Chemin de PierreFeu 13170 LES PENNES MIRABEAU,LES PENNES MIRABEAU,17592,NR,,false,,AIX EN PROVENCE CRECHE,"https://monenfant.fr/que-recherchez-vous?structure=EAJE&location=Aix-en-Provence,%20Bouches-du-Rh%C3%B4ne,%20Provence-Alpes-C%C3%B4te%20d%27Azur,%20FRA&x=5.447381703606&y=43.529801070774&radius=30000"
e015c4cd-6e94-4d5c-b1ad-ce5265e669ff,21198366,EAJE,,MIC-PAJE LES MALICIEUX DU PUITS PEYPIN,https://www.grandir.com/fr/nurseries/nursery/408,0486257151,,peypin.puits@lpcr.fr, Chemin du Puits Armand 13124 PEYPIN,PEYPIN,17672,NR,,false,,AIX EN PROVENCE CRECHE,"https://monenfant.fr/que-recherchez-vous?structure=EAJE&location=Aix-en-Provence,%20Bouches-du-Rh%C3%B4ne,%20Provence-Alpes-C%C3%B4te%20d%27Azur,%20FRA&x=5.447381703606&y=43.529801070774&radius=30000"
2494d42a-9e64-41c1-87ed-49d929f871af,18078416,EAJE,,MAC LES PETITS ROBINSONS,,0442776396,,creche.petitsrobinsons@ville-vitrolles13.fr,2 Allée de la Pinède 13127 VITROLLES,VITROLLES,17711,NR,,false,,AIX EN PROVENCE CRECHE,"https://monenfant.fr/que-recherchez-vous?structure=EAJE&location=Aix-en-Provence,%20Bouches-du-Rh%C3%B4ne,%20Provence-Alpes-C%C3%B4te%20d%27Azur,%20FRA&x=5.447381703606&y=43.529801070774&radius=30000"
d85298ec-fc8c-49d0-8bff-770e66af9a4e,18073861,EAJE,,MAC LE MOULIN DE LA FRESCOULE,,0442797222,,creche.frescoule@ville-vitrolles13.fr, Avenue de Lattre de Tassigny 13127 VITROLLES,VITROLLES,17752,NR,,false,,AIX EN PROVENCE CRECHE,"https://monenfant.fr/que-recherchez-vous?structure=EAJE&location=Aix-en-Provence,%20Bouches-du-Rh%C3%B4ne,%20Provence-Alpes-C%C3%B4te%20d%27Azur,%20FRA&x=5.447381703606&y=43.529801070774&radius=30000"
9587871a-0e15-4dc5-bd9d-cb3729e185ca,12740061,EAJE,,MAC CH EDOUARD TOULOUSE,,0491969876,,contact@ch-edouard-toulouse.fr,118 Chemin de Mimet 13015 MARSEILLE,MARSEILLE,18068,NR,,false,,AIX EN PROVENCE CRECHE,"https://monenfant.fr/que-recherchez-vous?structure=EAJE&location=Aix-en-Provence,%20Bouches-du-Rh%C3%B4ne,%20Provence-Alpes-C%C3%B4te%20d%27Azur,%20FRA&x=5.447381703606&y=43.529801070774&radius=30000"
6c93b763-5608-4e03-a54a-af29f9e0f140,18178888,EAJE,,MIC LA MAISON DES ENFANTS,,0491928165,,,39 Traverse de la batterie 13015 MARSEILLE,MARSEILLE,18184,NR,,false,,AIX EN PROVENCE CRECHE,"https://monenfant.fr/que-recherchez-vous?structure=EAJE&location=Aix-en-Provence,%20Bouches-du-Rh%C3%B4ne,%20Provence-Alpes-C%C3%B4te%20d%27Azur,%20FRA&x=5.447381703606&y=43.529801070774&radius=30000"
58b313bc-be6c-4bdd-8ac6-9e3816c2a213,21201878,EAJE,,MIC-PAJE BO PAPILLON,http://pure-baby.fr/,0666633330,,contact@pure-baby.fr,201 Route de la Seds 13127 VITROLLES,VITROLLES,18186,NR,,false,,AIX EN PROVENCE CRECHE,"https://monenfant.fr/que-recherchez-vous?structure=EAJE&location=Aix-en-Provence,%20Bouches-du-Rh%C3%B4ne,%20Provence-Alpes-C%C3%B4te%20d%27Azur,%20FRA&x=5.447381703606&y=43.529801070774&radius=30000"
52a132ec-6cac-428e-81e6-2fe3d06c4a3e,18073957,EAJE,,MAC LOU PITCHOUN VITROLLES,,0442779577,,creche.pitchoun@ville-vitrolles13.fr, Avenue du 8 Mai 1945 13127 VITROLLES,VITROLLES,18204,NR,,false,,AIX EN PROVENCE CRECHE,"https://monenfant.fr/que-recherchez-vous?structure=EAJE&location=Aix-en-Provence,%20Bouches-du-Rh%C3%B4ne,%20Provence-Alpes-C%C3%B4te%20d%27Azur,%20FRA&x=5.447381703606&y=43.529801070774&radius=30000"
008e15d5-7a5e-440f-9969-f88602f32730,12720788,EAJE,,MAC LA POMME DE PIN,,0442663177,,lapommedepin@wanadoo.fr, Chemin des Vertus 13114 PUYLOUBIER,PUYLOUBIER,18246,NR,,false,,AIX EN PROVENCE CRECHE,"https://monenfant.fr/que-recherchez-vous?structure=EAJE&location=Aix-en-Provence,%20Bouches-du-Rh%C3%B4ne,%20Provence-Alpes-C%C3%B4te%20d%27Azur,%20FRA&x=5.447381703606&y=43.529801070774&radius=30000"
4657e227-ceec-4c3c-8db4-43e42b472ff3,18073632,EAJE,,MAC AUGUSTE RENOIR,,0442779482,,creche.renoir@ville-vitrolles13.fr, Quartier Des Plantiers 13127 VITROLLES,VITROLLES,18393,NR,,false,,AIX EN PROVENCE CRECHE,"https://monenfant.fr/que-recherchez-vous?structure=EAJE&location=Aix-en-Provence,%20Bouches-du-Rh%C3%B4ne,%20Provence-Alpes-C%C3%B4te%20d%27Azur,%20FRA&x=5.447381703606&y=43.529801070774&radius=30000"
7a25b126-092f-452b-b61e-5b510f4cef4c,12555746,EAJE,,"HALTE GARDERIE ""A PETITS PAS""",http://ville-pertuis.fr,0490790874,,haltegarderie-mairie-pertuis@orange.fr,186 Rue de Croze 84120 PERTUIS,PERTUIS,18590,NR,,false,,AIX EN PROVENCE CRECHE,"https://monenfant.fr/que-recherchez-vous?structure=EAJE&location=Aix-en-Provence,%20Bouches-du-Rh%C3%B4ne,%20Provence-Alpes-C%C3%B4te%20d%27Azur,%20FRA&x=5.447381703606&y=43.529801070774&radius=30000"
0794f7ef-e15b-48f2-bfc6-b13302adebae,12547662,EAJE,,MAC LA MARTINE,,0491655903,,cslamartine@wanadoo.fr, Boulevard du Bosphore 13015 MARSEILLE,MARSEILLE,18622,NR,,false,,AIX EN PROVENCE CRECHE,"https://monenfant.fr/que-recherchez-vous?structure=EAJE&location=Aix-en-Provence,%20Bouches-du-Rh%C3%B4ne,%20Provence-Alpes-C%C3%B4te%20d%27Azur,%20FRA&x=5.447381703606&y=43.529801070774&radius=30000"
8fb81b47-bf18-4d39-9bfc-0394fd9f9adf,18073736,EAJE,,MAC LA PLAINE,,0442779480,,creche.laplaine@ville-vitrolles13.fr,46 Avenue Jean Moulin 13127 VITROLLES,VITROLLES,18663,NR,,false,,AIX EN PROVENCE CRECHE,"https://monenfant.fr/que-recherchez-vous?structure=EAJE&location=Aix-en-Provence,%20Bouches-du-Rh%C3%B4ne,%20Provence-Alpes-C%C3%B4te%20d%27Azur,%20FRA&x=5.447381703606&y=43.529801070774&radius=30000"
e90b9891-4683-41a0-88f1-c955b3b80745,18073329,EAJE,,MAF LE NID,https://www.vitrolles13.fr/grandir/petite-enfance/les-creches-municipales/,0442779481,,lenid.creche@ville-vitrolles13.fr,46 bis Avenue Jean Moulin 13127 VITROLLES,VITROLLES,18663,NR,,false,,AIX EN PROVENCE CRECHE,"https://monenfant.fr/que-recherchez-vous?structure=EAJE&location=Aix-en-Provence,%20Bouches-du-Rh%C3%B4ne,%20Provence-Alpes-C%C3%B4te%20d%27Azur,%20FRA&x=5.447381703606&y=43.529801070774&radius=30000"
b23a8ba2-8b23-4b61-baa7-4d5585daad92,12863995,EAJE,,MAC LA PETITE FARANDOLE LES PENNES MIRABEAU,http://www.pennesmirabeau.org,0491655083,,haltegarderie@vlpm.com, Chemin de Val Sec 13170 LES PENNES MIRABEAU,LES PENNES MIRABEAU,18694,NR,,false,,AIX EN PROVENCE CRECHE,"https://monenfant.fr/que-recherchez-vous?structure=EAJE&location=Aix-en-Provence,%20Bouches-du-Rh%C3%B4ne,%20Provence-Alpes-C%C3%B4te%20d%27Azur,%20FRA&x=5.447381703606&y=43.529801070774&radius=30000"
7e6f4597-1fa5-4806-b309-8d2bc6a3ee0d,12703717,EAJE,,MIC BULLE D AZUR,,0491699663,,asso.microbulles@gmail.com, Chemin Des Boeufs 13170 LES PENNES MIRABEAU,LES PENNES MIRABEAU,18778,NR,,false,,AIX EN PROVENCE CRECHE,"https://monenfant.fr/que-recherchez-vous?structure=EAJE&location=Aix-en-Provence,%20Bouches-du-Rh%C3%B4ne,%20Provence-Alpes-C%C3%B4te%20d%27Azur,%20FRA&x=5.447381703606&y=43.529801070774&radius=30000"
84102c76-8813-413d-a4a2-b362c8e1e10f,12711156,EAJE,,"MULTI-ACCUEIL ""OPTIMON""",,0490097363,,optimom@club-internet.fr, Quartier Saint Clair - Route de la Bastidonne 84120 PERTUIS,PERTUIS,18858,NR,,false,,AIX EN PROVENCE CRECHE,"https://monenfant.fr/que-recherchez-vous?structure=EAJE&location=Aix-en-Provence,%20Bouches-du-Rh%C3%B4ne,%20Provence-Alpes-C%C3%B4te%20d%27Azur,%20FRA&x=5.447381703606&y=43.529801070774&radius=30000"
8d7a2ecb-b7d2-4cb0-8b56-7ec5f46a106c,21178532,EAJE,,MIC-PAJE POUPICHOU,http://pure-baby.fr/,0952536969,,contact@pure-baby.fr,17 Boulevard De la Tête Noire 13340 ROGNAC,ROGNAC,18916,NR,,false,,AIX EN PROVENCE CRECHE,"https://monenfant.fr/que-recherchez-vous?structure=EAJE&location=Aix-en-Provence,%20Bouches-du-Rh%C3%B4ne,%20Provence-Alpes-C%C3%B4te%20d%27Azur,%20FRA&x=5.447381703606&y=43.529801070774&radius=30000"
67b1e2ab-dabf-4154-86ec-96cc59ce0cfc,12547146,EAJE,,MAC SAVINE,,0491655428,,,99 Boulevard La Savine 13015 MARSEILLE,MARSEILLE,19013,NR,,false,,AIX EN PROVENCE CRECHE,"https://monenfant.fr/que-recherchez-vous?structure=EAJE&location=Aix-en-Provence,%20Bouches-du-Rh%C3%B4ne,%20Provence-Alpes-C%C3%B4te%20d%27Azur,%20FRA&x=5.447381703606&y=43.529801070774&radius=30000"
da5fcec0-c2d1-4ff0-a865-60a52f1769a6,12551919,EAJE,,"MULTI-ACCUEIL ""A PETITS PAS"" (CRÈCHE COLLECTIVE)",http://ville-pertuis.fr,0490085410,,mpe@mairie-pertuis.fr, Rue du Chanoine Trouillet 84120 PERTUIS,PERTUIS,19208,NR,,false,,AIX EN PROVENCE CRECHE,"https://monenfant.fr/que-recherchez-vous?structure=EAJE&location=Aix-en-Provence,%20Bouches-du-Rh%C3%B4ne,%20Provence-Alpes-C%C3%B4te%20d%27Azur,%20FRA&x=5.447381703606&y=43.529801070774&radius=30000"
29452d52-a91c-4e90-83f3-45f507d77bac,18186728,EAJE,,MAC DE PEYPIN LEI CIGALOUNS,,0442324041,,cmapeypin@yahoo.fr, Rue Auberge neuve. Campagne Bedelin 13124 PEYPIN,PEYPIN,19300,NR,,false,,AIX EN PROVENCE CRECHE,"https://monenfant.fr/que-recherchez-vous?structure=EAJE&location=Aix-en-Provence,%20Bouches-du-Rh%C3%B4ne,%20Provence-Alpes-C%C3%B4te%20d%27Azur,%20FRA&x=5.447381703606&y=43.529801070774&radius=30000"
01b905bc-051c-4da9-b2a9-2c2dc2dbfb40,12542115,EAJE,,MAC PLAN D'AOU,,0491515483,,,27 Boulevard Commandant Robert Thollon 13015 MARSEILLE,MARSEILLE,19324,NR,,false,,AIX EN PROVENCE CRECHE,"https://monenfant.fr/que-recherchez-vous?structure=EAJE&location=Aix-en-Provence,%20Bouches-du-Rh%C3%B4ne,%20Provence-Alpes-C%C3%B4te%20d%27Azur,%20FRA&x=5.447381703606&y=43.529801070774&radius=30000"
236043e7-701c-4cc0-9fde-e23ff3cacf18,12555660,EAJE,,"MULTI-ACCUEIL ""LES MISTIGRIS""",,0490796742,,elisabeth.diamante@hotmail.fr,101 Chemin des Prés 84120 PERTUIS,PERTUIS,19339,NR,,false,,AIX EN PROVENCE CRECHE,"https://monenfant.fr/que-recherchez-vous?structure=EAJE&location=Aix-en-Provence,%20Bouches-du-Rh%C3%B4ne,%20Provence-Alpes-C%C3%B4te%20d%27Azur,%20FRA&x=5.447381703606&y=43.529801070774&radius=30000"
409459f2-b7b8-4c39-96d1-eec8eb050622,18126671,EAJE,,MAC MAISON DE LA PETITE ENFANCE,,0442629252,,creche.labouilladisse@wanadoo.fr,2 Bis Avenue de la gare 13720 LA BOUILLADISSE,LA BOUILLADISSE,19370,NR,,false,,AIX EN PROVENCE CRECHE,"https://monenfant.fr/que-recherchez-vous?structure=EAJE&location=Aix-en-Provence,%20Bouches-du-Rh%C3%B4ne,%20Provence-Alpes-C%C3%B4te%20d%27Azur,%20FRA&x=5.447381703606&y=43.529801070774&radius=30000"
f56dee38-377a-4404-b1a7-45d8057a6dd0,67041522,EAJE,,LES PETITS SAPTIONAUTES VIDARES,http://www.lps-microcreches.fr,0981969935,,direction@lps-microcreches.fr,55 Avenue Louis Pasteur 13380 PLAN DE CUQUES,PLAN DE CUQUES,19437,NR,,false,,AIX EN PROVENCE CRECHE,"https://monenfant.fr/que-recherchez-vous?structure=EAJE&location=Aix-en-Provence,%20Bouches-du-Rh%C3%B4ne,%20Provence-Alpes-C%C3%B4te%20d%27Azur,%20FRA&x=5.447381703606&y=43.529801070774&radius=30000"
a3897943-4340-41ea-921e-4234e4a17ccd,12719713,EAJE,,MAC LOU PITCHOUN,http://lamut.fr,0442637214,,loupitchoun@lamut.fr, Route De Bèdes  Les Platanettes 13490 JOUQUES,JOUQUES,19518,NR,,false,,AIX EN PROVENCE CRECHE,"https://monenfant.fr/que-recherchez-vous?structure=EAJE&location=Aix-en-Provence,%20Bouches-du-Rh%C3%B4ne,%20Provence-Alpes-C%C3%B4te%20d%27Azur,%20FRA&x=5.447381703606&y=43.529801070774&radius=30000"
16d94eec-0a15-419c-993c-4b72ade5227e,18178594,EAJE,,MAC LES CIGALONS,http://www.maisondelafamille.net,0491509669,,crechelescigalons@maisondelafamille.net,26 Chemin des mourets 13013 MARSEILLE,MARSEILLE,19596,NR,,false,,AIX EN PROVENCE CRECHE,"https://monenfant.fr/que-recherchez-vous?structure=EAJE&location=Aix-en-Provence,%20Bouches-du-Rh%C3%B4ne,%20Provence-Alpes-C%C3%B4te%20d%27Azur,%20FRA&x=5.447381703606&y=43.529801070774&radius=30000"
f2c67d5c-0009-4b16-8885-e4e62d1f227e,12548221,EAJE,,MAC LOGIS NEUF,,0486674660,,creche@allauch.com,321 Avenue Salvador Allende 13190 ALLAUCH,ALLAUCH,19702,NR,,false,,AIX EN PROVENCE CRECHE,"https://monenfant.fr/que-recherchez-vous?structure=EAJE&location=Aix-en-Provence,%20Bouches-du-Rh%C3%B4ne,%20Provence-Alpes-C%C3%B4te%20d%27Azur,%20FRA&x=5.447381703606&y=43.529801070774&radius=30000"
67640d4b-c301-4377-88b9-35d5f19b41b0,12760142,EAJE,,MULTI-ACCUEIL ''PREMIERS PAS'',http://www.cotelub.fr,0954967830,,premierspas@cotelub-spl.fr, NR Esplanade du general de Gaulle 84530 VILLELAURE,VILLELAURE,19780,NR,,false,,AIX EN PROVENCE CRECHE,"https://monenfant.fr/que-recherchez-vous?structure=EAJE&location=Aix-en-Provence,%20Bouches-du-Rh%C3%B4ne,%20Provence-Alpes-C%C3%B4te%20d%27Azur,%20FRA&x=5.447381703606&y=43.529801070774&radius=30000"
aeb3982b-7dfe-49d7-8335-6f691b6088e7,12740620,EAJE,,MAC LE NID,http://www.lambesc.fr,0442669705,,lambesc2@creche-la-maison-bleue.fr,12 & 14 Avenue des Quatre Termes 13410 LAMBESC,LAMBESC,19842,NR,,false,,AIX EN PROVENCE CRECHE,"https://monenfant.fr/que-recherchez-vous?structure=EAJE&location=Aix-en-Provence,%20Bouches-du-Rh%C3%B4ne,%20Provence-Alpes-C%C3%B4te%20d%27Azur,%20FRA&x=5.447381703606&y=43.529801070774&radius=30000"
b41b1732-014f-43d8-8685-9c12da834146,12531193,EAJE,,A.A PADOVANI,https://www.crechesdusud.fr/creches/alphonse-aime-padovani/,0491983076,,marseille13@creches-du-sud.fr,1 Chemin des Grives 13013 MARSEILLE,MARSEILLE,19932,NR,,false,,AIX EN PROVENCE CRECHE,"https://monenfant.fr/que-recherchez-vous?structure=EAJE&location=Aix-en-Provence,%20Bouches-du-Rh%C3%B4ne,%20Provence-Alpes-C%C3%B4te%20d%27Azur,%20FRA&x=5.447381703606&y=43.529801070774&radius=30000"
aab9cd6a-c123-425a-b816-e9e6281f8ef3,12541943,EAJE,,MAC LES OLIVES,,0491660267,,,4 Place Léon Foenquinos 13013 MARSEILLE,MARSEILLE,20009,NR,,false,,AIX EN PROVENCE CRECHE,"https://monenfant.fr/que-recherchez-vous?structure=EAJE&location=Aix-en-Provence,%20Bouches-du-Rh%C3%B4ne,%20Provence-Alpes-C%C3%B4te%20d%27Azur,%20FRA&x=5.447381703606&y=43.529801070774&radius=30000"
986cae38-ecd7-4176-97aa-b44cc4914749,12519325,EAJE,,MAC LES TOUCHATOUT,http://www.lambesc.fr,0442928204,,lambesc1@creche-la-maison-bleue.fr,55 Route de Caire-val 13410 LAMBESC,LAMBESC,20134,NR,,false,,AIX EN PROVENCE CRECHE,"https://monenfant.fr/que-recherchez-vous?structure=EAJE&location=Aix-en-Provence,%20Bouches-du-Rh%C3%B4ne,%20Provence-Alpes-C%C3%B4te%20d%27Azur,%20FRA&x=5.447381703606&y=43.529801070774&radius=30000"
c32096dc-56fd-46ad-9148-a47a64ec284c,12724624,EAJE,,MAC LA LIBELLULE,,0442505717,,creche.libellule@ifac.asso.fr, Ancien chemin de Peynier 13530 TRETS,TRETS,20138,NR,,false,,AIX EN PROVENCE CRECHE,"https://monenfant.fr/que-recherchez-vous?structure=EAJE&location=Aix-en-Provence,%20Bouches-du-Rh%C3%B4ne,%20Provence-Alpes-C%C3%B4te%20d%27Azur,%20FRA&x=5.447381703606&y=43.529801070774&radius=30000"
703ed5bc-5007-4e5c-97fa-2d9b6551e3db,12863823,EAJE,,MAC LPCR PYTHAGORE,http://www.lpcr.fr,0437461770,,vitrolles.couperigne@lpcr.fr,  ZAC Couperigne 13127 VITROLLES,VITROLLES,20170,NR,,false,,AIX EN PROVENCE CRECHE,"https://monenfant.fr/que-recherchez-vous?structure=EAJE&location=Aix-en-Provence,%20Bouches-du-Rh%C3%B4ne,%20Provence-Alpes-C%C3%B4te%20d%27Azur,%20FRA&x=5.447381703606&y=43.529801070774&radius=30000"
4948ecf5-f85e-41f4-99e8-6a6ea53abb7e,18935462,EAJE,,MIC-PAJE FLEURINE,https://www.la-maison-bleue.fr/creche/provence-alpes-cote-dazur/bouches-du-rhone/marseille/fleurine,0185530692,,,107 Boulevard Bara 13013 MARSEILLE,MARSEILLE,20268,NR,,false,,AIX EN PROVENCE CRECHE,"https://monenfant.fr/que-recherchez-vous?structure=EAJE&location=Aix-en-Provence,%20Bouches-du-Rh%C3%B4ne,%20Provence-Alpes-C%C3%B4te%20d%27Azur,%20FRA&x=5.447381703606&y=43.529801070774&radius=30000"
afc840a5-00ad-4e1d-b531-cca703efe596,12532053,EAJE,,LES PETITS LUTINS,https://www.crechesdusud.fr/creches/les-petits-lutins/,0491055000,,pdc2@creches-du-sud.fr,3 Avenue André Malraux 13380 PLAN DE CUQUES,PLAN DE CUQUES,20383,NR,,false,,AIX EN PROVENCE CRECHE,"https://monenfant.fr/que-recherchez-vous?structure=EAJE&location=Aix-en-Provence,%20Bouches-du-Rh%C3%B4ne,%20Provence-Alpes-C%C3%B4te%20d%27Azur,%20FRA&x=5.447381703606&y=43.529801070774&radius=30000"
4609b3c2-a7d1-4e80-9610-853a97b41244,12719842,EAJE,,MAC LES COLOMBES,http://lamut.fr,0442288326,,lescolombes@lamut.fr, Quartier le Colmbier 13490 JOUQUES,JOUQUES,20432,NR,,false,,AIX EN PROVENCE CRECHE,"https://monenfant.fr/que-recherchez-vous?structure=EAJE&location=Aix-en-Provence,%20Bouches-du-Rh%C3%B4ne,%20Provence-Alpes-C%C3%B4te%20d%27Azur,%20FRA&x=5.447381703606&y=43.529801070774&radius=30000"
db495c5d-2dfb-4004-b09f-7cc982dab2f8,12997467,EAJE,,MAC LES JARDINS D'ELEONORE,,0491334343,,,28 Traverse des deux tours 13013 MARSEILLE,MARSEILLE,20482,NR,,false,,AIX EN PROVENCE CRECHE,"https://monenfant.fr/que-recherchez-vous?structure=EAJE&location=Aix-en-Provence,%20Bouches-du-Rh%C3%B4ne,%20Provence-Alpes-C%C3%B4te%20d%27Azur,%20FRA&x=5.447381703606&y=43.529801070774&radius=30000"
d992b24a-c5ec-41bf-b368-9d803ed55fc6,33444201,EAJE,,MAC LES PITCHOUNS DE LA VISTE,http://lespetitsleodusud-les-pitchouns-de-la-viste.org,0413943391,,mac.pitchouns@leolagrange.org,14 Rue Serge DOURIANT 13015 MARSEILLE,MARSEILLE,20516,NR,,false,,AIX EN PROVENCE CRECHE,"https://monenfant.fr/que-recherchez-vous?structure=EAJE&location=Aix-en-Provence,%20Bouches-du-Rh%C3%B4ne,%20Provence-Alpes-C%C3%B4te%20d%27Azur,%20FRA&x=5.447381703606&y=43.529801070774&radius=30000"
6828597d-7562-4704-b120-3f372717fe71,12574193,EAJE,,LES PETITS LOUPS,https://www.crechesdusud.fr/creches/les-petits-loups/,0491680211,,pdc1@creches-du-sud.fr, Boulevard Avenue Honoré Olive 13380 PLAN DE CUQUES,PLAN DE CUQUES,20559,NR,,false,,AIX EN PROVENCE CRECHE,"https://monenfant.fr/que-recherchez-vous?structure=EAJE&location=Aix-en-Provence,%20Bouches-du-Rh%C3%B4ne,%20Provence-Alpes-C%C3%B4te%20d%27Azur,%20FRA&x=5.447381703606&y=43.529801070774&radius=30000"
a5832a67-9c75-4fef-bcf2-06c054fc5f4e,12754423,EAJE,,MAC LES PEQUELETS LA FARE LES OLIVIERS,,0490538361,,mpequelets@lafarelesoliviers.fr,100 Chemin de la Gueirarde  et des Craux 13580 LA FARE LES OLIVIERS,LA FARE LES OLIVIERS,20568,NR,,false,,AIX EN PROVENCE CRECHE,"https://monenfant.fr/que-recherchez-vous?structure=EAJE&location=Aix-en-Provence,%20Bouches-du-Rh%C3%B4ne,%20Provence-Alpes-C%C3%B4te%20d%27Azur,%20FRA&x=5.447381703606&y=43.529801070774&radius=30000"
42c1dd6c-a20c-4ae7-b64d-cefdc26913dc,18408842,EAJE,,MIC-PAJE LA FAR'ANDOLE,http://www.babyllage.fr/index.html,0984223169,,babyllage.mc@gmail.com,55 Route de Saint Chamas - RN113 13580 LA FARE LES OLIVIERS,LA FARE LES OLIVIERS,20568,NR,,false,,AIX EN PROVENCE CRECHE,"https://monenfant.fr/que-recherchez-vous?structure=EAJE&location=Aix-en-Provence,%20Bouches-du-Rh%C3%B4ne,%20Provence-Alpes-C%C3%B4te%20d%27Azur,%20FRA&x=5.447381703606&y=43.529801070774&radius=30000"
ee8475a9-8b11-416d-a31e-1cebaf8432b8,12903254,EAJE,,MIC-PAJE LES PETITS PETONS,http://www.lespetitspetons13730.com,0980383696,,lespetitspetons13730@free.fr,5 Rue Roger Deschamps 13730 ST VICTORET,ST VICTORET,20591,NR,,false,,AIX EN PROVENCE CRECHE,"https://monenfant.fr/que-recherchez-vous?structure=EAJE&location=Aix-en-Provence,%20Bouches-du-Rh%C3%B4ne,%20Provence-Alpes-C%C3%B4te%20d%27Azur,%20FRA&x=5.447381703606&y=43.529801070774&radius=30000"
46572fb5-f0e7-4441-bdd1-35f550086d6e,12720143,EAJE,,MAC LES PETITES FRIMOUSSES,,0491065989,,lespetitscanaillous@live.fr,64 Chemin De Château Gombert 13013 MARSEILLE,MARSEILLE,20655,NR,,false,,AIX EN PROVENCE CRECHE,"https://monenfant.fr/que-recherchez-vous?structure=EAJE&location=Aix-en-Provence,%20Bouches-du-Rh%C3%B4ne,%20Provence-Alpes-C%C3%B4te%20d%27Azur,%20FRA&x=5.447381703606&y=43.529801070774&radius=30000"
19cf2bce-a932-4bc5-a281-15508b736efe,12535579,EAJE,,MAC DU CASTELLAS,,0491608120,,, Cité HLM Castellas 13015 MARSEILLE,MARSEILLE,20706,NR,,false,,AIX EN PROVENCE CRECHE,"https://monenfant.fr/que-recherchez-vous?structure=EAJE&location=Aix-en-Provence,%20Bouches-du-Rh%C3%B4ne,%20Provence-Alpes-C%C3%B4te%20d%27Azur,%20FRA&x=5.447381703606&y=43.529801070774&radius=30000"
3abc458d-86cb-46e1-99a2-4da5d16456df,21198761,EAJE,,MIC-PAJE LES PETITES FAVOUILLES 3,,0767252621,,petitesfavouilles3@gmail.com,32 Avenue Paul Sirvent 13380 PLAN DE CUQUES,PLAN DE CUQUES,20729,NR,,false,,AIX EN PROVENCE CRECHE,"https://monenfant.fr/que-recherchez-vous?structure=EAJE&location=Aix-en-Provence,%20Bouches-du-Rh%C3%B4ne,%20Provence-Alpes-C%C3%B4te%20d%27Azur,%20FRA&x=5.447381703606&y=43.529801070774&radius=30000"
e5c75761-d57c-4388-bed8-fa934665727e,33560171,EAJE,,MAC LES ROSEAUX,,0491706211,,vanessa.bekali@sauvegarde13.org,65 Rue Paul Langevin 13013 MARSEILLE,MARSEILLE,20739,NR,,false,,AIX EN PROVENCE CRECHE,"https://monenfant.fr/que-recherchez-vous?structure=EAJE&location=Aix-en-Provence,%20Bouches-du-Rh%C3%B4ne,%20Provence-Alpes-C%C3%B4te%20d%27Azur,%20FRA&x=5.447381703606&y=43.529801070774&radius=30000"
86a91505-5039-4728-84bb-dba045cc35ef,12719584,EAJE,,MAC LA MALLE AUX DECOUVERTES,https://laligue13.fr/,0491962552,,julie.desnoyers@laligue13.fr,32 Chemin De Fontainieu 13014 MARSEILLE,MARSEILLE,20822,NR,,true,,AIX EN PROVENCE CRECHE,"https://monenfant.fr/que-recherchez-vous?structure=EAJE&location=Aix-en-Provence,%20Bouches-du-Rh%C3%B4ne,%20Provence-Alpes-C%C3%B4te%20d%27Azur,%20FRA&x=5.447381703606&y=43.529801070774&radius=30000"
dffe295f-c2a1-4470-b90a-175afaf6c08c,12600853,EAJE,,MAC LA MALLE AUX DECOUVERTES,https://laligue13.fr/,0491962552,,julie.desnoyers@laligue13.fr,32 Chemin De Fontainieu 13014 MARSEILLE,MARSEILLE,20822,NR,,true,,AIX EN PROVENCE CRECHE,"https://monenfant.fr/que-recherchez-vous?structure=EAJE&location=Aix-en-Provence,%20Bouches-du-Rh%C3%B4ne,%20Provence-Alpes-C%C3%B4te%20d%27Azur,%20FRA&x=5.447381703606&y=43.529801070774&radius=30000"
a39edbfa-9473-4198-843d-41dd9aa8a57e,18405829,EAJE,,MIC-PAJE PETIPAS,http://microcreche-petipas.fr/,0496211759,,contact@microcreche-petipas.fr,670 Avenue du Canton Vert 13190 ALLAUCH,ALLAUCH,20936,NR,,false,,AIX EN PROVENCE CRECHE,"https://monenfant.fr/que-recherchez-vous?structure=EAJE&location=Aix-en-Provence,%20Bouches-du-Rh%C3%B4ne,%20Provence-Alpes-C%C3%B4te%20d%27Azur,%20FRA&x=5.447381703606&y=43.529801070774&radius=30000"
59482c1b-01b7-4350-b223-a66f783f8ac4,19025363,EAJE,,MIC-PAJE ESTRAGON,https://www.la-maison-bleue.fr/creche/provence-alpes-cote-dazur/bouches-du-rhone/marseille/estragon,0491271636,,,6 Boulevard Jacques Cassone 13016 MARSEILLE,MARSEILLE,20937,NR,,false,,AIX EN PROVENCE CRECHE,"https://monenfant.fr/que-recherchez-vous?structure=EAJE&location=Aix-en-Provence,%20Bouches-du-Rh%C3%B4ne,%20Provence-Alpes-C%C3%B4te%20d%27Azur,%20FRA&x=5.447381703606&y=43.529801070774&radius=30000"
8d4ede2b-aa48-4695-a558-910c9987f2df,18403221,EAJE,,MIC-PAJE LES CHERUBINS DU LITTORAL,,0486771243,,creche-marseille@les-cherubins.com,51 Avenue André Roussin 13016 MARSEILLE,MARSEILLE,20998,NR,,false,,AIX EN PROVENCE CRECHE,"https://monenfant.fr/que-recherchez-vous?structure=EAJE&location=Aix-en-Provence,%20Bouches-du-Rh%C3%B4ne,%20Provence-Alpes-C%C3%B4te%20d%27Azur,%20FRA&x=5.447381703606&y=43.529801070774&radius=30000"
0923382c-33d2-4891-ab6a-74292ccc031e,40729077,EAJE,,MIC L ILOT,https://www.ile-aux-enfants-13.fr,0491678511,,contact@iae13.fr,coeur d'ilot Avenue sainte Marthe 13014 MARSEILLE,MARSEILLE,21021,NR,,false,,AIX EN PROVENCE CRECHE,"https://monenfant.fr/que-recherchez-vous?structure=EAJE&location=Aix-en-Provence,%20Bouches-du-Rh%C3%B4ne,%20Provence-Alpes-C%C3%B4te%20d%27Azur,%20FRA&x=5.447381703606&y=43.529801070774&radius=30000"
60bd6364-8550-43df-8218-abad933a5d7a,18411588,EAJE,,MIC-PAJE DOUDOU LAPIN,http://pure-baby.fr/,0984081895,,contact@pure-baby.fr, Chemin de Carthage 13700 MARIGNANE,MARIGNANE,21115,NR,,false,,AIX EN PROVENCE CRECHE,"https://monenfant.fr/que-recherchez-vous?structure=EAJE&location=Aix-en-Provence,%20Bouches-du-Rh%C3%B4ne,%20Provence-Alpes-C%C3%B4te%20d%27Azur,%20FRA&x=5.447381703606&y=43.529801070774&radius=30000"
b07c7fa1-b1b3-44f6-bb22-e25bfbd60256,12863307,EAJE,,MAC LES ENFANTS DU RIO TINTO,http://www.lpcr.fr,0437464543,,rio-tinto@lpcr.fr,20 Rue Henri et Antoine Maurras 13016 MARSEILLE,MARSEILLE,21160,NR,,false,,AIX EN PROVENCE CRECHE,"https://monenfant.fr/que-recherchez-vous?structure=EAJE&location=Aix-en-Provence,%20Bouches-du-Rh%C3%B4ne,%20Provence-Alpes-C%C3%B4te%20d%27Azur,%20FRA&x=5.447381703606&y=43.529801070774&radius=30000"
610cbe37-66a6-4072-a59f-6699f1fced2b,18181626,EAJE,,MAC DE LESTAQUE BASSIN SEON,https://laligue13.fr/,0491091780,,direction-mac-estaque@laligue13.fr,1 Rue jean jacques Vernazza 13016 MARSEILLE,MARSEILLE,21167,NR,,true,,AIX EN PROVENCE CRECHE,"https://monenfant.fr/que-recherchez-vous?structure=EAJE&location=Aix-en-Provence,%20Bouches-du-Rh%C3%B4ne,%20Provence-Alpes-C%C3%B4te%20d%27Azur,%20FRA&x=5.447381703606&y=43.529801070774&radius=30000"
aceff66e-47f6-40a2-8a27-fb3d98323232,12786458,EAJE,,MIC BULLE DE SUCRE,,0495057470,,asso.microbulles@gmail.com,80 Avenue des Aygalades. Cité La Visitation - Bat A1 13014 MARSEILLE,MARSEILLE,21196,NR,,false,,AIX EN PROVENCE CRECHE,"https://monenfant.fr/que-recherchez-vous?structure=EAJE&location=Aix-en-Provence,%20Bouches-du-Rh%C3%B4ne,%20Provence-Alpes-C%C3%B4te%20d%27Azur,%20FRA&x=5.447381703606&y=43.529801070774&radius=30000"
1d952415-1895-46a9-9169-0ae1998c1394,12585760,EAJE,,MAC TETINE ET DOUDOU LA MAISON BLEUE,https://www.la-maison-bleue.fr/creche/provence-alpes-cote-dazur/bouches-du-rhone/la-destrousse/tetine-et-doudou,0442044096,,, Route ZAC de la Tuilerie 13112 LA DESTROUSSE,LA DESTROUSSE,21213,NR,,false,,AIX EN PROVENCE CRECHE,"https://monenfant.fr/que-recherchez-vous?structure=EAJE&location=Aix-en-Provence,%20Bouches-du-Rh%C3%B4ne,%20Provence-Alpes-C%C3%B4te%20d%27Azur,%20FRA&x=5.447381703606&y=43.529801070774&radius=30000"
c542c86e-0cf4-4d13-a51c-bf9098b7fb71,12535622,EAJE,,MAC LA CASTELLANE,,0491461437,,,230 Boulevard Henry Barnier - Saint André 13016 MARSEILLE,MARSEILLE,21248,NR,,false,,AIX EN PROVENCE CRECHE,"https://monenfant.fr/que-recherchez-vous?structure=EAJE&location=Aix-en-Provence,%20Bouches-du-Rh%C3%B4ne,%20Provence-Alpes-C%C3%B4te%20d%27Azur,%20FRA&x=5.447381703606&y=43.529801070774&radius=30000"
23f82a84-cb09-4d45-883a-f3951d223678,18408906,EAJE,,MIC-PAJE LES FAR'FADETS,http://www.babyllage.fr/,0954338029,,babyllage.mc@gmail.com,21 Rue Cordier 13580 LA FARE LES OLIVIERS,LA FARE LES OLIVIERS,21274,NR,,false,,AIX EN PROVENCE CRECHE,"https://monenfant.fr/que-recherchez-vous?structure=EAJE&location=Aix-en-Provence,%20Bouches-du-Rh%C3%B4ne,%20Provence-Alpes-C%C3%B4te%20d%27Azur,%20FRA&x=5.447381703606&y=43.529801070774&radius=30000"
8959076b-109e-4027-b71a-aa10a814bb7b,12568775,EAJE,,MAC CHATEAU GOMBERT,,0491707450,,creche.lespetitspastapoum@apaf.asso.fr,58 Rue Niels Bohr 13013 MARSEILLE,MARSEILLE,21319,NR,,false,,AIX EN PROVENCE CRECHE,"https://monenfant.fr/que-recherchez-vous?structure=EAJE&location=Aix-en-Provence,%20Bouches-du-Rh%C3%B4ne,%20Provence-Alpes-C%C3%B4te%20d%27Azur,%20FRA&x=5.447381703606&y=43.529801070774&radius=30000"
3621ebb5-ff70-406d-9d01-53a1f43b63cd,21200874,EAJE,,MIC-PAJE LES MALICIEUX DE TRETS,https://www.grandir.com/fr/nurseries/nursery/412,0777602647,,trets@lpcr.fr,17 Rue Féraud 13530 TRETS,TRETS,21322,NR,,false,,AIX EN PROVENCE CRECHE,"https://monenfant.fr/que-recherchez-vous?structure=EAJE&location=Aix-en-Provence,%20Bouches-du-Rh%C3%B4ne,%20Provence-Alpes-C%C3%B4te%20d%27Azur,%20FRA&x=5.447381703606&y=43.529801070774&radius=30000"
4f92c07c-88d5-408e-a39d-f373dff7c7ed,12546759,EAJE,,MAC SAINT LOUIS,,0491607841,,,159 Route nationale de Saint Louis 13015 MARSEILLE,MARSEILLE,21333,NR,,false,,AIX EN PROVENCE CRECHE,"https://monenfant.fr/que-recherchez-vous?structure=EAJE&location=Aix-en-Provence,%20Bouches-du-Rh%C3%B4ne,%20Provence-Alpes-C%C3%B4te%20d%27Azur,%20FRA&x=5.447381703606&y=43.529801070774&radius=30000"
0a3a1df8-d1c3-405d-9a13-87322468717b,12720917,EAJE,,MIC BULLE DE REVE,,0491511279,,,124 Boulevard Grawitz 13016 MARSEILLE,MARSEILLE,21461,NR,,false,,AIX EN PROVENCE CRECHE,"https://monenfant.fr/que-recherchez-vous?structure=EAJE&location=Aix-en-Provence,%20Bouches-du-Rh%C3%B4ne,%20Provence-Alpes-C%C3%B4te%20d%27Azur,%20FRA&x=5.447381703606&y=43.529801070774&radius=30000"
b3d33caf-fe8f-494f-9e78-89df7301b988,12720745,EAJE,,CRÈCHE LA COCCINELLE,,0442292177,,creche.coccinelle@ifac.asso.fr, Avenue Frédéric Mistral 13530 TRETS,TRETS,21531,NR,,false,,AIX EN PROVENCE CRECHE,"https://monenfant.fr/que-recherchez-vous?structure=EAJE&location=Aix-en-Provence,%20Bouches-du-Rh%C3%B4ne,%20Provence-Alpes-C%C3%B4te%20d%27Azur,%20FRA&x=5.447381703606&y=43.529801070774&radius=30000"
f4965ccd-d24e-4f9a-83e5-26148ce4f0c4,33443633,EAJE,,MAC LES TROTTEURS,https://lespetitsleodusud-les-trotteurs-de-saint-louis.org,0413940747,,mac.trotteurs@leolagrange.org,13-15 Avenue Du Général Maurice Chevance Bertin 13015 MARSEILLE,MARSEILLE,21542,NR,,false,,AIX EN PROVENCE CRECHE,"https://monenfant.fr/que-recherchez-vous?structure=EAJE&location=Aix-en-Provence,%20Bouches-du-Rh%C3%B4ne,%20Provence-Alpes-C%C3%B4te%20d%27Azur,%20FRA&x=5.447381703606&y=43.529801070774&radius=30000"
44cbd90a-67a9-4a8e-a591-3982fad55603,12578278,EAJE,,MACP LE CABANON DES MINOTS,,0491036069,,lecabanon@voila.fr,3 Boulevard Raymond Fillat 13016 MARSEILLE,MARSEILLE,21597,NR,,false,,AIX EN PROVENCE CRECHE,"https://monenfant.fr/que-recherchez-vous?structure=EAJE&location=Aix-en-Provence,%20Bouches-du-Rh%C3%B4ne,%20Provence-Alpes-C%C3%B4te%20d%27Azur,%20FRA&x=5.447381703606&y=43.529801070774&radius=30000"
b0b4fe75-1e13-404a-92a5-216cb7114c12,12738685,EAJE,,MIC LE PETIT CABANON,,0491036069,,lecabanon@voila.fr,3 Boulevard Raymond Fillat 13016 MARSEILLE,MARSEILLE,21597,NR,,false,,AIX EN PROVENCE CRECHE,"https://monenfant.fr/que-recherchez-vous?structure=EAJE&location=Aix-en-Provence,%20Bouches-du-Rh%C3%B4ne,%20Provence-Alpes-C%C3%B4te%20d%27Azur,%20FRA&x=5.447381703606&y=43.529801070774&radius=30000"
d6fcabcc-9541-4019-91d0-9f340b64fea2,62892610,EAJE,,BABYNIERE ALLAUCH VILLAGE,https://babyniere.fr,0486774146,,info@babyniere.fr,2 Montée Jean-Baptiste TIRAN 13190 ALLAUCH,ALLAUCH,21653,NR,,false,,AIX EN PROVENCE CRECHE,"https://monenfant.fr/que-recherchez-vous?structure=EAJE&location=Aix-en-Provence,%20Bouches-du-Rh%C3%B4ne,%20Provence-Alpes-C%C3%B4te%20d%27Azur,%20FRA&x=5.447381703606&y=43.529801070774&radius=30000"
ea13f213-833e-42c6-8cba-c6473c819ab4,12545297,EAJE,,MAC LES ALPINES,,0491700241,,,28 Chemin de Château Gombert 13013 MARSEILLE,MARSEILLE,21696,NR,,false,,AIX EN PROVENCE CRECHE,"https://monenfant.fr/que-recherchez-vous?structure=EAJE&location=Aix-en-Provence,%20Bouches-du-Rh%C3%B4ne,%20Provence-Alpes-C%C3%B4te%20d%27Azur,%20FRA&x=5.447381703606&y=43.529801070774&radius=30000"
16c82401-f67a-47d2-81f2-310d0242fb84,12576429,EAJE,,MACF LE CAP FRIMOUSSE,http://www.marignane.fr,0442311178,,petite-enfance@ville-marignane.fr, Chemin du Couvent 13700 MARIGNANE,MARIGNANE,21794,NR,,false,,AIX EN PROVENCE CRECHE,"https://monenfant.fr/que-recherchez-vous?structure=EAJE&location=Aix-en-Provence,%20Bouches-du-Rh%C3%B4ne,%20Provence-Alpes-C%C3%B4te%20d%27Azur,%20FRA&x=5.447381703606&y=43.529801070774&radius=30000"
eb21069c-3f56-42ce-94d7-9c072f568e68,12612592,EAJE,,MAC LE CANA,,0491658522,,secretariat.dg@lecana.asso.fr,514 Chemin de la Madrague-Ville 13015 MARSEILLE,MARSEILLE,21898,NR,,false,,AIX EN PROVENCE CRECHE,"https://monenfant.fr/que-recherchez-vous?structure=EAJE&location=Aix-en-Provence,%20Bouches-du-Rh%C3%B4ne,%20Provence-Alpes-C%C3%B4te%20d%27Azur,%20FRA&x=5.447381703606&y=43.529801070774&radius=30000"
47cd0de1-4022-4acd-941a-2afbbdc760d1,12703803,EAJE,,BULLES D'EAU,,0491633241,,,7 Avenue Philippe Ansaldi 13014 MARSEILLE,MARSEILLE,21908,NR,,false,,AIX EN PROVENCE CRECHE,"https://monenfant.fr/que-recherchez-vous?structure=EAJE&location=Aix-en-Provence,%20Bouches-du-Rh%C3%B4ne,%20Provence-Alpes-C%C3%B4te%20d%27Azur,%20FRA&x=5.447381703606&y=43.529801070774&radius=30000"
44a7a182-37fb-45e8-a427-53dd312f6491,12546157,EAJE,,MAC LE CLOS - LA ROSE,,0491700464,,, Boulevard Neuf 13013 MARSEILLE,MARSEILLE,21931,NR,,false,,AIX EN PROVENCE CRECHE,"https://monenfant.fr/que-recherchez-vous?structure=EAJE&location=Aix-en-Provence,%20Bouches-du-Rh%C3%B4ne,%20Provence-Alpes-C%C3%B4te%20d%27Azur,%20FRA&x=5.447381703606&y=43.529801070774&radius=30000"
8dc553ae-d2b9-4d19-b783-417aa5f43324,12531752,EAJE,,LES ANGELOTS,https://www.crechesdusud.fr/creches/les-angelots/,0491070074,,allauch@creches-du-sud.fr,73 Boulevard Ange Martin 13190 ALLAUCH,ALLAUCH,21942,NR,,false,,AIX EN PROVENCE CRECHE,"https://monenfant.fr/que-recherchez-vous?structure=EAJE&location=Aix-en-Provence,%20Bouches-du-Rh%C3%B4ne,%20Provence-Alpes-C%C3%B4te%20d%27Azur,%20FRA&x=5.447381703606&y=43.529801070774&radius=30000"
0ac4a97d-0063-4d08-957c-bc8df2437099,12576730,EAJE,,MAC 1 2 3 SOLEIL,https://www.leolagrange.org/petite-enfance-03-ans/,0491604602,,mac.st-louis@leolagrangepaca.org,2 Boulevard Ledru Rollin - Cité Campagne l'Evêque 13015 MARSEILLE,MARSEILLE,22012,NR,,false,,AIX EN PROVENCE CRECHE,"https://monenfant.fr/que-recherchez-vous?structure=EAJE&location=Aix-en-Provence,%20Bouches-du-Rh%C3%B4ne,%20Provence-Alpes-C%C3%B4te%20d%27Azur,%20FRA&x=5.447381703606&y=43.529801070774&radius=30000"
0a45736e-bc9e-4e61-83ab-0a4bd6e0aa16,18178546,EAJE,,MAC LES GRIOTTES,http://www.maisondelafamille.net,0491540079,,crechelesgriottes@maisondelafamille.net,72 Chemin de la mare 13013 MARSEILLE,MARSEILLE,22171,NR,,false,,AIX EN PROVENCE CRECHE,"https://monenfant.fr/que-recherchez-vous?structure=EAJE&location=Aix-en-Provence,%20Bouches-du-Rh%C3%B4ne,%20Provence-Alpes-C%C3%B4te%20d%27Azur,%20FRA&x=5.447381703606&y=43.529801070774&radius=30000"
62bffb7d-69ce-4e97-8ae6-6208b4153ace,12740233,EAJE,,MAC LES PETITS PRINCES,,0486674662,,haltegarderie@allauch.com,587 Boulevard Marcel Pagnol 13190 ALLAUCH,ALLAUCH,22204,NR,,false,,AIX EN PROVENCE CRECHE,"https://monenfant.fr/que-recherchez-vous?structure=EAJE&location=Aix-en-Provence,%20Bouches-du-Rh%C3%B4ne,%20Provence-Alpes-C%C3%B4te%20d%27Azur,%20FRA&x=5.447381703606&y=43.529801070774&radius=30000"
b750f327-2338-42dc-a07e-def544c9f94c,12545899,EAJE,,MAC LA BUSSERINE,,0491981042,,,48 Boulevard mahboubi-tir 13014 MARSEILLE,MARSEILLE,22210,NR,,false,,AIX EN PROVENCE CRECHE,"https://monenfant.fr/que-recherchez-vous?structure=EAJE&location=Aix-en-Provence,%20Bouches-du-Rh%C3%B4ne,%20Provence-Alpes-C%C3%B4te%20d%27Azur,%20FRA&x=5.447381703606&y=43.529801070774&radius=30000"
e85332a7-1bea-4686-81da-169a027a0cb7,69366812,EAJE,,LES POUSSINS DE ST BARTH,,04 88 15 84 47,,mac.stbarth@leolagrange.org,52 Rue Mahbouti Tir 13014 MARSEILLE,MARSEILLE,22227,NR,,false,,AIX EN PROVENCE CRECHE,"https://monenfant.fr/que-recherchez-vous?structure=EAJE&location=Aix-en-Provence,%20Bouches-du-Rh%C3%B4ne,%20Provence-Alpes-C%C3%B4te%20d%27Azur,%20FRA&x=5.447381703606&y=43.529801070774&radius=30000"
09c97392-8c0a-4330-b967-6bb4935331f5,12586448,EAJE,,MAC PLIF PLAF PLOUF,http://plif.plaf.plouf.free.fr/,0491103280,,plif.plaf.plouf@free.fr,129 Avenue Rose 13013 MARSEILLE,MARSEILLE,22359,NR,,false,,AIX EN PROVENCE CRECHE,"https://monenfant.fr/que-recherchez-vous?structure=EAJE&location=Aix-en-Provence,%20Bouches-du-Rh%C3%B4ne,%20Provence-Alpes-C%C3%B4te%20d%27Azur,%20FRA&x=5.447381703606&y=43.529801070774&radius=30000"
3ab7adf9-079b-47a0-8753-11cc9e3b51d7,12540524,EAJE,,MAC LES CYPRES,,0491663837,,, Avenue Saint Paul 13013 MARSEILLE,MARSEILLE,22675,NR,,false,,AIX EN PROVENCE CRECHE,"https://monenfant.fr/que-recherchez-vous?structure=EAJE&location=Aix-en-Provence,%20Bouches-du-Rh%C3%B4ne,%20Provence-Alpes-C%C3%B4te%20d%27Azur,%20FRA&x=5.447381703606&y=43.529801070774&radius=30000"
ade932b7-c546-4124-a39f-f46ec7398ea3,12546071,EAJE,,MAC LA ROSE FRAIS VALLON,,0491663340,,,9 Impasse Ravel 13013 MARSEILLE,MARSEILLE,22677,NR,,false,,AIX EN PROVENCE CRECHE,"https://monenfant.fr/que-recherchez-vous?structure=EAJE&location=Aix-en-Provence,%20Bouches-du-Rh%C3%B4ne,%20Provence-Alpes-C%C3%B4te%20d%27Azur,%20FRA&x=5.447381703606&y=43.529801070774&radius=30000"
cf229f84-4a97-467d-a7dd-91d09b9af7bc,45332568,EAJE,,LES PETITS CIGALONS,https://www.igesa.fr,0491617450,,,34 Boulevard Laveran 13013 MARSEILLE,MARSEILLE,22699,NR,,false,,AIX EN PROVENCE CRECHE,"https://monenfant.fr/que-recherchez-vous?structure=EAJE&location=Aix-en-Provence,%20Bouches-du-Rh%C3%B4ne,%20Provence-Alpes-C%C3%B4te%20d%27Azur,%20FRA&x=5.447381703606&y=43.529801070774&radius=30000"
8edbaad7-accd-47b3-aa8d-afdc1369e427,18128673,EAJE,,MAC LE PETIT PRINCE MARIGNANE,http://www.marignane.fr,0442311292,,desl@ville-marignane.fr, Place Paul Codos 13700 MARIGNANE,MARIGNANE,22778,NR,,false,,AIX EN PROVENCE CRECHE,"https://monenfant.fr/que-recherchez-vous?structure=EAJE&location=Aix-en-Provence,%20Bouches-du-Rh%C3%B4ne,%20Provence-Alpes-C%C3%B4te%20d%27Azur,%20FRA&x=5.447381703606&y=43.529801070774&radius=30000"
076b6a26-a738-4b78-8e0b-ce76bd34fe08,12576214,EAJE,,MAF LA PLANETE BLEUE,http://www.marignane.fr,0442311230,,desl@ville-marignane.fr, Place Paul Codos 13700 MARIGNANE,MARIGNANE,22778,NR,,false,,AIX EN PROVENCE CRECHE,"https://monenfant.fr/que-recherchez-vous?structure=EAJE&location=Aix-en-Provence,%20Bouches-du-Rh%C3%B4ne,%20Provence-Alpes-C%C3%B4te%20d%27Azur,%20FRA&x=5.447381703606&y=43.529801070774&radius=30000"
8b603fc7-720e-4312-98fd-cb8bb34b8a2b,12591135,EAJE,,MACF LA BALEINE BLEUE,,0442741989,,baleine@berre-l-etang.fr,15 Boulevard Marcel Cachin 13130 BERRE L ETANG,BERRE L ETANG,22842,NR,,false,,AIX EN PROVENCE CRECHE,"https://monenfant.fr/que-recherchez-vous?structure=EAJE&location=Aix-en-Provence,%20Bouches-du-Rh%C3%B4ne,%20Provence-Alpes-C%C3%B4te%20d%27Azur,%20FRA&x=5.447381703606&y=43.529801070774&radius=30000"
0c4c1b16-9244-4c81-bdcd-6bef76b8e619,12541986,EAJE,,MAC MASSALIA,,0491672010,,,35 Boulevard Larrousse 13014 MARSEILLE,MARSEILLE,22852,NR,,false,,AIX EN PROVENCE CRECHE,"https://monenfant.fr/que-recherchez-vous?structure=EAJE&location=Aix-en-Provence,%20Bouches-du-Rh%C3%B4ne,%20Provence-Alpes-C%C3%B4te%20d%27Azur,%20FRA&x=5.447381703606&y=43.529801070774&radius=30000"
ef1d25b9-23a5-4c5b-af8f-60965acb9861,12568732,EAJE,,MAC MEDITERRANEE,,0495051560,,creche.mediterranee@apaf.asso.fr,21 Rue Mathilde 13015 MARSEILLE,MARSEILLE,22934,NR,,false,,AIX EN PROVENCE CRECHE,"https://monenfant.fr/que-recherchez-vous?structure=EAJE&location=Aix-en-Provence,%20Bouches-du-Rh%C3%B4ne,%20Provence-Alpes-C%C3%B4te%20d%27Azur,%20FRA&x=5.447381703606&y=43.529801070774&radius=30000"
7c4cfe52-e54d-472c-9c19-1a20e6308c48,12590920,EAJE,,MAC LES COLIBRIS,,0442504675,,secretariatcolibris@wanadoo.fr,2 Rue Alphonse Daudet 13640 LA ROQUE D ANTHERON,LA ROQUE D ANTHERON,22958,NR,,false,,AIX EN PROVENCE CRECHE,"https://monenfant.fr/que-recherchez-vous?structure=EAJE&location=Aix-en-Provence,%20Bouches-du-Rh%C3%B4ne,%20Provence-Alpes-C%C3%B4te%20d%27Azur,%20FRA&x=5.447381703606&y=43.529801070774&radius=30000"
194d4607-01f7-4b80-bab2-5488070f6a26,12720874,EAJE,,MAC BOIS LEMAITRE,,0491932669,,afac.marseille@free.fr,37 Avenue Roger Salzmann 13012 MARSEILLE,MARSEILLE,23012,NR,,false,,AIX EN PROVENCE CRECHE,"https://monenfant.fr/que-recherchez-vous?structure=EAJE&location=Aix-en-Provence,%20Bouches-du-Rh%C3%B4ne,%20Provence-Alpes-C%C3%B4te%20d%27Azur,%20FRA&x=5.447381703606&y=43.529801070774&radius=30000"
18dc47b0-3641-48eb-92e2-7c92bdfb82a0,12740190,EAJE,,MAC UN AIR DE PRINTEMPS,,0491116185,,nicolas.merlaud@apprentis-auteuil.org,189 Avenue Corot 13014 MARSEILLE,MARSEILLE,23076,NR,,false,,AIX EN PROVENCE CRECHE,"https://monenfant.fr/que-recherchez-vous?structure=EAJE&location=Aix-en-Provence,%20Bouches-du-Rh%C3%B4ne,%20Provence-Alpes-C%C3%B4te%20d%27Azur,%20FRA&x=5.447381703606&y=43.529801070774&radius=30000"
b7af3611-869d-4817-8ad2-6006da953ab8,18128874,EAJE,,JE LI PARPAIOUN MARIGNANE,http://www.marignane.fr,0442883029,,petite-enfance@ville-marignane.fr,22 Chemin St Pierre 13700 MARIGNANE,MARIGNANE,23094,NR,,false,,AIX EN PROVENCE CRECHE,"https://monenfant.fr/que-recherchez-vous?structure=EAJE&location=Aix-en-Provence,%20Bouches-du-Rh%C3%B4ne,%20Provence-Alpes-C%C3%B4te%20d%27Azur,%20FRA&x=5.447381703606&y=43.529801070774&radius=30000"
2de4d9a2-d70d-41b8-86ca-0932e8635201,12547017,EAJE,,MAC SAINT JUST COROT,,0491664843,,,96 Avenue Corot 13013 MARSEILLE,MARSEILLE,23141,NR,,false,,AIX EN PROVENCE CRECHE,"https://monenfant.fr/que-recherchez-vous?structure=EAJE&location=Aix-en-Provence,%20Bouches-du-Rh%C3%B4ne,%20Provence-Alpes-C%C3%B4te%20d%27Azur,%20FRA&x=5.447381703606&y=43.529801070774&radius=30000"
2c4ae3b4-5bbe-413d-9eac-cfbf65d5ce0a,18128989,EAJE,,MAC L'ÎLE DES ENFANTS,http://www.marignane.fr,0442311175,,desl@ville-marignane.fr, Chemin Saint Pierre 13700 MARIGNANE,MARIGNANE,23168,NR,,false,,AIX EN PROVENCE CRECHE,"https://monenfant.fr/que-recherchez-vous?structure=EAJE&location=Aix-en-Provence,%20Bouches-du-Rh%C3%B4ne,%20Provence-Alpes-C%C3%B4te%20d%27Azur,%20FRA&x=5.447381703606&y=43.529801070774&radius=30000"
bdb65e91-ccb8-4ab0-99c5-50f67e7bb246,12654130,EAJE,,MACP LES ZOUZOUS,,0965314661,,leszouzouslaroque@orange.fr,27 Rue du temple 13640 LA ROQUE D ANTHERON,LA ROQUE D ANTHERON,23221,NR,,false,,AIX EN PROVENCE CRECHE,"https://monenfant.fr/que-recherchez-vous?structure=EAJE&location=Aix-en-Provence,%20Bouches-du-Rh%C3%B4ne,%20Provence-Alpes-C%C3%B4te%20d%27Azur,%20FRA&x=5.447381703606&y=43.529801070774&radius=30000"
a2cb9500-7125-416a-97cd-686c9781b244,12863264,EAJE,,LES PETITS CHAPERONS ROUGES - MARSEILLE PAVILLON VICTOR,http://www.lpcr.fr,0437464544,,pavillon.victor@lpcr.fr,29/31 Boulevard Charles Moretti 13014 MARSEILLE,MARSEILLE,23240,NR,,false,,AIX EN PROVENCE CRECHE,"https://monenfant.fr/que-recherchez-vous?structure=EAJE&location=Aix-en-Provence,%20Bouches-du-Rh%C3%B4ne,%20Provence-Alpes-C%C3%B4te%20d%27Azur,%20FRA&x=5.447381703606&y=43.529801070774&radius=30000"
414d4410-586c-4ba2-b0aa-87165d6a9436,12506339,EAJE,,MAC LES PITCHOUNETS AURIOL,,0442047102,,petiteenfancejeunesse.auriol@wanadoo.fr,257 Quartier Le Belleviste 13390 AURIOL,AURIOL,23263,NR,,false,,AIX EN PROVENCE CRECHE,"https://monenfant.fr/que-recherchez-vous?structure=EAJE&location=Aix-en-Provence,%20Bouches-du-Rh%C3%B4ne,%20Provence-Alpes-C%C3%B4te%20d%27Azur,%20FRA&x=5.447381703606&y=43.529801070774&radius=30000"
27754d14-b1f4-4fd4-b5bf-cc9b2a621409,12531236,EAJE,,LES PETITS PANDAS,https://www.crechesdusud.fr/creches/les-petits-pandas/,0442313032,,marignane@creches-du-sud.fr,49 Rue Marius Ruinat 13700 MARIGNANE,MARIGNANE,23264,NR,,false,,AIX EN PROVENCE CRECHE,"https://monenfant.fr/que-recherchez-vous?structure=EAJE&location=Aix-en-Provence,%20Bouches-du-Rh%C3%B4ne,%20Provence-Alpes-C%C3%B4te%20d%27Azur,%20FRA&x=5.447381703606&y=43.529801070774&radius=30000"
3fad2e27-931a-4470-a839-753bffe76a89,61733356,EAJE,,A PETITS PAS,http://www.apetits-pas.fr,0491445893,,,73  Avenue Jean Compadieu 13012 MARSEILLE,MARSEILLE,23377,NR,,false,,AIX EN PROVENCE CRECHE,"https://monenfant.fr/que-recherchez-vous?structure=EAJE&location=Aix-en-Provence,%20Bouches-du-Rh%C3%B4ne,%20Provence-Alpes-C%C3%B4te%20d%27Azur,%20FRA&x=5.447381703606&y=43.529801070774&radius=30000"
e9b2a765-7281-428c-88a1-d82833614956,12703631,EAJE,,MIC BULLE DE SAVON,,0488865055,,,100 Chemin de Sainte Marthe 13014 MARSEILLE,MARSEILLE,23397,NR,,false,,AIX EN PROVENCE CRECHE,"https://monenfant.fr/que-recherchez-vous?structure=EAJE&location=Aix-en-Provence,%20Bouches-du-Rh%C3%B4ne,%20Provence-Alpes-C%C3%B4te%20d%27Azur,%20FRA&x=5.447381703606&y=43.529801070774&radius=30000"
77247ad5-26c5-4d7d-bd53-55c4bf74a284,12550629,EAJE,,"MULTI-ACCUEIL ""LOU CALINOU""",,0490681991,,loucalinou@cotelub-spl.fr, Chemin BEL AIR 84160 CADENET,CADENET,23434,NR,,false,,AIX EN PROVENCE CRECHE,"https://monenfant.fr/que-recherchez-vous?structure=EAJE&location=Aix-en-Provence,%20Bouches-du-Rh%C3%B4ne,%20Provence-Alpes-C%C3%B4te%20d%27Azur,%20FRA&x=5.447381703606&y=43.529801070774&radius=30000"
f10d5917-a606-4539-8cf0-103ee6bfbbf2,12703674,EAJE,,MIC BULLE DE MALICES,,0484258215,,,12 Rue richard 13014 MARSEILLE,MARSEILLE,23490,NR,,false,,AIX EN PROVENCE CRECHE,"https://monenfant.fr/que-recherchez-vous?structure=EAJE&location=Aix-en-Provence,%20Bouches-du-Rh%C3%B4ne,%20Provence-Alpes-C%C3%B4te%20d%27Azur,%20FRA&x=5.447381703606&y=43.529801070774&radius=30000"
dc7c4517-5fbb-495d-b729-ba1db6c5c574,12739416,EAJE,,MIC PAJE  AU PAYS DE FLORIANE,http://aupaysdefloriane.fr/infos-pratiques,0952775160,,,171 bis Chemin de la Madrague-Ville 13002 MARSEILLE,MARSEILLE,23498,NR,,false,,AIX EN PROVENCE CRECHE,"https://monenfant.fr/que-recherchez-vous?structure=EAJE&location=Aix-en-Provence,%20Bouches-du-Rh%C3%B4ne,%20Provence-Alpes-C%C3%B4te%20d%27Azur,%20FRA&x=5.447381703606&y=43.529801070774&radius=30000"
9d7d9457-272d-4433-be47-835b30e81827,12649658,EAJE,,MAC LE JARDIN DES MYRTES,http://lamut.fr,0442430688,,lesjardinsdesmyrtes@lamut.fr, Avenue du 19 mars 1962 13180 GIGNAC LA NERTHE,GIGNAC LA NERTHE,23513,NR,,false,,AIX EN PROVENCE CRECHE,"https://monenfant.fr/que-recherchez-vous?structure=EAJE&location=Aix-en-Provence,%20Bouches-du-Rh%C3%B4ne,%20Provence-Alpes-C%C3%B4te%20d%27Azur,%20FRA&x=5.447381703606&y=43.529801070774&radius=30000"
abffb83d-342f-415f-93f8-db68e7f0c3e8,12541857,EAJE,,MAC MONTOLIVET,,0491667380,,,373 Avenue de Montolivet 13012 MARSEILLE,MARSEILLE,23592,NR,,false,,AIX EN PROVENCE CRECHE,"https://monenfant.fr/que-recherchez-vous?structure=EAJE&location=Aix-en-Provence,%20Bouches-du-Rh%C3%B4ne,%20Provence-Alpes-C%C3%B4te%20d%27Azur,%20FRA&x=5.447381703606&y=43.529801070774&radius=30000"
4787f3c7-b8a0-4329-90a4-25e131b1db61,12555531,EAJE,,"MULTI-ACCUEIL "" LA PASSERELLE""",,0490681326,,enfance@mairie-cadenet.fr,16 Cours VOLTAIRE 84160 CADENET,CADENET,23592,NR,,false,,AIX EN PROVENCE CRECHE,"https://monenfant.fr/que-recherchez-vous?structure=EAJE&location=Aix-en-Provence,%20Bouches-du-Rh%C3%B4ne,%20Provence-Alpes-C%C3%B4te%20d%27Azur,%20FRA&x=5.447381703606&y=43.529801070774&radius=30000"
10eb9534-d72b-420b-8944-6136ca1abb57,12760099,EAJE,,"MULTI-ACCUEIL ''1,2,3, SOLEIL''",,0490074708,,123soleil@cotelub-spl.fr, Rue Georges Rouard 84240 LA TOUR D AIGUES,LA TOUR D AIGUES,23602,NR,,false,,AIX EN PROVENCE CRECHE,"https://monenfant.fr/que-recherchez-vous?structure=EAJE&location=Aix-en-Provence,%20Bouches-du-Rh%C3%B4ne,%20Provence-Alpes-C%C3%B4te%20d%27Azur,%20FRA&x=5.447381703606&y=43.529801070774&radius=30000"
f8f23c39-d43a-4e56-b3e1-fe4393862c7d,12546630,EAJE,,MAC SAINT JUST PERRIN,,0491701733,,,41 Boulevard Perrin 13013 MARSEILLE,MARSEILLE,23632,NR,,false,,AIX EN PROVENCE CRECHE,"https://monenfant.fr/que-recherchez-vous?structure=EAJE&location=Aix-en-Provence,%20Bouches-du-Rh%C3%B4ne,%20Provence-Alpes-C%C3%B4te%20d%27Azur,%20FRA&x=5.447381703606&y=43.529801070774&radius=30000"
9aae7480-4a51-468a-a804-17918c683d2d,12549984,EAJE,,MAC LE CANET,,0491672466,,,12 Traverse Mère de Dieu 13014 MARSEILLE,MARSEILLE,23668,NR,,false,,AIX EN PROVENCE CRECHE,"https://monenfant.fr/que-recherchez-vous?structure=EAJE&location=Aix-en-Provence,%20Bouches-du-Rh%C3%B4ne,%20Provence-Alpes-C%C3%B4te%20d%27Azur,%20FRA&x=5.447381703606&y=43.529801070774&radius=30000"
4d4335e8-2a22-42f2-84b8-b07657671b5f,12545469,EAJE,,MAC BEAUMONT,,0491937896,,,194 Avenue Charles Kaddouz 13012 MARSEILLE,MARSEILLE,23696,NR,,false,,AIX EN PROVENCE CRECHE,"https://monenfant.fr/que-recherchez-vous?structure=EAJE&location=Aix-en-Provence,%20Bouches-du-Rh%C3%B4ne,%20Provence-Alpes-C%C3%B4te%20d%27Azur,%20FRA&x=5.447381703606&y=43.529801070774&radius=30000"
c0b41b0f-6a7b-49d3-9cd2-c0eb0f10d1ed,12718079,EAJE,,MAC LA MAISON BLEUE,http://la-maison-bleue.fr,0491099905,,lerove@creche-la-maison-bleue.fr, Chemin des Fenouilleres 13740 LE ROVE,LE ROVE,23700,NR,,false,,AIX EN PROVENCE CRECHE,"https://monenfant.fr/que-recherchez-vous?structure=EAJE&location=Aix-en-Provence,%20Bouches-du-Rh%C3%B4ne,%20Provence-Alpes-C%C3%B4te%20d%27Azur,%20FRA&x=5.447381703606&y=43.529801070774&radius=30000"
bd9d5fd2-cc3e-46f4-ad76-de119cc4c8be,63095596,EAJE,,LES FAUVETTES,https://www.crechesdusud.fr,0971045089,,lesfauvettes@crechesdusud.fr,80 Boulevard des Fauvettes 13012 MARSEILLE,MARSEILLE,23707,NR,,false,,AIX EN PROVENCE CRECHE,"https://monenfant.fr/que-recherchez-vous?structure=EAJE&location=Aix-en-Provence,%20Bouches-du-Rh%C3%B4ne,%20Provence-Alpes-C%C3%B4te%20d%27Azur,%20FRA&x=5.447381703606&y=43.529801070774&radius=30000"
f158eda0-c661-4958-84ab-813a3f780aa6,33746513,EAJE,,MAC LES PETITS PIRATES,https://www.creches-du-sud.fr/nos-creches/les-petits-pirates-marseille-les-crottes,0972191159,,lespetitspirates@creches-du-sud.fr,2 Rue Jean Marc Mouranchon 13015 MARSEILLE,MARSEILLE,23736,NR,,false,,AIX EN PROVENCE CRECHE,"https://monenfant.fr/que-recherchez-vous?structure=EAJE&location=Aix-en-Provence,%20Bouches-du-Rh%C3%B4ne,%20Provence-Alpes-C%C3%B4te%20d%27Azur,%20FRA&x=5.447381703606&y=43.529801070774&radius=30000"
972138fc-b586-4403-b548-b12e9750ec3f,12549941,EAJE,,MAC JARDIN DES POMMES,,0442042748,,jardindespommes@wanadoo.fr, Quartier Saint Estève 13360 ROQUEVAIRE,ROQUEVAIRE,23780,NR,,false,,AIX EN PROVENCE CRECHE,"https://monenfant.fr/que-recherchez-vous?structure=EAJE&location=Aix-en-Provence,%20Bouches-du-Rh%C3%B4ne,%20Provence-Alpes-C%C3%B4te%20d%27Azur,%20FRA&x=5.447381703606&y=43.529801070774&radius=30000"
6a50af4c-c21d-44c1-bae9-882a9a7e56f9,12628158,EAJE,,LEI PARPAIOUN,http://maisonengq.cluster027.hosting.ovh.net,0494777056,,leiparpaioun@maisonenfance.fr,333 Avenue des Bastides 83910 POURRIERES,POURRIERES,23783,NR,,true,,AIX EN PROVENCE CRECHE,"https://monenfant.fr/que-recherchez-vous?structure=EAJE&location=Aix-en-Provence,%20Bouches-du-Rh%C3%B4ne,%20Provence-Alpes-C%C3%B4te%20d%27Azur,%20FRA&x=5.447381703606&y=43.529801070774&radius=30000"
6d6ed134-cf56-419f-86f2-90aa25d49164,12864726,EAJE,,MIC LES MALICIEUX DE CORBIÈRE,https://www.grandir.com/fr/nurseries/nursery/262,0413420067,,marseille.corbiere@crechesetmalices.com,43 Boulevard Tristan Corbiere 13012 MARSEILLE,MARSEILLE,23982,NR,,false,,AIX EN PROVENCE CRECHE,"https://monenfant.fr/que-recherchez-vous?structure=EAJE&location=Aix-en-Provence,%20Bouches-du-Rh%C3%B4ne,%20Provence-Alpes-C%C3%B4te%20d%27Azur,%20FRA&x=5.447381703606&y=43.529801070774&radius=30000"
6350390a-561b-4c3b-915c-f26c3408a4d8,12656237,EAJE,,MAC CHUTES LAVIE,,0491509681,,,39 Rue A. RIBOT 13004 MARSEILLE,MARSEILLE,24139,NR,,false,,AIX EN PROVENCE CRECHE,"https://monenfant.fr/que-recherchez-vous?structure=EAJE&location=Aix-en-Provence,%20Bouches-du-Rh%C3%B4ne,%20Provence-Alpes-C%C3%B4te%20d%27Azur,%20FRA&x=5.447381703606&y=43.529801070774&radius=30000"
4529ae4d-99a0-4432-a7b8-806fb05793e1,40508769,EAJE,,L'ILE AUX ANGES 4,https://www.micro-creches-marseille.fr/,04 86 68 29 05,,crecheminoludo@gmail.com,19 Avenue Fernandel 13012 MARSEILLE,MARSEILLE,24145,NR,,false,,AIX EN PROVENCE CRECHE,"https://monenfant.fr/que-recherchez-vous?structure=EAJE&location=Aix-en-Provence,%20Bouches-du-Rh%C3%B4ne,%20Provence-Alpes-C%C3%B4te%20d%27Azur,%20FRA&x=5.447381703606&y=43.529801070774&radius=30000"
019c186a-5813-49d4-ab67-bb06ca1cf2eb,18415093,EAJE,,MIC-PAJE LES VALENTINOIS,https://www.youbeeforkids.com/micro-creches-youbeeforkids/region-sud/micro-creche-valentinois-marseille-valentine/,0486974962,,lesvalentinois@youbee.com,151 Route des 3 lucs 13011 MARSEILLE,MARSEILLE,24155,ND,,false,,AIX EN PROVENCE CRECHE,"https://monenfant.fr/que-recherchez-vous?structure=EAJE&location=Aix-en-Provence,%20Bouches-du-Rh%C3%B4ne,%20Provence-Alpes-C%C3%B4te%20d%27Azur,%20FRA&x=5.447381703606&y=43.529801070774&radius=30000"
c6d21d97-ee1b-4f78-9b19-d261616be88a,18813548,EAJE,,LOUP ET COMPAGNIE,https://www.people-and-baby.com/creche/loup-et-compagnie/99105193?from=liste,0768842770,,,65 Rue Pierre Béranger 13012 MARSEILLE,MARSEILLE,24195,NR,,false,,AIX EN PROVENCE CRECHE,"https://monenfant.fr/que-recherchez-vous?structure=EAJE&location=Aix-en-Provence,%20Bouches-du-Rh%C3%B4ne,%20Provence-Alpes-C%C3%B4te%20d%27Azur,%20FRA&x=5.447381703606&y=43.529801070774&radius=30000"
540eabe2-faa9-418f-b6a5-6e0f6c99f85e,12545942,EAJE,,MAC BON SECOURS,,0491503540,,,5 Rue Paul Converset 13014 MARSEILLE,MARSEILLE,24226,NR,,false,,AIX EN PROVENCE CRECHE,"https://monenfant.fr/que-recherchez-vous?structure=EAJE&location=Aix-en-Provence,%20Bouches-du-Rh%C3%B4ne,%20Provence-Alpes-C%C3%B4te%20d%27Azur,%20FRA&x=5.447381703606&y=43.529801070774&radius=30000"
5263c616-75f7-49bf-8d68-79e2c2962aa5,12721046,EAJE,,LES PETITS PILOTES,https://www.crechesdusud.fr/creches/les-petits-pilotes/,0442313160,,marignane-lesflorides@creches-du-sud.fr,3 Rue Jacqueline Auriol 13700 MARIGNANE,MARIGNANE,24264,NR,,false,,AIX EN PROVENCE CRECHE,"https://monenfant.fr/que-recherchez-vous?structure=EAJE&location=Aix-en-Provence,%20Bouches-du-Rh%C3%B4ne,%20Provence-Alpes-C%C3%B4te%20d%27Azur,%20FRA&x=5.447381703606&y=43.529801070774&radius=30000"
6edf3b8b-1232-4a03-89f6-18867469b514,18182722,EAJE,,MAC LE CABANON ENCHANTE,https://www.creche-attitude.fr/creche/provence-alpes-cote-d-azur/bouches-du-rhone/marseille/cabanon-enchante/,0491580449,,,95 Rue Albe 13004 MARSEILLE,MARSEILLE,24404,NR,,false,,AIX EN PROVENCE CRECHE,"https://monenfant.fr/que-recherchez-vous?structure=EAJE&location=Aix-en-Provence,%20Bouches-du-Rh%C3%B4ne,%20Provence-Alpes-C%C3%B4te%20d%27Azur,%20FRA&x=5.447381703606&y=43.529801070774&radius=30000"
ad063779-2809-4e50-b703-6394303a9717,12535493,EAJE,,MAC CEYLAN,,0491023488,,,21 Passage Léo Ferré 13003 MARSEILLE,MARSEILLE,24424,NR,,false,,AIX EN PROVENCE CRECHE,"https://monenfant.fr/que-recherchez-vous?structure=EAJE&location=Aix-en-Provence,%20Bouches-du-Rh%C3%B4ne,%20Provence-Alpes-C%C3%B4te%20d%27Azur,%20FRA&x=5.447381703606&y=43.529801070774&radius=30000"
e817b321-336c-44f3-897f-071501456d0a,12540653,EAJE,,MAC FEDERATION,,0491023488,,,56 Boulevard de la Fédération 13004 MARSEILLE,MARSEILLE,24453,NR,,false,,AIX EN PROVENCE CRECHE,"https://monenfant.fr/que-recherchez-vous?structure=EAJE&location=Aix-en-Provence,%20Bouches-du-Rh%C3%B4ne,%20Provence-Alpes-C%C3%B4te%20d%27Azur,%20FRA&x=5.447381703606&y=43.529801070774&radius=30000"
5cfc7461-0562-4e4e-ae8e-3efdbcb7fb2c,63992590,EAJE,,MAC LES MILLE ROSES,https://www.maisondelafamille.net,0412045100,,crechelesmilleroses@maisondelafamille.net,126 Avenue Fernandel 13012 MARSEILLE,MARSEILLE,24498,NR,,false,,AIX EN PROVENCE CRECHE,"https://monenfant.fr/que-recherchez-vous?structure=EAJE&location=Aix-en-Provence,%20Bouches-du-Rh%C3%B4ne,%20Provence-Alpes-C%C3%B4te%20d%27Azur,%20FRA&x=5.447381703606&y=43.529801070774&radius=30000"
4221e8de-7715-4530-bec5-bec5be2b9764,40268929,EAJE,,MAC ZIM ZAM ZOUM,http://zim.zam.zoum.free.fr,0491066968,,zim.zam.zoum@free.fr,1 Rue Elzeard Rougier 13012 MARSEILLE,MARSEILLE,24525,NR,,false,,AIX EN PROVENCE CRECHE,"https://monenfant.fr/que-recherchez-vous?structure=EAJE&location=Aix-en-Provence,%20Bouches-du-Rh%C3%B4ne,%20Provence-Alpes-C%C3%B4te%20d%27Azur,%20FRA&x=5.447381703606&y=43.529801070774&radius=30000"
123deaeb-a9d7-4057-a1e0-8e14549854a4,33372431,EAJE,,MAC PLEIN SOLEIL,https://www.crescendo.asso.fr/,0491649641,,creche.felixpyat@groupe-sos.org,69 Rue Felix Pyat 13003 MARSEILLE,MARSEILLE,24585,NR,,false,,AIX EN PROVENCE CRECHE,"https://monenfant.fr/que-recherchez-vous?structure=EAJE&location=Aix-en-Provence,%20Bouches-du-Rh%C3%B4ne,%20Provence-Alpes-C%C3%B4te%20d%27Azur,%20FRA&x=5.447381703606&y=43.529801070774&radius=30000"
a539417f-f6fc-4fde-8bf9-c5bd3dd01f3b,63234906,EAJE,,ANAHIT,https://www.youbeeforkids.com/micro-creches-youbeeforkids/region-sud/micro-creche-anahit-marseille-beaumont/,0970970818,,anahit@youbee.com,236 Avenue du 24 Avril 1915 13012 MARSEILLE,MARSEILLE,24593,D,2026-08-25,false,,AIX EN PROVENCE CRECHE,"https://monenfant.fr/que-recherchez-vous?structure=EAJE&location=Aix-en-Provence,%20Bouches-du-Rh%C3%B4ne,%20Provence-Alpes-C%C3%B4te%20d%27Azur,%20FRA&x=5.447381703606&y=43.529801070774&radius=30000"
3a7d1187-bd6d-42fb-9086-59231430514e,12540481,EAJE,,MAC CADENAT,,0491626602,,,5 Rue Jobin 13003 MARSEILLE,MARSEILLE,24709,NR,,false,,AIX EN PROVENCE CRECHE,"https://monenfant.fr/que-recherchez-vous?structure=EAJE&location=Aix-en-Provence,%20Bouches-du-Rh%C3%B4ne,%20Provence-Alpes-C%C3%B4te%20d%27Azur,%20FRA&x=5.447381703606&y=43.529801070774&radius=30000"
1b956896-2a2b-4af5-9c52-ab51c1430d41,13052085,EAJE,,MAC FRICHE BELLE DE MAI,https://www.lafriche.org/la-friche/lieux/la-creche/,0426781278,,creche@lafriche.org,41 Rue Jobin 13003 MARSEILLE,MARSEILLE,24804,NR,,true,,AIX EN PROVENCE CRECHE,"https://monenfant.fr/que-recherchez-vous?structure=EAJE&location=Aix-en-Provence,%20Bouches-du-Rh%C3%B4ne,%20Provence-Alpes-C%C3%B4te%20d%27Azur,%20FRA&x=5.447381703606&y=43.529801070774&radius=30000"
7ab3a517-3c0f-40a7-bef0-0806943a9081,69869069,EAJE,,MÔMES EN POUSSETTE CHARTREUX,https://momesenpoussette.fr/,09 73 88 28 77,,chartreux@momesenpoussette.fr,36 Boulevard D'Arras 13004 MARSEILLE,MARSEILLE,24818,NR,,false,,AIX EN PROVENCE CRECHE,"https://monenfant.fr/que-recherchez-vous?structure=EAJE&location=Aix-en-Provence,%20Bouches-du-Rh%C3%B4ne,%20Provence-Alpes-C%C3%B4te%20d%27Azur,%20FRA&x=5.447381703606&y=43.529801070774&radius=30000"
2fae0812-370d-4c1c-b711-8fc593f85135,52227081,EAJE,,LA GRANDE BLEUE,https://www.people-and-baby.com/creche/la-grande-bleue/99173077?from=liste,0491641253,,la.grande.bleue@people-and-baby.com,63 Avenue Roger Salengro 13003 MARSEILLE,MARSEILLE,24895,NR,,false,,AIX EN PROVENCE CRECHE,"https://monenfant.fr/que-recherchez-vous?structure=EAJE&location=Aix-en-Provence,%20Bouches-du-Rh%C3%B4ne,%20Provence-Alpes-C%C3%B4te%20d%27Azur,%20FRA&x=5.447381703606&y=43.529801070774&radius=30000"
03473bcd-ec87-4385-9fca-d65ae5b07fb9,12535364,EAJE,,MAC DES CHARTREUX,,0491496957,,,51 Rue François Scaramelli 13004 MARSEILLE,MARSEILLE,24918,NR,,false,,AIX EN PROVENCE CRECHE,"https://monenfant.fr/que-recherchez-vous?structure=EAJE&location=Aix-en-Provence,%20Bouches-du-Rh%C3%B4ne,%20Provence-Alpes-C%C3%B4te%20d%27Azur,%20FRA&x=5.447381703606&y=43.529801070774&radius=30000"
434e651c-f570-475e-b7e6-49e678009df8,12520185,EAJE,,MAC ORIA,,0491347986,,oria@tele2.fr,77 Boulevard de roux 13004 MARSEILLE,MARSEILLE,24990,NR,,false,,AIX EN PROVENCE CRECHE,"https://monenfant.fr/que-recherchez-vous?structure=EAJE&location=Aix-en-Provence,%20Bouches-du-Rh%C3%B4ne,%20Provence-Alpes-C%C3%B4te%20d%27Azur,%20FRA&x=5.447381703606&y=43.529801070774&radius=30000"
d0edf8f4-9e2d-412b-8f91-9714db4e6bad,12760185,EAJE,,"MULTI-ACCUEIL ""LES ENFANTS DU LUBERON""",http://www.cotelub.fr,0490770183,,lesenfantsduluberon@cotelub-spl.fr, Rue des Aires - La Ferrage St Pons 84120 MIRABEAU,MIRABEAU,25028,NR,,false,,AIX EN PROVENCE CRECHE,"https://monenfant.fr/que-recherchez-vous?structure=EAJE&location=Aix-en-Provence,%20Bouches-du-Rh%C3%B4ne,%20Provence-Alpes-C%C3%B4te%20d%27Azur,%20FRA&x=5.447381703606&y=43.529801070774&radius=30000"
4481ea55-b01a-4eb2-9088-56ee0fa61a52,12657871,EAJE,,MAC LES MARMOTS,,0491575190,,lesmarmots@actimut.fr,83 Boulevard de Dunkerque 13002 MARSEILLE,MARSEILLE,25083,NR,,false,,AIX EN PROVENCE CRECHE,"https://monenfant.fr/que-recherchez-vous?structure=EAJE&location=Aix-en-Provence,%20Bouches-du-Rh%C3%B4ne,%20Provence-Alpes-C%C3%B4te%20d%27Azur,%20FRA&x=5.447381703606&y=43.529801070774&radius=30000"
c618eec6-7287-402d-8531-ccd6eb372eda,18182167,EAJE,,MAC TIRIOU,,0491058570,,,134 B Rue de Crimée 13003 MARSEILLE,MARSEILLE,25137,NR,,false,,AIX EN PROVENCE CRECHE,"https://monenfant.fr/que-recherchez-vous?structure=EAJE&location=Aix-en-Provence,%20Bouches-du-Rh%C3%B4ne,%20Provence-Alpes-C%C3%B4te%20d%27Azur,%20FRA&x=5.447381703606&y=43.529801070774&radius=30000"
b9c35632-815b-43d6-9322-fc1bce2f797d,12738900,EAJE,,MIC-PAJE TITI PANPAN 1,http://www.titi-panpan.fr,0491349940,,titi-panpan@hotmail.fr,39 Rue Audric 13012 MARSEILLE,MARSEILLE,25145,NR,,false,,AIX EN PROVENCE CRECHE,"https://monenfant.fr/que-recherchez-vous?structure=EAJE&location=Aix-en-Provence,%20Bouches-du-Rh%C3%B4ne,%20Provence-Alpes-C%C3%B4te%20d%27Azur,%20FRA&x=5.447381703606&y=43.529801070774&radius=30000"
8b427f9c-e375-47a4-990e-6ad14f836dfd,18182598,EAJE,,MAC DAME TARTINE,https://www.creche-attitude.fr/creche/provence-alpes-cote-d-azur/bouches-du-rhone/marseille/dame-tartine/,0413427555,,,9 Rue Melchior Guinot 13003 MARSEILLE,MARSEILLE,25181,NR,,false,,AIX EN PROVENCE CRECHE,"https://monenfant.fr/que-recherchez-vous?structure=EAJE&location=Aix-en-Provence,%20Bouches-du-Rh%C3%B4ne,%20Provence-Alpes-C%C3%B4te%20d%27Azur,%20FRA&x=5.447381703606&y=43.529801070774&radius=30000"
2297f496-3ceb-4ebe-99c1-ac22edf97217,12698643,EAJE,,MIC LA RUCHE,,0951219689,,laruche.microcreche@gmail.com,62 Rue du Génie 13003 MARSEILLE,MARSEILLE,25182,NR,,false,,AIX EN PROVENCE CRECHE,"https://monenfant.fr/que-recherchez-vous?structure=EAJE&location=Aix-en-Provence,%20Bouches-du-Rh%C3%B4ne,%20Provence-Alpes-C%C3%B4te%20d%27Azur,%20FRA&x=5.447381703606&y=43.529801070774&radius=30000"
4caab061-77e6-4617-9808-7af7cd6b5b42,12549898,EAJE,,MAC LES CAILLOLS,,0491935691,,,9 Avenue Louis Malosse 13012 MARSEILLE,MARSEILLE,25197,NR,,false,,AIX EN PROVENCE CRECHE,"https://monenfant.fr/que-recherchez-vous?structure=EAJE&location=Aix-en-Provence,%20Bouches-du-Rh%C3%B4ne,%20Provence-Alpes-C%C3%B4te%20d%27Azur,%20FRA&x=5.447381703606&y=43.529801070774&radius=30000"
7ea17db9-d022-4b76-81a2-accc4cf5e70d,12864769,EAJE,,MIC LES MALICIEUX DE BARNABÉ,http://www.lpcr.fr,0983549767,,,47 Rue Montaigne 13012 MARSEILLE,MARSEILLE,25208,NR,,false,,AIX EN PROVENCE CRECHE,"https://monenfant.fr/que-recherchez-vous?structure=EAJE&location=Aix-en-Provence,%20Bouches-du-Rh%C3%B4ne,%20Provence-Alpes-C%C3%B4te%20d%27Azur,%20FRA&x=5.447381703606&y=43.529801070774&radius=30000"
8cf75c0c-dc79-46bb-93cd-a4c733dee423,12654087,EAJE,,MAC LA CRECHE DU CHATEAU,,0491365360,,lacrecheduchateau.lmdb@orange.fr,156 Rue Montaigne 13012 MARSEILLE,MARSEILLE,25216,NR,,false,,AIX EN PROVENCE CRECHE,"https://monenfant.fr/que-recherchez-vous?structure=EAJE&location=Aix-en-Provence,%20Bouches-du-Rh%C3%B4ne,%20Provence-Alpes-C%C3%B4te%20d%27Azur,%20FRA&x=5.447381703606&y=43.529801070774&radius=30000"
1d0c02c7-58c6-437d-a022-40aaa72fcbc5,12728365,EAJE,,MIC PAJE LE JARDIN DES CHARTREUX,http://sogreenprovence.com/,0491439621,,sogreenprovence@gmail.com,70 Avenue Des Chartreux 13004 MARSEILLE,MARSEILLE,25284,NR,,false,,AIX EN PROVENCE CRECHE,"https://monenfant.fr/que-recherchez-vous?structure=EAJE&location=Aix-en-Provence,%20Bouches-du-Rh%C3%B4ne,%20Provence-Alpes-C%C3%B4te%20d%27Azur,%20FRA&x=5.447381703606&y=43.529801070774&radius=30000"
e53b273e-2516-4c81-8750-1dfaf2002ced,18407819,EAJE,,MIC-PAJE TITI PANPAN 3,http://www.titi-panpan.fr,0984491446,,titi-panpan@hotmail.fr,16 Rue Dr Cauvin 13012 MARSEILLE,MARSEILLE,25302,NR,,false,,AIX EN PROVENCE CRECHE,"https://monenfant.fr/que-recherchez-vous?structure=EAJE&location=Aix-en-Provence,%20Bouches-du-Rh%C3%B4ne,%20Provence-Alpes-C%C3%B4te%20d%27Azur,%20FRA&x=5.447381703606&y=43.529801070774&radius=30000"
3beca5fb-9c4b-4c0c-871e-3589a8f14eb9,19075870,EAJE,,MIC-PAJE NURSÉA BLANCARDE,http://www.nursea.fr/,0983887210,,,164 Avenue de la Blancarde 13004 MARSEILLE,MARSEILLE,25325,NR,,false,,AIX EN PROVENCE CRECHE,"https://monenfant.fr/que-recherchez-vous?structure=EAJE&location=Aix-en-Provence,%20Bouches-du-Rh%C3%B4ne,%20Provence-Alpes-C%C3%B4te%20d%27Azur,%20FRA&x=5.447381703606&y=43.529801070774&radius=30000"
e7a871fb-dcd5-4789-9612-c1a4775f9495,18173447,EAJE,,MAC LES REINETTES,https://www.maisondelafamille.net,0491017609,,crechelesreinettes@maisondelafamille.net,2 Traverse La Martine 13011 MARSEILLE,MARSEILLE,25412,NR,,false,,AIX EN PROVENCE CRECHE,"https://monenfant.fr/que-recherchez-vous?structure=EAJE&location=Aix-en-Provence,%20Bouches-du-Rh%C3%B4ne,%20Provence-Alpes-C%C3%B4te%20d%27Azur,%20FRA&x=5.447381703606&y=43.529801070774&radius=30000"
759c1f05-14de-443d-845f-5f7094f9391f,12542416,EAJE,,MAC PEYSSONNEL,,0491505236,,,15 Rue Peyssonnel 13003 MARSEILLE,MARSEILLE,25432,NR,,false,,AIX EN PROVENCE CRECHE,"https://monenfant.fr/que-recherchez-vous?structure=EAJE&location=Aix-en-Provence,%20Bouches-du-Rh%C3%B4ne,%20Provence-Alpes-C%C3%B4te%20d%27Azur,%20FRA&x=5.447381703606&y=43.529801070774&radius=30000"
d172f323-68a8-4659-9d2e-0ef93bdb2003,33746069,EAJE,,MAC CHANTERELLE,https://www.creches-du-sud.fr/nos-creches/chanterelle-marseille-longchamp,0484891180,,chanterelle@creches-du-sud.fr,3 Allée Simone Gébelin 13001 MARSEILLE,MARSEILLE,25452,NR,,false,,AIX EN PROVENCE CRECHE,"https://monenfant.fr/que-recherchez-vous?structure=EAJE&location=Aix-en-Provence,%20Bouches-du-Rh%C3%B4ne,%20Provence-Alpes-C%C3%B4te%20d%27Azur,%20FRA&x=5.447381703606&y=43.529801070774&radius=30000"
610886dc-793d-4522-823b-71161203dbb4,18407905,EAJE,,MIC-PAJE TITI PANPAN 2,http://www.titi-panpan.fr,0983732636,,titi-panpan@hotmail.fr,14 Rue Auger 13004 MARSEILLE,MARSEILLE,25498,NR,,false,,AIX EN PROVENCE CRECHE,"https://monenfant.fr/que-recherchez-vous?structure=EAJE&location=Aix-en-Provence,%20Bouches-du-Rh%C3%B4ne,%20Provence-Alpes-C%C3%B4te%20d%27Azur,%20FRA&x=5.447381703606&y=43.529801070774&radius=30000"
22983b85-c940-461c-b2e6-6fe5663e8303,18181862,EAJE,,MAC LPCR HOZIER,,0496175370,,,28 Rue d'hozier 13002 MARSEILLE,MARSEILLE,25578,NR,,false,,AIX EN PROVENCE CRECHE,"https://monenfant.fr/que-recherchez-vous?structure=EAJE&location=Aix-en-Provence,%20Bouches-du-Rh%C3%B4ne,%20Provence-Alpes-C%C3%B4te%20d%27Azur,%20FRA&x=5.447381703606&y=43.529801070774&radius=30000"
0d9aa774-1965-422b-b987-4a02797379ad,12656194,EAJE,,MAC CINQ AVENUES,,0491851054,,,5 Impasse Fissiaux 13004 MARSEILLE,MARSEILLE,25635,NR,,false,,AIX EN PROVENCE CRECHE,"https://monenfant.fr/que-recherchez-vous?structure=EAJE&location=Aix-en-Provence,%20Bouches-du-Rh%C3%B4ne,%20Provence-Alpes-C%C3%B4te%20d%27Azur,%20FRA&x=5.447381703606&y=43.529801070774&radius=30000"
ec121df0-f411-488b-a75a-36b8ce8f82da,12656366,EAJE,,MAC LES PIRATES,,0491360985,,johanna.mayet@ifac.asso.fr,36 Impasse Fissiaux 13004 MARSEILLE,MARSEILLE,25635,NR,,false,,AIX EN PROVENCE CRECHE,"https://monenfant.fr/que-recherchez-vous?structure=EAJE&location=Aix-en-Provence,%20Bouches-du-Rh%C3%B4ne,%20Provence-Alpes-C%C3%B4te%20d%27Azur,%20FRA&x=5.447381703606&y=43.529801070774&radius=30000"
74707ed4-5d68-44b8-a044-0c308e2e6d27,12740749,EAJE,,MAC LA RIBAMBELLE 13012,,0952428646,,ribambelle13@free.fr,25 Allée Grande Bastide Cazaulx 13012 MARSEILLE,MARSEILLE,25669,NR,,false,,AIX EN PROVENCE CRECHE,"https://monenfant.fr/que-recherchez-vous?structure=EAJE&location=Aix-en-Provence,%20Bouches-du-Rh%C3%B4ne,%20Provence-Alpes-C%C3%B4te%20d%27Azur,%20FRA&x=5.447381703606&y=43.529801070774&radius=30000"
9ae7ac79-cb46-4cfa-80ae-72425eb9015f,12519626,EAJE,,MAC LES P TITS LOUPS DE LONGCHAMP,,0491058211,,creche.longchamp@gmail.com,88 Boulevard Longchamp 13001 MARSEILLE,MARSEILLE,25683,NR,,true,,AIX EN PROVENCE CRECHE,"https://monenfant.fr/que-recherchez-vous?structure=EAJE&location=Aix-en-Provence,%20Bouches-du-Rh%C3%B4ne,%20Provence-Alpes-C%C3%B4te%20d%27Azur,%20FRA&x=5.447381703606&y=43.529801070774&radius=30000"
f2897672-8229-494c-85ab-b99b4e5d39ee,12864640,EAJE,,LES MALICIEUX DE BERNARDY,http://www.lpcr.fr,0413420069,,marseille.bernardy@crechesetmalices.com,24 Rue JEAN de Bernardy 13001 MARSEILLE,MARSEILLE,25723,NR,,false,,AIX EN PROVENCE CRECHE,"https://monenfant.fr/que-recherchez-vous?structure=EAJE&location=Aix-en-Provence,%20Bouches-du-Rh%C3%B4ne,%20Provence-Alpes-C%C3%B4te%20d%27Azur,%20FRA&x=5.447381703606&y=43.529801070774&radius=30000"
fb338aaf-9875-48b5-9b43-afd5105e925d,12612463,EAJE,,MAC LES GARRIGUETTES,http://www.crechelesgarriguettes.com,0491181438,,crechelesgarriguettes@maisondelafamille.net, Chemin des Accates 13011 MARSEILLE,MARSEILLE,25778,NR,,false,,AIX EN PROVENCE CRECHE,"https://monenfant.fr/que-recherchez-vous?structure=EAJE&location=Aix-en-Provence,%20Bouches-du-Rh%C3%B4ne,%20Provence-Alpes-C%C3%B4te%20d%27Azur,%20FRA&x=5.447381703606&y=43.529801070774&radius=30000"
894b7b5b-1d41-4f6b-b505-591ed200cab0,18419867,EAJE,,MIC LES GALINETTES,https://www.lamanelleauxenfants.fr,0491914976,,,203 Route Des Camoins 13011 MARSEILLE,MARSEILLE,25780,NR,,false,,AIX EN PROVENCE CRECHE,"https://monenfant.fr/que-recherchez-vous?structure=EAJE&location=Aix-en-Provence,%20Bouches-du-Rh%C3%B4ne,%20Provence-Alpes-C%C3%B4te%20d%27Azur,%20FRA&x=5.447381703606&y=43.529801070774&radius=30000"
d22df263-2991-42c8-8de4-4acca2d1a7ac,12612377,EAJE,,MAC LES MIRABELLES,http://www.crechelesmirabelles.com,0495082128,,crechelesmirabelles@maisondelafamille.net,8/10 Rue Camoin-jeune 13004 MARSEILLE,MARSEILLE,25790,NR,,false,,AIX EN PROVENCE CRECHE,"https://monenfant.fr/que-recherchez-vous?structure=EAJE&location=Aix-en-Provence,%20Bouches-du-Rh%C3%B4ne,%20Provence-Alpes-C%C3%B4te%20d%27Azur,%20FRA&x=5.447381703606&y=43.529801070774&radius=30000"
5836d819-f2fd-4b9a-b129-3a6460670435,18126968,EAJE,,MAC LES ZÉBULONS,,0490501836,,creche.leszebulons@lancon-provence.fr,256 Rue Lafayette 13680 LANCON PROVENCE,LANCON PROVENCE,25829,NR,,false,,AIX EN PROVENCE CRECHE,"https://monenfant.fr/que-recherchez-vous?structure=EAJE&location=Aix-en-Provence,%20Bouches-du-Rh%C3%B4ne,%20Provence-Alpes-C%C3%B4te%20d%27Azur,%20FRA&x=5.447381703606&y=43.529801070774&radius=30000"
93e37fbc-f806-4017-bb66-0a408e49bf6d,63236325,EAJE,,MADIBA 1,https://www.youbeeforkids.com/micro-creches-youbeeforkids/region-sud/creche-madiba-marseille-fourragere/,0973554655,,madiba1@youbee.com,4 Rue Louis Reybaud 13012 MARSEILLE,MARSEILLE,25848,D,2026-08-25,false,,AIX EN PROVENCE CRECHE,"https://monenfant.fr/que-recherchez-vous?structure=EAJE&location=Aix-en-Provence,%20Bouches-du-Rh%C3%B4ne,%20Provence-Alpes-C%C3%B4te%20d%27Azur,%20FRA&x=5.447381703606&y=43.529801070774&radius=30000"
f393fdb8-44a6-45fb-8524-ab216de8a3bc,63236454,EAJE,,MADIBA 2,https://www.youbeeforkids.com/micro-creches-youbeeforkids/region-sud/creche-madiba-marseille-fourragere/,0491459549,,madiba2@youbee.com,4 Rue Louis Reybaud 13012 MARSEILLE,MARSEILLE,25848,ND,,false,,AIX EN PROVENCE CRECHE,"https://monenfant.fr/que-recherchez-vous?structure=EAJE&location=Aix-en-Provence,%20Bouches-du-Rh%C3%B4ne,%20Provence-Alpes-C%C3%B4te%20d%27Azur,%20FRA&x=5.447381703606&y=43.529801070774&radius=30000"
ca003334-9951-43ab-8748-663c9bdd05a8,63477613,EAJE,,LES CHERUBINS DE L'HUVEAUNE,https://saint-zacharie-83640.les-cherubins-creches.com,0671756497,,c.resasco@les-cherubins.com,160 Avenue AURELIE DE PERETTI 83640 ST ZACHARIE,ST ZACHARIE,25869,NR,,false,,AIX EN PROVENCE CRECHE,"https://monenfant.fr/que-recherchez-vous?structure=EAJE&location=Aix-en-Provence,%20Bouches-du-Rh%C3%B4ne,%20Provence-Alpes-C%C3%B4te%20d%27Azur,%20FRA&x=5.447381703606&y=43.529801070774&radius=30000"
94db64d8-c4b6-41d1-a68b-1939ad1cadbf,62599975,EAJE,,MICRO CRECHE MINO LUDO JOLIETTE,https://www.micro-creches-marseille.fr/,0486682905,,minoludo.castellane@gmail.com,1 Quai de la Joliette 13002 MARSEILLE,MARSEILLE,25927,NR,,false,,AIX EN PROVENCE CRECHE,"https://monenfant.fr/que-recherchez-vous?structure=EAJE&location=Aix-en-Provence,%20Bouches-du-Rh%C3%B4ne,%20Provence-Alpes-C%C3%B4te%20d%27Azur,%20FRA&x=5.447381703606&y=43.529801070774&radius=30000"
58895838-d87b-465a-a4f5-e05aec813923,63235978,EAJE,,LES JARDINS D'HAITI,https://www.youbeeforkids.com/micro-creches-youbeeforkids/region-sud/creche-jardins-haiti-marseille-blancarde-st-barnabe/,0491348283,,lesjardinsdhaiti@youbee.com,65 Avenue d'Haiti 13012 MARSEILLE,MARSEILLE,25939,D,2026-09-07,false,,AIX EN PROVENCE CRECHE,"https://monenfant.fr/que-recherchez-vous?structure=EAJE&location=Aix-en-Provence,%20Bouches-du-Rh%C3%B4ne,%20Provence-Alpes-C%C3%B4te%20d%27Azur,%20FRA&x=5.447381703606&y=43.529801070774&radius=30000"
b44cb0af-48cf-46c7-8ae6-c39f4f0b2f57,62600023,EAJE,,MICRO CRECHE MINO LUDO BILINGUES,https://www.micro-creches-marseille.fr/,0486682905,,minoludo.castellane@gmail.com,84 Boulevard Des Dames 13002 MARSEILLE,MARSEILLE,25948,NR,,false,,AIX EN PROVENCE CRECHE,"https://monenfant.fr/que-recherchez-vous?structure=EAJE&location=Aix-en-Provence,%20Bouches-du-Rh%C3%B4ne,%20Provence-Alpes-C%C3%B4te%20d%27Azur,%20FRA&x=5.447381703606&y=43.529801070774&radius=30000"
06477a2d-2b37-4d29-8fd6-c6c49126da84,40310060,EAJE,,MIC LES CHÉRUBINS MALINS LA VALENTINE,https://marseille-13011.les-cherubins-creches.com/index.html,0785634204,,malins-lavalentine@les-cherubins.com,6 Rue de la Bourgade 13011 MARSEILLE,MARSEILLE,25949,NR,,false,,AIX EN PROVENCE CRECHE,"https://monenfant.fr/que-recherchez-vous?structure=EAJE&location=Aix-en-Provence,%20Bouches-du-Rh%C3%B4ne,%20Provence-Alpes-C%C3%B4te%20d%27Azur,%20FRA&x=5.447381703606&y=43.529801070774&radius=30000"
fbadb8b3-4896-45a0-9ab9-ff5d30eec6e3,18409062,EAJE,,MIC-PAJE MONTESSORI DORIA,http://www.montessori-marseille.fr/,0950896922,,info@montessori-marseille.fr,16 Rue Roussel Doria 13004 MARSEILLE,MARSEILLE,25949,NR,,false,,AIX EN PROVENCE CRECHE,"https://monenfant.fr/que-recherchez-vous?structure=EAJE&location=Aix-en-Provence,%20Bouches-du-Rh%C3%B4ne,%20Provence-Alpes-C%C3%B4te%20d%27Azur,%20FRA&x=5.447381703606&y=43.529801070774&radius=30000"
307db5a9-493b-4c88-8898-578cb134c794,63236105,EAJE,,LES DAMES,https://www.youbeeforkids.com/micro-creches-youbeeforkids/region-sud/micro-creche-dames-marseille-joliette/,0973214016,,lesdames@youbee.com,110 Boulevard Des Dames 13002 MARSEILLE,MARSEILLE,26002,D,2026-09-01,false,,AIX EN PROVENCE CRECHE,"https://monenfant.fr/que-recherchez-vous?structure=EAJE&location=Aix-en-Provence,%20Bouches-du-Rh%C3%B4ne,%20Provence-Alpes-C%C3%B4te%20d%27Azur,%20FRA&x=5.447381703606&y=43.529801070774&radius=30000"
8a3af569-87f5-4d25-8329-4a2faa3e21e9,12900115,EAJE,,MIC PAJE NURSEA SEBASTOPOL,,0982501111,,contact@nursea.fr,25 Rue Edmond Dantes 13004 MARSEILLE,MARSEILLE,26028,NR,,false,,AIX EN PROVENCE CRECHE,"https://monenfant.fr/que-recherchez-vous?structure=EAJE&location=Aix-en-Provence,%20Bouches-du-Rh%C3%B4ne,%20Provence-Alpes-C%C3%B4te%20d%27Azur,%20FRA&x=5.447381703606&y=43.529801070774&radius=30000"
f9deff42-b565-42ee-a8cc-6ac91a7ab5c3,19060577,EAJE,,MIC-PAJE AMANDINE ET GRENADINE,https://www.people-and-baby.com/creche/amandine-et-grenadine/992373,0980696184,,amandineetgrenadine@people-and-baby.com,3 Cour Joseph Thierry 13001 MARSEILLE,MARSEILLE,26033,NR,,false,,AIX EN PROVENCE CRECHE,"https://monenfant.fr/que-recherchez-vous?structure=EAJE&location=Aix-en-Provence,%20Bouches-du-Rh%C3%B4ne,%20Provence-Alpes-C%C3%B4te%20d%27Azur,%20FRA&x=5.447381703606&y=43.529801070774&radius=30000"
2acbc31d-52d8-4866-a860-127ed85c53de,12546501,EAJE,,MAC REPUBLIQUE,,0491902627,,,13 Boulevard des dames 13002 MARSEILLE,MARSEILLE,26056,NR,,false,,AIX EN PROVENCE CRECHE,"https://monenfant.fr/que-recherchez-vous?structure=EAJE&location=Aix-en-Provence,%20Bouches-du-Rh%C3%B4ne,%20Provence-Alpes-C%C3%B4te%20d%27Azur,%20FRA&x=5.447381703606&y=43.529801070774&radius=30000"
c9593d44-eb61-4c66-b77d-41c2f4b9b589,39203967,EAJE,,BABILOU MARSEILLE RÉPUBLIQUE DAMES,https://www.babilou.fr/,0488606558,,contact@babilou.com,27-29 Boulevard des Dames 13002 MARSEILLE,MARSEILLE,26058,NR,,false,,AIX EN PROVENCE CRECHE,"https://monenfant.fr/que-recherchez-vous?structure=EAJE&location=Aix-en-Provence,%20Bouches-du-Rh%C3%B4ne,%20Provence-Alpes-C%C3%B4te%20d%27Azur,%20FRA&x=5.447381703606&y=43.529801070774&radius=30000"
a3a9c042-4e8d-42bf-91a5-1ab83b71165d,40679631,EAJE,,MAC LES PETITS CHAPERONS ROUGES,https://www.lpcr.fr/fr/,0488922044,,marseille11@lpcr.fr,91 Rue des camoins 13011 MARSEILLE,MARSEILLE,26060,NR,,false,,AIX EN PROVENCE CRECHE,"https://monenfant.fr/que-recherchez-vous?structure=EAJE&location=Aix-en-Provence,%20Bouches-du-Rh%C3%B4ne,%20Provence-Alpes-C%C3%B4te%20d%27Azur,%20FRA&x=5.447381703606&y=43.529801070774&radius=30000"
6c2add4a-712f-49f6-af85-b0b77765a0ca,19095261,EAJE,,MIC-PAJE LES PETITES POUSSES,https://crecheslespetitespousses.com/,0496153750,,berangere@petitespousses.com,"145 Boulevard Baille - Le Clos Fleuri, bâtiment B1 13005 MARSEILLE",MARSEILLE,26073,NR,,false,,AIX EN PROVENCE CRECHE,"https://monenfant.fr/que-recherchez-vous?structure=EAJE&location=Aix-en-Provence,%20Bouches-du-Rh%C3%B4ne,%20Provence-Alpes-C%C3%B4te%20d%27Azur,%20FRA&x=5.447381703606&y=43.529801070774&radius=30000"
357869ab-2c01-43d6-9857-1cbd1cfe1117,35051242,EAJE,,NURSEA FOCH,https://www.nursea.fr,0986440431,,contact@nursea.fr,43 Rue emile duclaux 13004 MARSEILLE,MARSEILLE,26086,NR,,false,,AIX EN PROVENCE CRECHE,"https://monenfant.fr/que-recherchez-vous?structure=EAJE&location=Aix-en-Provence,%20Bouches-du-Rh%C3%B4ne,%20Provence-Alpes-C%C3%B4te%20d%27Azur,%20FRA&x=5.447381703606&y=43.529801070774&radius=30000"
2be6fc04-1b5e-4a6f-b062-686e896677fe,12550414,EAJE,,MAC TIVOLI,,0491478140,,,66 Cours François Roosevelt 13005 MARSEILLE,MARSEILLE,26087,NR,,false,,AIX EN PROVENCE CRECHE,"https://monenfant.fr/que-recherchez-vous?structure=EAJE&location=Aix-en-Provence,%20Bouches-du-Rh%C3%B4ne,%20Provence-Alpes-C%C3%B4te%20d%27Azur,%20FRA&x=5.447381703606&y=43.529801070774&radius=30000"
985f7da6-349f-499e-b922-1acacf7902c6,12656280,EAJE,,MAC UN AIR DE FAMILLE,,0495080456,,unairdefamille@apprentis-auteuil.org,5 Rue Antoine Pons 13004 MARSEILLE,MARSEILLE,26091,NR,,false,,AIX EN PROVENCE CRECHE,"https://monenfant.fr/que-recherchez-vous?structure=EAJE&location=Aix-en-Provence,%20Bouches-du-Rh%C3%B4ne,%20Provence-Alpes-C%C3%B4te%20d%27Azur,%20FRA&x=5.447381703606&y=43.529801070774&radius=30000"
e6829b38-4fd8-4bf9-b3d9-29c16d007ab7,12555015,EAJE,,ACO BEBE CAR 2  LES PETITS DAUPHINS,,0491554545,,,11 Rue des Convalescents 13001 MARSEILLE,MARSEILLE,26096,NR,,false,,AIX EN PROVENCE CRECHE,"https://monenfant.fr/que-recherchez-vous?structure=EAJE&location=Aix-en-Provence,%20Bouches-du-Rh%C3%B4ne,%20Provence-Alpes-C%C3%B4te%20d%27Azur,%20FRA&x=5.447381703606&y=43.529801070774&radius=30000"
d7052f70-720f-4fb9-880e-753b98760e0d,69367434,EAJE,,MICRO CRECHE PARENT'AISE,http://www.apprentis-auteuil.org,06 65 07 57 67,,parentaise@apprentis-auteuil.org,5 Rue Antoine Pons 13004 MARSEILLE,MARSEILLE,26108,NR,,false,,AIX EN PROVENCE CRECHE,"https://monenfant.fr/que-recherchez-vous?structure=EAJE&location=Aix-en-Provence,%20Bouches-du-Rh%C3%B4ne,%20Provence-Alpes-C%C3%B4te%20d%27Azur,%20FRA&x=5.447381703606&y=43.529801070774&radius=30000"
a45f205f-9d93-4fb7-8107-1eb50cc31bde,12545727,EAJE,,MAC BELSUNCE,,0491565935,,,61 Rue Longue des Capucins 13001 MARSEILLE,MARSEILLE,26112,NR,,false,,AIX EN PROVENCE CRECHE,"https://monenfant.fr/que-recherchez-vous?structure=EAJE&location=Aix-en-Provence,%20Bouches-du-Rh%C3%B4ne,%20Provence-Alpes-C%C3%B4te%20d%27Azur,%20FRA&x=5.447381703606&y=43.529801070774&radius=30000"
540bfe07-b0da-4746-aa83-c2b07204daf9,12554886,EAJE,,ACO BEBE CAR 1  BOUTONS D'OR,,0632289954,,,11 Rue des convalescents 13001 MARSEILLE,MARSEILLE,26113,NR,,false,,AIX EN PROVENCE CRECHE,"https://monenfant.fr/que-recherchez-vous?structure=EAJE&location=Aix-en-Provence,%20Bouches-du-Rh%C3%B4ne,%20Provence-Alpes-C%C3%B4te%20d%27Azur,%20FRA&x=5.447381703606&y=43.529801070774&radius=30000"
8eedbf1a-16ab-43c7-be27-2d188422ef70,12555230,EAJE,,ACO BEBECAR 3 LES NUAGES BLEUS,,0632289672,,,11 Rue des Convalescents 13001 MARSEILLE,MARSEILLE,26113,NR,,false,,AIX EN PROVENCE CRECHE,"https://monenfant.fr/que-recherchez-vous?structure=EAJE&location=Aix-en-Provence,%20Bouches-du-Rh%C3%B4ne,%20Provence-Alpes-C%C3%B4te%20d%27Azur,%20FRA&x=5.447381703606&y=43.529801070774&radius=30000"
17ca69a1-22fb-422a-b77a-1bca816e7e9d,12551489,EAJE,,ACO LES MINOTS DES CAPUCINS,,0491905233,,,5 Rue des Convalescents 13001 MARSEILLE,MARSEILLE,26138,NR,,false,,AIX EN PROVENCE CRECHE,"https://monenfant.fr/que-recherchez-vous?structure=EAJE&location=Aix-en-Provence,%20Bouches-du-Rh%C3%B4ne,%20Provence-Alpes-C%C3%B4te%20d%27Azur,%20FRA&x=5.447381703606&y=43.529801070774&radius=30000"
62db1c50-7327-427b-8c86-938f56393c44,12540567,EAJE,,MAC BUTTE DES CARMES,,0491561867,,,2 Rue des Grands Carmes 13002 MARSEILLE,MARSEILLE,26141,NR,,false,,AIX EN PROVENCE CRECHE,"https://monenfant.fr/que-recherchez-vous?structure=EAJE&location=Aix-en-Provence,%20Bouches-du-Rh%C3%B4ne,%20Provence-Alpes-C%C3%B4te%20d%27Azur,%20FRA&x=5.447381703606&y=43.529801070774&radius=30000"
86833698-7f17-4e1a-9d1b-8ec0bc7101c4,12592554,EAJE,,MAC LA MAISON DES PETITS,https://portail-animation.ufcv.fr,0491153210,,lamaisondespetits@ufcv.fr,9 Rue des Dominicaines 13001 MARSEILLE,MARSEILLE,26145,NR,,false,,AIX EN PROVENCE CRECHE,"https://monenfant.fr/que-recherchez-vous?structure=EAJE&location=Aix-en-Provence,%20Bouches-du-Rh%C3%B4ne,%20Provence-Alpes-C%C3%B4te%20d%27Azur,%20FRA&x=5.447381703606&y=43.529801070774&radius=30000"
917605e3-96cf-4f16-b1c8-3262cfe45f93,52225963,EAJE,,ARTY SHOW,https://www.people-and-baby.com/creche/arty-show/99194554?from=liste,0646399452,,arty.show@people-and-baby.com,62 Rue de la République 13002 MARSEILLE,MARSEILLE,26160,NR,,false,,AIX EN PROVENCE CRECHE,"https://monenfant.fr/que-recherchez-vous?structure=EAJE&location=Aix-en-Provence,%20Bouches-du-Rh%C3%B4ne,%20Provence-Alpes-C%C3%B4te%20d%27Azur,%20FRA&x=5.447381703606&y=43.529801070774&radius=30000"
a8636977-3a1e-43da-970c-9bbaf4264cb6,12541384,EAJE,,MAC DORIA,,0491343074,,,30 Boulevard Sakakini 13005 MARSEILLE,MARSEILLE,26198,NR,,false,,AIX EN PROVENCE CRECHE,"https://monenfant.fr/que-recherchez-vous?structure=EAJE&location=Aix-en-Provence,%20Bouches-du-Rh%C3%B4ne,%20Provence-Alpes-C%C3%B4te%20d%27Azur,%20FRA&x=5.447381703606&y=43.529801070774&radius=30000"
63c819b5-ca24-4ac0-b9c4-ba1a66357c0c,12545641,EAJE,,MAC LA BLANCARDE,,0491481937,,,135 Chemin Saint Jean du Désert 13005 MARSEILLE,MARSEILLE,26205,NR,,false,,AIX EN PROVENCE CRECHE,"https://monenfant.fr/que-recherchez-vous?structure=EAJE&location=Aix-en-Provence,%20Bouches-du-Rh%C3%B4ne,%20Provence-Alpes-C%C3%B4te%20d%27Azur,%20FRA&x=5.447381703606&y=43.529801070774&radius=30000"
c5b1cb34-57e0-4295-bfe9-1fc9f722e86b,12540610,EAJE,,MAC LA MAJOR,,0491900626,,,9 Rue de l'Observance 13002 MARSEILLE,MARSEILLE,26216,NR,,false,,AIX EN PROVENCE CRECHE,"https://monenfant.fr/que-recherchez-vous?structure=EAJE&location=Aix-en-Provence,%20Bouches-du-Rh%C3%B4ne,%20Provence-Alpes-C%C3%B4te%20d%27Azur,%20FRA&x=5.447381703606&y=43.529801070774&radius=30000"
9472359a-bfae-41f4-b2e7-0fe6db2c9b52,12535321,EAJE,,MAC CHAVE,,0491852978,,,312 Boulevard Chave 13005 MARSEILLE,MARSEILLE,26226,NR,,false,,AIX EN PROVENCE CRECHE,"https://monenfant.fr/que-recherchez-vous?structure=EAJE&location=Aix-en-Provence,%20Bouches-du-Rh%C3%B4ne,%20Provence-Alpes-C%C3%B4te%20d%27Azur,%20FRA&x=5.447381703606&y=43.529801070774&radius=30000"
f154e898-2ff2-4b8c-b152-5623b93c5029,40921962,EAJE,,MAC LES PREMIERS PAS,https://laligue13.fr/,0491872948,,sarah.isautier@laligue13.fr,99 Allée de la Rouguière 13011 MARSEILLE,MARSEILLE,26230,NR,,true,,AIX EN PROVENCE CRECHE,"https://monenfant.fr/que-recherchez-vous?structure=EAJE&location=Aix-en-Provence,%20Bouches-du-Rh%C3%B4ne,%20Provence-Alpes-C%C3%B4te%20d%27Azur,%20FRA&x=5.447381703606&y=43.529801070774&radius=30000"
f363114e-2e66-42d7-93ff-d8d056ff401f,12541685,EAJE,,MAC MISSION DE FRANCE,,0491900744,,,11 Rue Mission de France 13001 MARSEILLE,MARSEILLE,26251,NR,,false,,AIX EN PROVENCE CRECHE,"https://monenfant.fr/que-recherchez-vous?structure=EAJE&location=Aix-en-Provence,%20Bouches-du-Rh%C3%B4ne,%20Provence-Alpes-C%C3%B4te%20d%27Azur,%20FRA&x=5.447381703606&y=43.529801070774&radius=30000"
3d7ef3b8-5954-4272-a53e-86ae6210f2b3,19065593,EAJE,,MIC-PAJE LES MALICIEUX DE MAZENOD,https://www.grandir.com/fr/nurseries/nursery/420,0491902523,,,3 Rue Mazenod 13002 MARSEILLE,MARSEILLE,26253,NR,,false,,AIX EN PROVENCE CRECHE,"https://monenfant.fr/que-recherchez-vous?structure=EAJE&location=Aix-en-Provence,%20Bouches-du-Rh%C3%B4ne,%20Provence-Alpes-C%C3%B4te%20d%27Azur,%20FRA&x=5.447381703606&y=43.529801070774&radius=30000"
0f139049-d2b7-42cd-a22f-8a776354960f,62599925,EAJE,,MIC REPUBLIQUE BAT A,https://www.micro-creches-marseille.fr/,0486682905,,minoludo.castellane@gmail.com,8 Rue Félix Eboué 13002 MARSEILLE,MARSEILLE,26255,NR,,false,,AIX EN PROVENCE CRECHE,"https://monenfant.fr/que-recherchez-vous?structure=EAJE&location=Aix-en-Provence,%20Bouches-du-Rh%C3%B4ne,%20Provence-Alpes-C%C3%B4te%20d%27Azur,%20FRA&x=5.447381703606&y=43.529801070774&radius=30000"
1ffa1987-66cf-490d-bb17-be1393d391c9,69868497,EAJE,,MÔMES EN POUSSETTE CAMAS,https://momesenpoussette.fr/,0986305303,,mic.momesenpoussette@gmail.com,22 Rue de Verdun 13005 MARSEILLE,MARSEILLE,26268,NR,,false,,AIX EN PROVENCE CRECHE,"https://monenfant.fr/que-recherchez-vous?structure=EAJE&location=Aix-en-Provence,%20Bouches-du-Rh%C3%B4ne,%20Provence-Alpes-C%C3%B4te%20d%27Azur,%20FRA&x=5.447381703606&y=43.529801070774&radius=30000"
17680fb6-f9a5-475a-9a88-05bf45a4b87e,12553037,EAJE,,"MULTI-ACCUEIL ""LA MARELLE""",,0490083395,,mini-creche-de-lauris@wanadoo.fr,3 Avenue Alphonse Daudet 84360 LAURIS,LAURIS,26340,NR,,false,,AIX EN PROVENCE CRECHE,"https://monenfant.fr/que-recherchez-vous?structure=EAJE&location=Aix-en-Provence,%20Bouches-du-Rh%C3%B4ne,%20Provence-Alpes-C%C3%B4te%20d%27Azur,%20FRA&x=5.447381703606&y=43.529801070774&radius=30000"
9c14df2e-07f6-4b7f-bf7b-5c6a76744489,18182916,EAJE,,MAC LA CABANNE DE CLEMENTINE,https://www.creche-attitude.fr/creche/provence-alpes-cote-d-azur/bouches-du-rhone/marseille/la-cabane-de-clementine/,0491580449,,,210 Boulevard Chave 13005 MARSEILLE,MARSEILLE,26342,NR,,false,,AIX EN PROVENCE CRECHE,"https://monenfant.fr/que-recherchez-vous?structure=EAJE&location=Aix-en-Provence,%20Bouches-du-Rh%C3%B4ne,%20Provence-Alpes-C%C3%B4te%20d%27Azur,%20FRA&x=5.447381703606&y=43.529801070774&radius=30000"
e7d33df8-12d3-4e7d-8a62-d4513d9a0222,18405972,EAJE,,MIC-PAJE PETIT JULES,https://www.la-maison-bleue.fr,0442039503,,,1135 Route Nationale 96 13400 AUBAGNE,AUBAGNE,26364,NR,,false,,AIX EN PROVENCE CRECHE,"https://monenfant.fr/que-recherchez-vous?structure=EAJE&location=Aix-en-Provence,%20Bouches-du-Rh%C3%B4ne,%20Provence-Alpes-C%C3%B4te%20d%27Azur,%20FRA&x=5.447381703606&y=43.529801070774&radius=30000"
23bffdbf-b737-4eb6-a2b3-3884ffaeb75f,12627857,EAJE,,LA RIBAMBELLE,http://maisonengq.cluster027.hosting.ovh.net,0442011669,,laribambelle@maisonenfance.fr,Boulevard des Martyrs de la Résistance 83640 ST ZACHARIE,ST ZACHARIE,26372,NR,,true,,AIX EN PROVENCE CRECHE,"https://monenfant.fr/que-recherchez-vous?structure=EAJE&location=Aix-en-Provence,%20Bouches-du-Rh%C3%B4ne,%20Provence-Alpes-C%C3%B4te%20d%27Azur,%20FRA&x=5.447381703606&y=43.529801070774&radius=30000"
8c046843-924c-431e-86a9-e66331a35732,12562411,EAJE,,MAC LES MYOSOTIS,,0630531078,,lesmyosotis@saint-joseph-afor.fr,79 Rue des Myosotis 13011 MARSEILLE,MARSEILLE,26389,NR,,false,,AIX EN PROVENCE CRECHE,"https://monenfant.fr/que-recherchez-vous?structure=EAJE&location=Aix-en-Provence,%20Bouches-du-Rh%C3%B4ne,%20Provence-Alpes-C%C3%B4te%20d%27Azur,%20FRA&x=5.447381703606&y=43.529801070774&radius=30000"
4e2afc26-6513-4558-adf9-4d2d2f7d1611,12612506,EAJE,,MAC LES NECTARINES,http://www.crechelesnectarines.com,0491420864,,crechelesnectarines@maisondelafamille.net,36 Boulevard des Frères Godchot 13005 MARSEILLE,MARSEILLE,26460,NR,,false,,AIX EN PROVENCE CRECHE,"https://monenfant.fr/que-recherchez-vous?structure=EAJE&location=Aix-en-Provence,%20Bouches-du-Rh%C3%B4ne,%20Provence-Alpes-C%C3%B4te%20d%27Azur,%20FRA&x=5.447381703606&y=43.529801070774&radius=30000"
f6ac7975-dc6c-4638-a1c1-a5072a2c5668,12560734,EAJE,,MAC SOL EN SI,http://www.solensi.org,0491928666,,multiaccueil13@solensi.org,29 A Place Jean Jaurès 13005 MARSEILLE,MARSEILLE,26494,NR,,false,,AIX EN PROVENCE CRECHE,"https://monenfant.fr/que-recherchez-vous?structure=EAJE&location=Aix-en-Provence,%20Bouches-du-Rh%C3%B4ne,%20Provence-Alpes-C%C3%B4te%20d%27Azur,%20FRA&x=5.447381703606&y=43.529801070774&radius=30000"
c8ee7ca2-29ac-4aef-9e4e-54076eb2df24,18750565,EAJE,,MIC-PAJE LE PATIO,https://www.youbeeforkids.com/micro-creches-youbeeforkids/region-sud/micro-creche-le-patio-joliette-marseille/,0980674403,,lepatio@youbee.com,21 Rue Mirès - Immeuble le Patio 13002 MARSEILLE,MARSEILLE,26536,D,2026-08-25,false,,AIX EN PROVENCE CRECHE,"https://monenfant.fr/que-recherchez-vous?structure=EAJE&location=Aix-en-Provence,%20Bouches-du-Rh%C3%B4ne,%20Provence-Alpes-C%C3%B4te%20d%27Azur,%20FRA&x=5.447381703606&y=43.529801070774&radius=30000"
99946476-3483-4821-86ed-a33afa420119,12551145,EAJE,,ACO LES MINOTS DE FONSCOLOMBES,,0491057782,,,3 Boulevard Fonscolombes - Immeuble Le Goëland 13003 MARSEILLE,MARSEILLE,26536,NR,,false,,AIX EN PROVENCE CRECHE,"https://monenfant.fr/que-recherchez-vous?structure=EAJE&location=Aix-en-Provence,%20Bouches-du-Rh%C3%B4ne,%20Provence-Alpes-C%C3%B4te%20d%27Azur,%20FRA&x=5.447381703606&y=43.529801070774&radius=30000"
bdbd8121-ebe4-4533-8b2e-00b7a68d2838,12551403,EAJE,,ACO LES MINOTS DE SAINT CHARLES,,0491509265,,,23 Rue Lucien Rolmer - Bâtiment G 13003 MARSEILLE,MARSEILLE,26536,NR,,false,,AIX EN PROVENCE CRECHE,"https://monenfant.fr/que-recherchez-vous?structure=EAJE&location=Aix-en-Provence,%20Bouches-du-Rh%C3%B4ne,%20Provence-Alpes-C%C3%B4te%20d%27Azur,%20FRA&x=5.447381703606&y=43.529801070774&radius=30000"
cf990a15-c4ff-4784-b42c-5f16cfc0d6a8,12703760,EAJE,,BULLES D'AIR,,0491013247,,, Rue de la Pinède Cité Air Bel Bât 62 13011 MARSEILLE,MARSEILLE,26536,NR,,false,,AIX EN PROVENCE CRECHE,"https://monenfant.fr/que-recherchez-vous?structure=EAJE&location=Aix-en-Provence,%20Bouches-du-Rh%C3%B4ne,%20Provence-Alpes-C%C3%B4te%20d%27Azur,%20FRA&x=5.447381703606&y=43.529801070774&radius=30000"
70adcd89-3b7c-4f31-9133-e2f3710a4ace,12786501,EAJE,,BULLES DE ZEPHYR,,0491013094,,asso.microbulles@gmail.com, Place des quatre tours Cité Air Bel 13011 MARSEILLE,MARSEILLE,26536,NR,,false,,AIX EN PROVENCE CRECHE,"https://monenfant.fr/que-recherchez-vous?structure=EAJE&location=Aix-en-Provence,%20Bouches-du-Rh%C3%B4ne,%20Provence-Alpes-C%C3%B4te%20d%27Azur,%20FRA&x=5.447381703606&y=43.529801070774&radius=30000"
34aaa703-1dda-4215-931b-5ecf564d305e,18173584,EAJE,,CHOCOLATINE,https://www.people-and-baby.com/creche/chocolatine/992570?from=liste&amp;landing_id=33219,0973200608,,chocolatine@people-and-baby.com, Rue de la Vallée Verte- Domaine Vallée Verte 13011 MARSEILLE,MARSEILLE,26536,NR,,false,,AIX EN PROVENCE CRECHE,"https://monenfant.fr/que-recherchez-vous?structure=EAJE&location=Aix-en-Provence,%20Bouches-du-Rh%C3%B4ne,%20Provence-Alpes-C%C3%B4te%20d%27Azur,%20FRA&x=5.447381703606&y=43.529801070774&radius=30000"
7dd62cc4-e645-42d8-96a6-85c7c0859d82,12654603,EAJE,,MAC BALOU 3,,0484251117,,balou3@baloucreche.com,67 Rue Robert et Fénélon guidicelli 13007 MARSEILLE,MARSEILLE,26536,NR,,false,,AIX EN PROVENCE CRECHE,"https://monenfant.fr/que-recherchez-vous?structure=EAJE&location=Aix-en-Provence,%20Bouches-du-Rh%C3%B4ne,%20Provence-Alpes-C%C3%B4te%20d%27Azur,%20FRA&x=5.447381703606&y=43.529801070774&radius=30000"
6bc1e33c-dbfb-4400-ba29-d43334b61b34,18181712,EAJE,,MAC LA MAISON DE L' ESCAPADE,,0491461822,,, Place des Bartavelles 13016 MARSEILLE,MARSEILLE,26536,NR,,false,,AIX EN PROVENCE CRECHE,"https://monenfant.fr/que-recherchez-vous?structure=EAJE&location=Aix-en-Provence,%20Bouches-du-Rh%C3%B4ne,%20Provence-Alpes-C%C3%B4te%20d%27Azur,%20FRA&x=5.447381703606&y=43.529801070774&radius=30000"
3a8da3e0-399a-4f10-a224-31c016f14b5c,12546845,EAJE,,MAC SAINT LOUP,,0491353401,,,63 Traverse La Valbarelle Saint Cyr 13010 MARSEILLE,MARSEILLE,26536,NR,,false,,AIX EN PROVENCE CRECHE,"https://monenfant.fr/que-recherchez-vous?structure=EAJE&location=Aix-en-Provence,%20Bouches-du-Rh%C3%B4ne,%20Provence-Alpes-C%C3%B4te%20d%27Azur,%20FRA&x=5.447381703606&y=43.529801070774&radius=30000"
936684db-7387-4c37-a293-a765e37d1734,12997553,EAJE,,MAC TIBOULEN,,0491747299,,contact@iae183.fr,7 Traverse bessede ZAC de Capelette 13010 MARSEILLE,MARSEILLE,26536,NR,,false,,AIX EN PROVENCE CRECHE,"https://monenfant.fr/que-recherchez-vous?structure=EAJE&location=Aix-en-Provence,%20Bouches-du-Rh%C3%B4ne,%20Provence-Alpes-C%C3%B4te%20d%27Azur,%20FRA&x=5.447381703606&y=43.529801070774&radius=30000"
7a1255d1-016d-4775-844b-f8a052cec607,18182077,EAJE,,MIC LA RUCHE DU SUD,,0951219689,,laruche.microcreche@gmail.com,21 Rue du sud et du Père Louis Théodore 13003 MARSEILLE,MARSEILLE,26536,NR,,false,,AIX EN PROVENCE CRECHE,"https://monenfant.fr/que-recherchez-vous?structure=EAJE&location=Aix-en-Provence,%20Bouches-du-Rh%C3%B4ne,%20Provence-Alpes-C%C3%B4te%20d%27Azur,%20FRA&x=5.447381703606&y=43.529801070774&radius=30000"
11593df2-2056-45cc-94ad-8f9e32d610cf,18883887,EAJE,,MIC LPC DONADILLE LES BARONNIES,https://www.creche-attitude.fr/creche/provence-alpes-cote-d-azur/bouches-du-rhone/marseille/la-capsule/,0491951718,,,15 Rue Marc Donadille - Technopole de Château Gombert - Bat C 13013 MARSEILLE,MARSEILLE,26536,NR,,false,,AIX EN PROVENCE CRECHE,"https://monenfant.fr/que-recherchez-vous?structure=EAJE&location=Aix-en-Provence,%20Bouches-du-Rh%C3%B4ne,%20Provence-Alpes-C%C3%B4te%20d%27Azur,%20FRA&x=5.447381703606&y=43.529801070774&radius=30000"
24b5124e-041c-4b1e-b7f5-0cf63bc766db,21183695,EAJE,,MIC-PAJE CASSIOPÉE - LPCR,https://www.creche-attitude.fr/creche/provence-alpes-cote-d-azur/aix-en-Provence/marseille/cassiopee/,0491452983,,,80 Avenue de la Corse - Immeuble le Paralia 13007 MARSEILLE,MARSEILLE,26536,NR,,false,,AIX EN PROVENCE CRECHE,"https://monenfant.fr/que-recherchez-vous?structure=EAJE&location=Aix-en-Provence,%20Bouches-du-Rh%C3%B4ne,%20Provence-Alpes-C%C3%B4te%20d%27Azur,%20FRA&x=5.447381703606&y=43.529801070774&radius=30000"
509a5e80-7861-4754-ba25-c2b9a1041be6,18416900,EAJE,,MICROCRECHE LES PETITS PETONS,,0651273544,,,10 Avenue Les écureuils. Résidence les cigalons 13011 MARSEILLE,MARSEILLE,26536,NR,,false,,AIX EN PROVENCE CRECHE,"https://monenfant.fr/que-recherchez-vous?structure=EAJE&location=Aix-en-Provence,%20Bouches-du-Rh%C3%B4ne,%20Provence-Alpes-C%C3%B4te%20d%27Azur,%20FRA&x=5.447381703606&y=43.529801070774&radius=30000"
52593694-67ba-4355-8766-fa8fc61d9034,18986497,EAJE,,MICROCRECHE MON BEBE SIGNES,http://monbebesigne.com/,0680287853,,monbebesigne@orange.fr,42 Rue Alphonse Daudet - Quartier St Just 13013 MARSEILLE,MARSEILLE,26536,NR,,false,,AIX EN PROVENCE CRECHE,"https://monenfant.fr/que-recherchez-vous?structure=EAJE&location=Aix-en-Provence,%20Bouches-du-Rh%C3%B4ne,%20Provence-Alpes-C%C3%B4te%20d%27Azur,%20FRA&x=5.447381703606&y=43.529801070774&radius=30000"
e6b58fa6-92e4-47d7-b1df-8ded6b692881,12542244,EAJE,,MAC LA POMME,,0491898028,,,17 Traverse Traverse de la Grognarde 13011 MARSEILLE,MARSEILLE,26565,NR,,false,,AIX EN PROVENCE CRECHE,"https://monenfant.fr/que-recherchez-vous?structure=EAJE&location=Aix-en-Provence,%20Bouches-du-Rh%C3%B4ne,%20Provence-Alpes-C%C3%B4te%20d%27Azur,%20FRA&x=5.447381703606&y=43.529801070774&radius=30000"
247ab50b-d93f-4168-aabf-ddd33fda710e,12571656,EAJE,,MAC LA POMME,,0491898028,,,17 Traverse de la Grognarde 13011 MARSEILLE,MARSEILLE,26565,NR,,false,,AIX EN PROVENCE CRECHE,"https://monenfant.fr/que-recherchez-vous?structure=EAJE&location=Aix-en-Provence,%20Bouches-du-Rh%C3%B4ne,%20Provence-Alpes-C%C3%B4te%20d%27Azur,%20FRA&x=5.447381703606&y=43.529801070774&radius=30000"
65e76438-5805-4ef8-a75f-d122b9a5e39f,12520357,EAJE,,MAC LES PINSONS,,0490429200,,candy.saliba@lancon-provence.fr, Rue Alfred de Musset 13680 LANCON PROVENCE,LANCON PROVENCE,26581,NR,,false,,AIX EN PROVENCE CRECHE,"https://monenfant.fr/que-recherchez-vous?structure=EAJE&location=Aix-en-Provence,%20Bouches-du-Rh%C3%B4ne,%20Provence-Alpes-C%C3%B4te%20d%27Azur,%20FRA&x=5.447381703606&y=43.529801070774&radius=30000"
b3f5f89c-265d-4dd0-a1f7-af2c2ef77280,12627599,EAJE,,LES PETITS MEUNIERS,,0972535735,,crecherians@odelvar.com, Rue René Cassin 83560 RIANS,RIANS,26631,NR,,false,,AIX EN PROVENCE CRECHE,"https://monenfant.fr/que-recherchez-vous?structure=EAJE&location=Aix-en-Provence,%20Bouches-du-Rh%C3%B4ne,%20Provence-Alpes-C%C3%B4te%20d%27Azur,%20FRA&x=5.447381703606&y=43.529801070774&radius=30000"
f040baf9-1da5-44da-9c45-551706f4bdee,18415488,EAJE,,MIC-PAJE LUNA BANANA,https://www.ub4kids.com,0491467622,,,25 Boulevard Saint-Marcel 13011 MARSEILLE,MARSEILLE,26656,D,2026-08-25,false,,AIX EN PROVENCE CRECHE,"https://monenfant.fr/que-recherchez-vous?structure=EAJE&location=Aix-en-Provence,%20Bouches-du-Rh%C3%B4ne,%20Provence-Alpes-C%C3%B4te%20d%27Azur,%20FRA&x=5.447381703606&y=43.529801070774&radius=30000"
3bef6c0e-9894-4b57-ab8e-78991ee5eb5e,12532827,EAJE,,MAC INTERNAT TIMONE,,0491387029,,,264 Rue Saint Pierre 13005 MARSEILLE,MARSEILLE,26705,NR,,false,,AIX EN PROVENCE CRECHE,"https://monenfant.fr/que-recherchez-vous?structure=EAJE&location=Aix-en-Provence,%20Bouches-du-Rh%C3%B4ne,%20Provence-Alpes-C%C3%B4te%20d%27Azur,%20FRA&x=5.447381703606&y=43.529801070774&radius=30000"
1520b4dc-4629-41da-8daa-95a2456dc884,12532999,EAJE,,MACF LES 13 BERLINGOTS,,0491383351,,,264 Rue ST Pierre 13005 MARSEILLE,MARSEILLE,26705,NR,,false,,AIX EN PROVENCE CRECHE,"https://monenfant.fr/que-recherchez-vous?structure=EAJE&location=Aix-en-Provence,%20Bouches-du-Rh%C3%B4ne,%20Provence-Alpes-C%C3%B4te%20d%27Azur,%20FRA&x=5.447381703606&y=43.529801070774&radius=30000"
e16aeec0-79a3-4256-96a2-de320383c2c4,18183110,EAJE,,MAC BALOU 1,http://www.balou-creche.com/,0491921554,,,53 Cours Julien 13006 MARSEILLE,MARSEILLE,26706,NR,,false,,AIX EN PROVENCE CRECHE,"https://monenfant.fr/que-recherchez-vous?structure=EAJE&location=Aix-en-Provence,%20Bouches-du-Rh%C3%B4ne,%20Provence-Alpes-C%C3%B4te%20d%27Azur,%20FRA&x=5.447381703606&y=43.529801070774&radius=30000"
b6fafba3-2348-4f63-99ea-fc36a0defa11,12721777,EAJE,,MIC LES CARDELINES,http://www.famillesrurales.org,0442633552,,fd.bouchesdurhone@famillesrurales.org, Boulevard De la Durance 13350 CHARLEVAL,CHARLEVAL,26718,NR,,false,,AIX EN PROVENCE CRECHE,"https://monenfant.fr/que-recherchez-vous?structure=EAJE&location=Aix-en-Provence,%20Bouches-du-Rh%C3%B4ne,%20Provence-Alpes-C%C3%B4te%20d%27Azur,%20FRA&x=5.447381703606&y=43.529801070774&radius=30000"
fee4b767-ac60-4311-8958-d22e65763bed,12532913,EAJE,,MAC LES 15 SUCRES D'ORGE,,0491383350,,,1 Boulevard Daouest 13005 MARSEILLE,MARSEILLE,26809,NR,,false,,AIX EN PROVENCE CRECHE,"https://monenfant.fr/que-recherchez-vous?structure=EAJE&location=Aix-en-Provence,%20Bouches-du-Rh%C3%B4ne,%20Provence-Alpes-C%C3%B4te%20d%27Azur,%20FRA&x=5.447381703606&y=43.529801070774&radius=30000"
708903b8-ac36-4fb3-a8ea-a624145341e1,12738771,EAJE,,MIC GREEN DAYS,http://sogreenprovence.com/,0491982455,,sogreenprovence@gmail.com,8 Rue Hugueny 13005 MARSEILLE,MARSEILLE,26815,NR,,false,,AIX EN PROVENCE CRECHE,"https://monenfant.fr/que-recherchez-vous?structure=EAJE&location=Aix-en-Provence,%20Bouches-du-Rh%C3%B4ne,%20Provence-Alpes-C%C3%B4te%20d%27Azur,%20FRA&x=5.447381703606&y=43.529801070774&radius=30000"
fa2ea212-7121-4ab0-8f34-9b2350db5620,40355438,EAJE,,MAC CRILLON,,0442390725,,eajec.crillon@croix-rouge.fr,33 Rue Crillon 13005 MARSEILLE,MARSEILLE,26839,NR,,false,,AIX EN PROVENCE CRECHE,"https://monenfant.fr/que-recherchez-vous?structure=EAJE&location=Aix-en-Provence,%20Bouches-du-Rh%C3%B4ne,%20Provence-Alpes-C%C3%B4te%20d%27Azur,%20FRA&x=5.447381703606&y=43.529801070774&radius=30000"
9cda93a0-ef91-40b3-82d9-8d3636734d42,12541341,EAJE,,MAC LIEUTAUD,,0491334724,,,66 Cours Lieutaud 13006 MARSEILLE,MARSEILLE,26879,NR,,false,,AIX EN PROVENCE CRECHE,"https://monenfant.fr/que-recherchez-vous?structure=EAJE&location=Aix-en-Provence,%20Bouches-du-Rh%C3%B4ne,%20Provence-Alpes-C%C3%B4te%20d%27Azur,%20FRA&x=5.447381703606&y=43.529801070774&radius=30000"
4e65ff51-623e-4d25-903a-68fe879d73b2,12591221,EAJE,,MAC DE L INTERNAT,,0491387029,,crecheinternat@orange.fr,27 Boulevard Jean Moulin 13009 MARSEILLE,MARSEILLE,27035,NR,,false,,AIX EN PROVENCE CRECHE,"https://monenfant.fr/que-recherchez-vous?structure=EAJE&location=Aix-en-Provence,%20Bouches-du-Rh%C3%B4ne,%20Provence-Alpes-C%C3%B4te%20d%27Azur,%20FRA&x=5.447381703606&y=43.529801070774&radius=30000"
fc8b8b67-1177-4a6f-b21c-44cb4fc0d67b,19098923,EAJE,,MIC-PAJE LES PETITES POUSSES DE ST PIERRE,https://crecheslespetitespousses.com/,0973197854,,berangere@petitespousses.com,145 bis Boulevard Baille 13005 MARSEILLE,MARSEILLE,27036,NR,,false,,AIX EN PROVENCE CRECHE,"https://monenfant.fr/que-recherchez-vous?structure=EAJE&location=Aix-en-Provence,%20Bouches-du-Rh%C3%B4ne,%20Provence-Alpes-C%C3%B4te%20d%27Azur,%20FRA&x=5.447381703606&y=43.529801070774&radius=30000"
bbb63e7f-a931-4c47-89d2-4b9593707c04,19120926,EAJE,,MIC-PAJE MINOTS ECOLO 2,http://www.lesminotsecolo.fr/,0953982205,,les.micro.creches.ecolo@gmail.com,55 Rue Château-Payan 13005 MARSEILLE,MARSEILLE,27056,NR,,false,,AIX EN PROVENCE CRECHE,"https://monenfant.fr/que-recherchez-vous?structure=EAJE&location=Aix-en-Provence,%20Bouches-du-Rh%C3%B4ne,%20Provence-Alpes-C%C3%B4te%20d%27Azur,%20FRA&x=5.447381703606&y=43.529801070774&radius=30000"
47d11b52-0f9d-4af3-a810-c07ed9adaf90,12760056,EAJE,,"MULTI-ACCUEIL ""LES MINOTS""",http://www.cotelub.fr,0954019917,,crechelesminots@cotelub-spl.fr, Montée du Château Vieux 84160 CUCURON,CUCURON,27080,NR,,false,,AIX EN PROVENCE CRECHE,"https://monenfant.fr/que-recherchez-vous?structure=EAJE&location=Aix-en-Provence,%20Bouches-du-Rh%C3%B4ne,%20Provence-Alpes-C%C3%B4te%20d%27Azur,%20FRA&x=5.447381703606&y=43.529801070774&radius=30000"
69ab56af-c7b5-4370-81e2-16da5789b664,12547103,EAJE,,MAC VALBARELLE,,0491447093,,,28 Avenue Abbé Lanfranchi 13011 MARSEILLE,MARSEILLE,27083,NR,,false,,AIX EN PROVENCE CRECHE,"https://monenfant.fr/que-recherchez-vous?structure=EAJE&location=Aix-en-Provence,%20Bouches-du-Rh%C3%B4ne,%20Provence-Alpes-C%C3%B4te%20d%27Azur,%20FRA&x=5.447381703606&y=43.529801070774&radius=30000"
6205e07b-ba7f-460e-ad24-089ba95cddda,12546931,EAJE,,MAC SAINT MARCEL,,0491353773,,,216 Boulevard Saint Marcel 13011 MARSEILLE,MARSEILLE,27085,NR,,false,,AIX EN PROVENCE CRECHE,"https://monenfant.fr/que-recherchez-vous?structure=EAJE&location=Aix-en-Provence,%20Bouches-du-Rh%C3%B4ne,%20Provence-Alpes-C%C3%B4te%20d%27Azur,%20FRA&x=5.447381703606&y=43.529801070774&radius=30000"
08152497-e849-4caf-9460-dd4dc59738e1,70240052,EAJE,,L' ÎLE AUX ANGES 3,https://www.micro-creches-marseille.fr/,0486682905,,crecheminoludo@gmail.com,14 Rue Capitaine GALINAT 13005 MARSEILLE,MARSEILLE,27103,NR,,false,,AIX EN PROVENCE CRECHE,"https://monenfant.fr/que-recherchez-vous?structure=EAJE&location=Aix-en-Provence,%20Bouches-du-Rh%C3%B4ne,%20Provence-Alpes-C%C3%B4te%20d%27Azur,%20FRA&x=5.447381703606&y=43.529801070774&radius=30000"
d86b1fac-f51b-481f-85dc-5c25fc23d18a,12900029,EAJE,,MIC NURSEA BAILLE,,0981614231,,contact@nursea.fr,5 Rue du Berceau 13005 MARSEILLE,MARSEILLE,27125,NR,,false,,AIX EN PROVENCE CRECHE,"https://monenfant.fr/que-recherchez-vous?structure=EAJE&location=Aix-en-Provence,%20Bouches-du-Rh%C3%B4ne,%20Provence-Alpes-C%C3%B4te%20d%27Azur,%20FRA&x=5.447381703606&y=43.529801070774&radius=30000"
b043bf48-724b-4975-bcf3-6a8b0dd4a20e,18412708,EAJE,,MIC-PAJE CASTOR & POLLUX,https://www.youbeeforkids.com/micro-creches-youbeeforkids/region-sud/creche-castor-pollux-marseille-saint-pierre/,0952612729,,castoretpollux@youbee.com,22-24 Boulevard Hilarion Bœuf 13010 MARSEILLE,MARSEILLE,27158,D,2026-08-25,false,,AIX EN PROVENCE CRECHE,"https://monenfant.fr/que-recherchez-vous?structure=EAJE&location=Aix-en-Provence,%20Bouches-du-Rh%C3%B4ne,%20Provence-Alpes-C%C3%B4te%20d%27Azur,%20FRA&x=5.447381703606&y=43.529801070774&radius=30000"
9e6eb6b6-c958-4cd9-95f4-e8f88c880dfd,12704147,EAJE,,MAC L 'ARC EN CIEL PELISSANNE,,0490552560,,multi.accueil@ville-pelissanne.fr, Chemin Saint Pierre 13330 PELISSANNE,PELISSANNE,27215,NR,,false,,AIX EN PROVENCE CRECHE,"https://monenfant.fr/que-recherchez-vous?structure=EAJE&location=Aix-en-Provence,%20Bouches-du-Rh%C3%B4ne,%20Provence-Alpes-C%C3%B4te%20d%27Azur,%20FRA&x=5.447381703606&y=43.529801070774&radius=30000"
ad296e30-7f90-4a17-b671-cc1154226a28,18412841,EAJE,,MIC-PAJE LES TI' MÔMES,https://www.ub4kids.com,0499999999,,,46 Rue Sainte-Baume 13010 MARSEILLE,MARSEILLE,27253,NR,,false,,AIX EN PROVENCE CRECHE,"https://monenfant.fr/que-recherchez-vous?structure=EAJE&location=Aix-en-Provence,%20Bouches-du-Rh%C3%B4ne,%20Provence-Alpes-C%C3%B4te%20d%27Azur,%20FRA&x=5.447381703606&y=43.529801070774&radius=30000"
fc7130c5-cf36-484c-bbcc-29214e3b4b7f,12997639,EAJE,,MIC-PAJE COCO PLUME,https://www.youbeeforkids.com/micro-creches-youbeeforkids/region-sud/creche-coco-plume-marseille-baille-conception/,0973180513,,cocoplume@youbee.com,5 Impasse de la Papeterie 13005 MARSEILLE,MARSEILLE,27262,D,2026-09-01,false,,AIX EN PROVENCE CRECHE,"https://monenfant.fr/que-recherchez-vous?structure=EAJE&location=Aix-en-Provence,%20Bouches-du-Rh%C3%B4ne,%20Provence-Alpes-C%C3%B4te%20d%27Azur,%20FRA&x=5.447381703606&y=43.529801070774&radius=30000"
76e05d70-5711-4849-81df-2bf8f1b7b3d1,21182508,EAJE,,MIC-PAJE SOURIRES D'ENFANTS 2,,0950727427,,,3 Boulevard Note Dame 13006 MARSEILLE,MARSEILLE,27265,NR,,false,,AIX EN PROVENCE CRECHE,"https://monenfant.fr/que-recherchez-vous?structure=EAJE&location=Aix-en-Provence,%20Bouches-du-Rh%C3%B4ne,%20Provence-Alpes-C%C3%B4te%20d%27Azur,%20FRA&x=5.447381703606&y=43.529801070774&radius=30000"
eb4d017e-1eba-4bb2-86f2-91b03c12174b,63234273,EAJE,,TI'MÔMES,https://www.youbeeforkids.com/micro-creches-youbeeforkids/region-sud/micro-creche-ti-momes-marseille-timone/,0954588393,,timomes@youbee.com,46 Rue Sainte Baume 13010 MARSEILLE,MARSEILLE,27267,D,2026-08-26,false,,AIX EN PROVENCE CRECHE,"https://monenfant.fr/que-recherchez-vous?structure=EAJE&location=Aix-en-Provence,%20Bouches-du-Rh%C3%B4ne,%20Provence-Alpes-C%C3%B4te%20d%27Azur,%20FRA&x=5.447381703606&y=43.529801070774&radius=30000"
6387c1d3-6459-46e6-bdfb-c234c0d259e7,12551274,EAJE,,ACO LES MINOTS DE LA VALLEE,,0491452091,,,31 Avenue Noël Coll 13011 MARSEILLE,MARSEILLE,27287,NR,,false,,AIX EN PROVENCE CRECHE,"https://monenfant.fr/que-recherchez-vous?structure=EAJE&location=Aix-en-Provence,%20Bouches-du-Rh%C3%B4ne,%20Provence-Alpes-C%C3%B4te%20d%27Azur,%20FRA&x=5.447381703606&y=43.529801070774&radius=30000"
0770f489-e3c7-4232-9aff-7d47a7c0745b,21181376,EAJE,,MIC-PAJE LES ENCHANTEURS,,0953907647,,,44 Cours pierre Pujet 13006 MARSEILLE,MARSEILLE,27287,NR,,false,,AIX EN PROVENCE CRECHE,"https://monenfant.fr/que-recherchez-vous?structure=EAJE&location=Aix-en-Provence,%20Bouches-du-Rh%C3%B4ne,%20Provence-Alpes-C%C3%B4te%20d%27Azur,%20FRA&x=5.447381703606&y=43.529801070774&radius=30000"
109cc7b4-7ea4-4ee4-8651-49786dd8b75a,12864941,EAJE,,MIC LES MALICIEUX DE LODI,http://www.lpcr.fr,0413422085,,marseille.lodi@crechesetmalices.com,103 Rue de Lodi 13006 MARSEILLE,MARSEILLE,27310,NR,,false,,AIX EN PROVENCE CRECHE,"https://monenfant.fr/que-recherchez-vous?structure=EAJE&location=Aix-en-Provence,%20Bouches-du-Rh%C3%B4ne,%20Provence-Alpes-C%C3%B4te%20d%27Azur,%20FRA&x=5.447381703606&y=43.529801070774&radius=30000"
4d8c3798-0eeb-4dc1-8143-f83980b8352e,12551059,EAJE,,MAC CANADA CAYOL,,0491789405,,apronef.canada-cayol@orange.fr,31 Rue du Canada 13010 MARSEILLE,MARSEILLE,27326,NR,,false,,AIX EN PROVENCE CRECHE,"https://monenfant.fr/que-recherchez-vous?structure=EAJE&location=Aix-en-Provence,%20Bouches-du-Rh%C3%B4ne,%20Provence-Alpes-C%C3%B4te%20d%27Azur,%20FRA&x=5.447381703606&y=43.529801070774&radius=30000"
557a61c7-eaec-429b-9dde-243216355167,12545555,EAJE,,MAC BERARD,,0491784201,,,22 Rue Berard 13005 MARSEILLE,MARSEILLE,27335,NR,,false,,AIX EN PROVENCE CRECHE,"https://monenfant.fr/que-recherchez-vous?structure=EAJE&location=Aix-en-Provence,%20Bouches-du-Rh%C3%B4ne,%20Provence-Alpes-C%C3%B4te%20d%27Azur,%20FRA&x=5.447381703606&y=43.529801070774&radius=30000"
1f629f6a-5961-4d0e-9117-aed6478e2072,12740104,EAJE,,MAC LE JARDIN ECUREUIL,,0491535349,,jardin.ecureuil@wanadoo.fr,30-32 Rue Roux de Brignoles 13006 MARSEILLE,MARSEILLE,27340,NR,,false,,AIX EN PROVENCE CRECHE,"https://monenfant.fr/que-recherchez-vous?structure=EAJE&location=Aix-en-Provence,%20Bouches-du-Rh%C3%B4ne,%20Provence-Alpes-C%C3%B4te%20d%27Azur,%20FRA&x=5.447381703606&y=43.529801070774&radius=30000"
1076e5ad-3cfa-45e6-98db-80ea042fcd9b,62599850,EAJE,,L' ÎLE AUX ANGES 5,https://www.micro-creches-marseille.fr/,0486682905,,minoludo.castellane@gmail.com,21 Rue Edmond Rostand 13006 MARSEILLE,MARSEILLE,27358,D,2026-09-02,false,,AIX EN PROVENCE CRECHE,"https://monenfant.fr/que-recherchez-vous?structure=EAJE&location=Aix-en-Provence,%20Bouches-du-Rh%C3%B4ne,%20Provence-Alpes-C%C3%B4te%20d%27Azur,%20FRA&x=5.447381703606&y=43.529801070774&radius=30000"
b9b3f899-cc8a-47b8-8603-84c28a9b58e4,18118190,EAJE,,MAC L'ILOT PITCHOUN CHATEAUNEUF LES MARTIGUES,,0442742024,,ccas@chateauneuf-les-martigues.fr,2 Boulevard Mendes France 13220 CHATEAUNEUF LES MARTIGUES,CHATEAUNEUF LES MARTIGUES,27364,NR,,false,,AIX EN PROVENCE CRECHE,"https://monenfant.fr/que-recherchez-vous?structure=EAJE&location=Aix-en-Provence,%20Bouches-du-Rh%C3%B4ne,%20Provence-Alpes-C%C3%B4te%20d%27Azur,%20FRA&x=5.447381703606&y=43.529801070774&radius=30000"
f335d56d-7494-45ba-8ffa-2d27e8e949b3,21183254,EAJE,,MIC-PAJE LES MALICIEUX NOTRE DAME,https://www.grandir.com/fr/nurseries/nursery/411,0488922013,,marseille.dame@lpcr.fr,14 Boulevard Notre Dame 13006 MARSEILLE,MARSEILLE,27364,NR,,false,,AIX EN PROVENCE CRECHE,"https://monenfant.fr/que-recherchez-vous?structure=EAJE&location=Aix-en-Provence,%20Bouches-du-Rh%C3%B4ne,%20Provence-Alpes-C%C3%B4te%20d%27Azur,%20FRA&x=5.447381703606&y=43.529801070774&radius=30000"
d621f2c5-0f78-4a1c-b042-e93e1d42cc6e,21179734,EAJE,,MICROCRECHE TITI PANPAN 6,http://www.lesminotsecolo.fr,0980754323,,les.micro.creches.ecolo@gmail.com,160 Rue de Rome 13006 MARSEILLE,MARSEILLE,27367,NR,,false,,AIX EN PROVENCE CRECHE,"https://monenfant.fr/que-recherchez-vous?structure=EAJE&location=Aix-en-Provence,%20Bouches-du-Rh%C3%B4ne,%20Provence-Alpes-C%C3%B4te%20d%27Azur,%20FRA&x=5.447381703606&y=43.529801070774&radius=30000"
641b5dc7-a699-44bd-b9d5-95baf4a2f18e,52228298,EAJE,,LES NAVETTES,https://www.people-and-baby.com/creche/les-navettes/99247882?from=liste,0491724450,,les.navettes@people-and-baby.com,35 Boulevard de la Corderie 13007 MARSEILLE,MARSEILLE,27379,NR,,false,,AIX EN PROVENCE CRECHE,"https://monenfant.fr/que-recherchez-vous?structure=EAJE&location=Aix-en-Provence,%20Bouches-du-Rh%C3%B4ne,%20Provence-Alpes-C%C3%B4te%20d%27Azur,%20FRA&x=5.447381703606&y=43.529801070774&radius=30000"
1bf5f277-0860-4146-812f-79896b62e598,35051196,EAJE,,NURSEA PHARO,https://www.nursea.fr,0981614231,,contact@nursea.fr,1 Rue de suez 13007 MARSEILLE,MARSEILLE,27452,NR,,false,,AIX EN PROVENCE CRECHE,"https://monenfant.fr/que-recherchez-vous?structure=EAJE&location=Aix-en-Provence,%20Bouches-du-Rh%C3%B4ne,%20Provence-Alpes-C%C3%B4te%20d%27Azur,%20FRA&x=5.447381703606&y=43.529801070774&radius=30000"
833f9032-86cc-4263-9872-502466dcdc7c,18183020,EAJE,,MAC LES ARISTOCHATS,http://creche-lepetitprince.fr,0484890703,,contact@creche-lesaristochats.fr,27 Rue Aldebert 13006 MARSEILLE,MARSEILLE,27460,NR,,false,,AIX EN PROVENCE CRECHE,"https://monenfant.fr/que-recherchez-vous?structure=EAJE&location=Aix-en-Provence,%20Bouches-du-Rh%C3%B4ne,%20Provence-Alpes-C%C3%B4te%20d%27Azur,%20FRA&x=5.447381703606&y=43.529801070774&radius=30000"
83163b57-3def-42dd-85a3-b12fc9da8006,12542072,EAJE,,MAC LE PHARO,,0491520878,,,17 Rue des Catalans 13007 MARSEILLE,MARSEILLE,27461,NR,,false,,AIX EN PROVENCE CRECHE,"https://monenfant.fr/que-recherchez-vous?structure=EAJE&location=Aix-en-Provence,%20Bouches-du-Rh%C3%B4ne,%20Provence-Alpes-C%C3%B4te%20d%27Azur,%20FRA&x=5.447381703606&y=43.529801070774&radius=30000"
7dfba61e-9e70-48b8-acb4-fa18ac403fd8,12547189,EAJE,,ACO LES LICES,,0491314715,,,12 Rue des Lices 13007 MARSEILLE,MARSEILLE,27481,NR,,false,,AIX EN PROVENCE CRECHE,"https://monenfant.fr/que-recherchez-vous?structure=EAJE&location=Aix-en-Provence,%20Bouches-du-Rh%C3%B4ne,%20Provence-Alpes-C%C3%B4te%20d%27Azur,%20FRA&x=5.447381703606&y=43.529801070774&radius=30000"
cae04d1a-02cd-4ccf-b8a2-9b1d999fd5da,18777752,EAJE,,MIC-PAJE LES MALICIEUX DES CATALANS,https://www.grandir.com/fr/nurseries/nursery/414,0491726236,,,12 Rue des Catalans 13007 MARSEILLE,MARSEILLE,27487,NR,,false,,AIX EN PROVENCE CRECHE,"https://monenfant.fr/que-recherchez-vous?structure=EAJE&location=Aix-en-Provence,%20Bouches-du-Rh%C3%B4ne,%20Provence-Alpes-C%C3%B4te%20d%27Azur,%20FRA&x=5.447381703606&y=43.529801070774&radius=30000"
e0c6f08d-03cb-465e-bb36-d2b894250700,21179608,EAJE,,MIC-PAJE MINOTS ECOLO 1,http://www.lesminotsecolo.fr/,0953982205,,les.micro.creches.ecolo@gmail.com,14-16 Rue d'Ièna 13006 MARSEILLE,MARSEILLE,27491,NR,,false,,AIX EN PROVENCE CRECHE,"https://monenfant.fr/que-recherchez-vous?structure=EAJE&location=Aix-en-Provence,%20Bouches-du-Rh%C3%B4ne,%20Provence-Alpes-C%C3%B4te%20d%27Azur,%20FRA&x=5.447381703606&y=43.529801070774&radius=30000"
20413b22-edfb-4fd1-aebe-b95390e322ad,12535235,EAJE,,JE GAN AMI,http://www.gan-ami.com,0496100850,,,47 Rue St Suffren 13006 MARSEILLE,MARSEILLE,27493,NR,,false,,AIX EN PROVENCE CRECHE,"https://monenfant.fr/que-recherchez-vous?structure=EAJE&location=Aix-en-Provence,%20Bouches-du-Rh%C3%B4ne,%20Provence-Alpes-C%C3%B4te%20d%27Azur,%20FRA&x=5.447381703606&y=43.529801070774&radius=30000"
3582a2fc-ce4b-406b-b706-3ba7b6f678da,12704319,EAJE,,MAC  L'ATELIER BERLINGOT,,0953963348,,contact@latelierberlingot.com,43 Boulevard Notre Dame 13006 MARSEILLE,MARSEILLE,27511,NR,,false,,AIX EN PROVENCE CRECHE,"https://monenfant.fr/que-recherchez-vous?structure=EAJE&location=Aix-en-Provence,%20Bouches-du-Rh%C3%B4ne,%20Provence-Alpes-C%C3%B4te%20d%27Azur,%20FRA&x=5.447381703606&y=43.529801070774&radius=30000"
a8ae1641-c425-422b-a33c-c38838b7fe1b,18409143,EAJE,,MIC-PAJE 'MONTESSORI BRUN',http://www.montessori-marseille.fr/,0495032882,,info@montessori-marseille.fr,91 Rue Roger Brun 13005 MARSEILLE,MARSEILLE,27513,NR,,false,,AIX EN PROVENCE CRECHE,"https://monenfant.fr/que-recherchez-vous?structure=EAJE&location=Aix-en-Provence,%20Bouches-du-Rh%C3%B4ne,%20Provence-Alpes-C%C3%B4te%20d%27Azur,%20FRA&x=5.447381703606&y=43.529801070774&radius=30000"
4ef15aa4-ff88-4a6a-b040-a9ba229c08d2,12738599,EAJE,,MAC CAROUBE - LA MAISON BLEUE,,0491982055,,marseille@creche-la-maison-bleue.fr,95 Rue Saint Jacques 13006 MARSEILLE,MARSEILLE,27533,NR,,false,,AIX EN PROVENCE CRECHE,"https://monenfant.fr/que-recherchez-vous?structure=EAJE&location=Aix-en-Provence,%20Bouches-du-Rh%C3%B4ne,%20Provence-Alpes-C%C3%B4te%20d%27Azur,%20FRA&x=5.447381703606&y=43.529801070774&radius=30000"
04ce62d3-3ac6-45aa-9104-f21ebe71524c,21183401,EAJE,,LES MATINES,https://www.people-and-baby.com/creche/les-matines/9947240?from=liste,0491987018,,les.matines@people-and-baby.com,115 Rue Saint-Jacques 13006 MARSEILLE,MARSEILLE,27585,NR,,false,,AIX EN PROVENCE CRECHE,"https://monenfant.fr/que-recherchez-vous?structure=EAJE&location=Aix-en-Provence,%20Bouches-du-Rh%C3%B4ne,%20Provence-Alpes-C%C3%B4te%20d%27Azur,%20FRA&x=5.447381703606&y=43.529801070774&radius=30000"
1498c548-408c-4078-b0e8-9b84eefe58c2,52228776,EAJE,,LES MATINES 2,https://www.people-and-baby.com/creche/rue-saint-jacques/99382190?from=liste,0769304951,,,115 Rue Saint-Jacques 13006 MARSEILLE,MARSEILLE,27585,NR,,false,,AIX EN PROVENCE CRECHE,"https://monenfant.fr/que-recherchez-vous?structure=EAJE&location=Aix-en-Provence,%20Bouches-du-Rh%C3%B4ne,%20Provence-Alpes-C%C3%B4te%20d%27Azur,%20FRA&x=5.447381703606&y=43.529801070774&radius=30000"
f45b3148-23e8-460b-85c9-f96cd52ed7ab,21181977,EAJE,,L’ÎLE AUX ANGES,https://www.micro-creches-marseille.fr,04 86 68 29 05,,minoludo.castellane@gmail.com,3 Avenue Jules Cantini 13006 MARSEILLE,MARSEILLE,27603,NR,,false,,AIX EN PROVENCE CRECHE,"https://monenfant.fr/que-recherchez-vous?structure=EAJE&location=Aix-en-Provence,%20Bouches-du-Rh%C3%B4ne,%20Provence-Alpes-C%C3%B4te%20d%27Azur,%20FRA&x=5.447381703606&y=43.529801070774&radius=30000"
91cb4f34-0fd4-4810-b5fc-bb448a713dc0,12612334,EAJE,,MAC LA TARTINE,http://www.crechelatartine.com,0491815189,,creche.la.tartine@maisondelafamille.net,26 Rue Saint Sébastien 13006 MARSEILLE,MARSEILLE,27684,NR,,false,,AIX EN PROVENCE CRECHE,"https://monenfant.fr/que-recherchez-vous?structure=EAJE&location=Aix-en-Provence,%20Bouches-du-Rh%C3%B4ne,%20Provence-Alpes-C%C3%B4te%20d%27Azur,%20FRA&x=5.447381703606&y=43.529801070774&radius=30000"
205c0794-ed59-47f2-8f5b-f57e21b435fc,12738728,EAJE,,MIC PAJE LES FLEURS,http://sogreenprovence.com/,0491405024,,sogreenprovence@gmail.com,39 Avenue Jules Cantini 13006 MARSEILLE,MARSEILLE,27703,NR,,false,,AIX EN PROVENCE CRECHE,"https://monenfant.fr/que-recherchez-vous?structure=EAJE&location=Aix-en-Provence,%20Bouches-du-Rh%C3%B4ne,%20Provence-Alpes-C%C3%B4te%20d%27Azur,%20FRA&x=5.447381703606&y=43.529801070774&radius=30000"
d6763a34-0ec5-4ab5-b4ff-d1c53b75b241,12739631,EAJE,,MAC LE PETIT PRINCE 2  MARSEILLE,,0491796453,,contact@creche-petitprince.fr,27 Rue Saint Sebastien 13006 MARSEILLE,MARSEILLE,27707,NR,,false,,AIX EN PROVENCE CRECHE,"https://monenfant.fr/que-recherchez-vous?structure=EAJE&location=Aix-en-Provence,%20Bouches-du-Rh%C3%B4ne,%20Provence-Alpes-C%C3%B4te%20d%27Azur,%20FRA&x=5.447381703606&y=43.529801070774&radius=30000"
4b5fea0c-e44c-4e00-9204-0b5ab5ceede0,63231222,EAJE,,BLOB'S TROTTEURS,https://www.youbeeforkids.com/micro-creches-youbeeforkids/region-sud/creche-blobs-trotteurs-marseille-saint-loup-pont-vivaux/,0984572145,,blobstrotteurs@youbee.com,97 Avenue Pont de Vivaux 13010 MARSEILLE,MARSEILLE,27710,D,2026-09-04,false,,AIX EN PROVENCE CRECHE,"https://monenfant.fr/que-recherchez-vous?structure=EAJE&location=Aix-en-Provence,%20Bouches-du-Rh%C3%B4ne,%20Provence-Alpes-C%C3%B4te%20d%27Azur,%20FRA&x=5.447381703606&y=43.529801070774&radius=30000"
204136f4-aa08-4122-afa4-98a818adad52,67041305,EAJE,,LES PETITS SPATIONAUTES VAUBAN,https://www.lps-microcreches.fr,0983819885,,direction@lps-microcreches.fr,98 Boulevard Notre-Dame 13006 MARSEILLE,MARSEILLE,27758,NR,,false,,AIX EN PROVENCE CRECHE,"https://monenfant.fr/que-recherchez-vous?structure=EAJE&location=Aix-en-Provence,%20Bouches-du-Rh%C3%B4ne,%20Provence-Alpes-C%C3%B4te%20d%27Azur,%20FRA&x=5.447381703606&y=43.529801070774&radius=30000"
b7cadf00-116e-46a6-927d-17f05d1cb320,21182270,EAJE,,MIC-PAJE LES BÉBÉS KOALAS,http://lesbebeskoalas.fr/,0651034276,,lesbebeskoalas@hotmail.com,5 Rue BOSSUET 13006 MARSEILLE,MARSEILLE,27762,NR,,false,,AIX EN PROVENCE CRECHE,"https://monenfant.fr/que-recherchez-vous?structure=EAJE&location=Aix-en-Provence,%20Bouches-du-Rh%C3%B4ne,%20Provence-Alpes-C%C3%B4te%20d%27Azur,%20FRA&x=5.447381703606&y=43.529801070774&radius=30000"
a19934ce-a6d7-412d-905d-ab3818428b88,12545383,EAJE,,MAC BARNIERE,,0491792904,,,15 A Boulevard de la Barnière 13010 MARSEILLE,MARSEILLE,27779,NR,,false,,AIX EN PROVENCE CRECHE,"https://monenfant.fr/que-recherchez-vous?structure=EAJE&location=Aix-en-Provence,%20Bouches-du-Rh%C3%B4ne,%20Provence-Alpes-C%C3%B4te%20d%27Azur,%20FRA&x=5.447381703606&y=43.529801070774&radius=30000"
d0d6efeb-6f17-4898-836e-3fe4922780a1,18406016,EAJE,,MIC-PAJE ROSE DE MIEL,https://www.la-maison-bleue.fr,0496333823,,,180 Allée Robert Govi 13400 AUBAGNE,AUBAGNE,27815,NR,,false,,AIX EN PROVENCE CRECHE,"https://monenfant.fr/que-recherchez-vous?structure=EAJE&location=Aix-en-Provence,%20Bouches-du-Rh%C3%B4ne,%20Provence-Alpes-C%C3%B4te%20d%27Azur,%20FRA&x=5.447381703606&y=43.529801070774&radius=30000"
a1a40522-b634-4185-9fed-7b3ae03a40f5,21183125,EAJE,,MIC-PAJE LES MERVEILLES,,0915890328,,,111 Rue Jules Moulet 13006 MARSEILLE,MARSEILLE,27829,NR,,false,,AIX EN PROVENCE CRECHE,"https://monenfant.fr/que-recherchez-vous?structure=EAJE&location=Aix-en-Provence,%20Bouches-du-Rh%C3%B4ne,%20Provence-Alpes-C%C3%B4te%20d%27Azur,%20FRA&x=5.447381703606&y=43.529801070774&radius=30000"
020ecb5e-5f49-4a3c-8c55-a2cffb2793ae,12568904,EAJE,,MAC LES BERGERONETTES,http://www.aubagne.fr,0442181953,,,265 Avenue Marcel Pagnol 13400 AUBAGNE,AUBAGNE,27856,NR,,false,,AIX EN PROVENCE CRECHE,"https://monenfant.fr/que-recherchez-vous?structure=EAJE&location=Aix-en-Provence,%20Bouches-du-Rh%C3%B4ne,%20Provence-Alpes-C%C3%B4te%20d%27Azur,%20FRA&x=5.447381703606&y=43.529801070774&radius=30000"
7da57ae4-1d91-4936-bc36-e1b10c0dd4b6,18134494,EAJE,,MAC BALOU 2,http://www.balou-creche.com/,0486139970,,,33 Rue d’Eguison 13010 MARSEILLE,MARSEILLE,27858,NR,,false,,AIX EN PROVENCE CRECHE,"https://monenfant.fr/que-recherchez-vous?structure=EAJE&location=Aix-en-Provence,%20Bouches-du-Rh%C3%B4ne,%20Provence-Alpes-C%C3%B4te%20d%27Azur,%20FRA&x=5.447381703606&y=43.529801070774&radius=30000"
c02250fa-d533-4dcf-9bc8-c0767a719352,18119891,EAJE,,MAC D ENSUES LA REDONNE,http://www.mairie-ensues.fr/creche-municipale.html,0442456101,,catherine.arnaud@mairie-ensues.fr,21 Chemin Des rompides 13820 ENSUES LA REDONNE,ENSUES LA REDONNE,27918,NR,,false,,AIX EN PROVENCE CRECHE,"https://monenfant.fr/que-recherchez-vous?structure=EAJE&location=Aix-en-Provence,%20Bouches-du-Rh%C3%B4ne,%20Provence-Alpes-C%C3%B4te%20d%27Azur,%20FRA&x=5.447381703606&y=43.529801070774&radius=30000"
113e7032-8e11-4758-b739-baaeac1e684d,12547060,EAJE,,MAC VAUBAN,,0491375845,,,62 Rue de La Martinique 13006 MARSEILLE,MARSEILLE,27939,NR,,false,,AIX EN PROVENCE CRECHE,"https://monenfant.fr/que-recherchez-vous?structure=EAJE&location=Aix-en-Provence,%20Bouches-du-Rh%C3%B4ne,%20Provence-Alpes-C%C3%B4te%20d%27Azur,%20FRA&x=5.447381703606&y=43.529801070774&radius=30000"
243715e0-1645-43b4-96a6-5346fd20e5d1,12562282,EAJE,,MAC LES ESCOURTINES,,0491187092,,aec.escourtines@neuf.fr,35 Boulevard Beau Séjour 13011 MARSEILLE,MARSEILLE,27955,NR,,false,,AIX EN PROVENCE CRECHE,"https://monenfant.fr/que-recherchez-vous?structure=EAJE&location=Aix-en-Provence,%20Bouches-du-Rh%C3%B4ne,%20Provence-Alpes-C%C3%B4te%20d%27Azur,%20FRA&x=5.447381703606&y=43.529801070774&radius=30000"
dd499674-914b-4a56-acb6-d160431e8d83,12900072,EAJE,,MIC PAJE NURSEA CAPELETTE,http://www.nursea.fr,0981216912,,contact@nursea.fr,2 Boulevard Saint Jean 13010 MARSEILLE,MARSEILLE,27972,NR,,false,,AIX EN PROVENCE CRECHE,"https://monenfant.fr/que-recherchez-vous?structure=EAJE&location=Aix-en-Provence,%20Bouches-du-Rh%C3%B4ne,%20Provence-Alpes-C%C3%B4te%20d%27Azur,%20FRA&x=5.447381703606&y=43.529801070774&radius=30000"
c13056b1-2a52-436d-82ef-aadcf79a3413,67985825,EAJE,,LES BOUT CHOUX,https://www.maisonenfance.fr,0494042391,,lesboutchoux@maisonenfance.fr, Rue Gustave Aubert 83470 POURCIEUX,POURCIEUX,27976,NR,,false,,AIX EN PROVENCE CRECHE,"https://monenfant.fr/que-recherchez-vous?structure=EAJE&location=Aix-en-Provence,%20Bouches-du-Rh%C3%B4ne,%20Provence-Alpes-C%C3%B4te%20d%27Azur,%20FRA&x=5.447381703606&y=43.529801070774&radius=30000"
89582a56-f2ce-47a6-a8aa-94dca2d882af,21181880,EAJE,,L’ÎLE AUX ANGES 2,https://www.micro-creches-marseille.fr,04 86 68 29 05,,crecheminoludo@gmail.com,247 Rue Paradis 13006 MARSEILLE,MARSEILLE,28008,NR,,false,,AIX EN PROVENCE CRECHE,"https://monenfant.fr/que-recherchez-vous?structure=EAJE&location=Aix-en-Provence,%20Bouches-du-Rh%C3%B4ne,%20Provence-Alpes-C%C3%B4te%20d%27Azur,%20FRA&x=5.447381703606&y=43.529801070774&radius=30000"
8d340048-286a-4f4a-90ca-77452c8730da,12540395,EAJE,,MAC LA CAPELETTE,,0491795569,,,21 Rue des Forges 13010 MARSEILLE,MARSEILLE,28019,NR,,false,,AIX EN PROVENCE CRECHE,"https://monenfant.fr/que-recherchez-vous?structure=EAJE&location=Aix-en-Provence,%20Bouches-du-Rh%C3%B4ne,%20Provence-Alpes-C%C3%B4te%20d%27Azur,%20FRA&x=5.447381703606&y=43.529801070774&radius=30000"
22e259a7-45c2-4fed-a1f0-562ef3a21a52,63095534,EAJE,,CHANTE PERDRIX,https://www.crechesdusud.fr,0488600877,,chanteperdrix@crechesdusud.fr,8 10 Traverse Chante Perdrix 13010 MARSEILLE,MARSEILLE,28025,NR,,false,,AIX EN PROVENCE CRECHE,"https://monenfant.fr/que-recherchez-vous?structure=EAJE&location=Aix-en-Provence,%20Bouches-du-Rh%C3%B4ne,%20Provence-Alpes-C%C3%B4te%20d%27Azur,%20FRA&x=5.447381703606&y=43.529801070774&radius=30000"
3891712e-7344-436c-936c-b9aa8c6f4a00,12739588,EAJE,,MACLE PETIT PRINCE MARSEILLE,,0491796453,,,8 Rue BORDE PERPENDICULAIRE 13008 MARSEILLE,MARSEILLE,28095,NR,,false,,AIX EN PROVENCE CRECHE,"https://monenfant.fr/que-recherchez-vous?structure=EAJE&location=Aix-en-Provence,%20Bouches-du-Rh%C3%B4ne,%20Provence-Alpes-C%C3%B4te%20d%27Azur,%20FRA&x=5.447381703606&y=43.529801070774&radius=30000"
55414c86-d1d9-4184-b641-bd9b80d5283b,12550242,EAJE,,JE ST FRANCOIS,,0491376016,,st.francois.jardin.denfants@numericable.fr,116 Boulevard Vauban 13006 MARSEILLE,MARSEILLE,28135,NR,,false,,AIX EN PROVENCE CRECHE,"https://monenfant.fr/que-recherchez-vous?structure=EAJE&location=Aix-en-Provence,%20Bouches-du-Rh%C3%B4ne,%20Provence-Alpes-C%C3%B4te%20d%27Azur,%20FRA&x=5.447381703606&y=43.529801070774&radius=30000"
c8efaf94-66a5-4cd6-bd73-b825f30f3beb,33363275,EAJE,,MAC ENFANCE ET DIFFERENCE,,0491035720,,,122 Rue landier 13008 MARSEILLE,MARSEILLE,28165,NR,,false,,AIX EN PROVENCE CRECHE,"https://monenfant.fr/que-recherchez-vous?structure=EAJE&location=Aix-en-Provence,%20Bouches-du-Rh%C3%B4ne,%20Provence-Alpes-C%C3%B4te%20d%27Azur,%20FRA&x=5.447381703606&y=43.529801070774&radius=30000"
aed4de5a-f33e-4122-8352-a78f2fb37c44,12553381,EAJE,,MAC DE LA DELPHINE,http://www.aubagne.fr,0442181780,,, Chemin St Michel Les Aires 13400 AUBAGNE,AUBAGNE,28172,NR,,false,,AIX EN PROVENCE CRECHE,"https://monenfant.fr/que-recherchez-vous?structure=EAJE&location=Aix-en-Provence,%20Bouches-du-Rh%C3%B4ne,%20Provence-Alpes-C%C3%B4te%20d%27Azur,%20FRA&x=5.447381703606&y=43.529801070774&radius=30000"
11e66be5-b6f4-4056-a9c4-fb630e219cbe,12548393,EAJE,,MAC LA TOURTELLE,http://www.aubagne.fr,0442181632,,, Quartier d'Anjou Groupe scolaire La Tourtelle 13400 AUBAGNE,AUBAGNE,28172,NR,,false,,AIX EN PROVENCE CRECHE,"https://monenfant.fr/que-recherchez-vous?structure=EAJE&location=Aix-en-Provence,%20Bouches-du-Rh%C3%B4ne,%20Provence-Alpes-C%C3%B4te%20d%27Azur,%20FRA&x=5.447381703606&y=43.529801070774&radius=30000"
2a724c23-1979-43c0-b5e6-515814494631,12553725,EAJE,,MAC LES PASSONS,http://www.aubagne.fr,0442822986,,, Parc des Passons chemin des passons 13400 AUBAGNE,AUBAGNE,28172,NR,,false,,AIX EN PROVENCE CRECHE,"https://monenfant.fr/que-recherchez-vous?structure=EAJE&location=Aix-en-Provence,%20Bouches-du-Rh%C3%B4ne,%20Provence-Alpes-C%C3%B4te%20d%27Azur,%20FRA&x=5.447381703606&y=43.529801070774&radius=30000"
ec244c29-a342-43e4-ab6a-3a3a58649734,12739158,EAJE,,MIC PAJE  BB PITCHOUN LAZER,https://www.la-maison-bleue.fr/creche/provence-alpes-cote-dazur/bouches-du-rhone/marseille/13010/bb-pitchoun-lazer,0982295271,,,68 Boulevard Lazer 13010 MARSEILLE,MARSEILLE,28182,NR,,false,,AIX EN PROVENCE CRECHE,"https://monenfant.fr/que-recherchez-vous?structure=EAJE&location=Aix-en-Provence,%20Bouches-du-Rh%C3%B4ne,%20Provence-Alpes-C%C3%B4te%20d%27Azur,%20FRA&x=5.447381703606&y=43.529801070774&radius=30000"
f78594c4-54d0-4330-a541-f3fd3b1ac833,12542029,EAJE,,MAC PONT DE VIVAUX,,0491797584,,,33 Rue François Mauriac 13010 MARSEILLE,MARSEILLE,28201,NR,,false,,AIX EN PROVENCE CRECHE,"https://monenfant.fr/que-recherchez-vous?structure=EAJE&location=Aix-en-Provence,%20Bouches-du-Rh%C3%B4ne,%20Provence-Alpes-C%C3%B4te%20d%27Azur,%20FRA&x=5.447381703606&y=43.529801070774&radius=30000"
9261bcb5-8d7f-4d55-8ff5-9c4322e17319,70137434,EAJE,,LES PETITS LÉMURIENS,https://lespetitslemuriens.fr,09 75 85 12 28,,contact@lespetitslemuriens.fr,1120 Route de Gémenos 13400 AUBAGNE,AUBAGNE,28251,NR,,false,,AIX EN PROVENCE CRECHE,"https://monenfant.fr/que-recherchez-vous?structure=EAJE&location=Aix-en-Provence,%20Bouches-du-Rh%C3%B4ne,%20Provence-Alpes-C%C3%B4te%20d%27Azur,%20FRA&x=5.447381703606&y=43.529801070774&radius=30000"
9487b607-1591-4c7a-8bd9-4a168674e374,12545340,EAJE,,MAC AMEDEE AUTRAN,,0491527284,,,30 Boulevard Amédée Autran 13007 MARSEILLE,MARSEILLE,28308,NR,,false,,AIX EN PROVENCE CRECHE,"https://monenfant.fr/que-recherchez-vous?structure=EAJE&location=Aix-en-Provence,%20Bouches-du-Rh%C3%B4ne,%20Provence-Alpes-C%C3%B4te%20d%27Azur,%20FRA&x=5.447381703606&y=43.529801070774&radius=30000"
6f1ab425-77f3-48b3-a173-b836c3f58a7f,12519024,EAJE,,MAC D ENDOUME,,0491522269,,csc285@free.fr,285 Rue d'Endoume 13007 MARSEILLE,MARSEILLE,28367,NR,,false,,AIX EN PROVENCE CRECHE,"https://monenfant.fr/que-recherchez-vous?structure=EAJE&location=Aix-en-Provence,%20Bouches-du-Rh%C3%B4ne,%20Provence-Alpes-C%C3%B4te%20d%27Azur,%20FRA&x=5.447381703606&y=43.529801070774&radius=30000"
fc8e07e9-b517-45e1-85b3-53e5e1981681,12576171,EAJE,,MAC DU 285,,0491313678,,asso.creche285@orange.fr,285 Rue d'Endoume 13007 MARSEILLE,MARSEILLE,28367,NR,,false,,AIX EN PROVENCE CRECHE,"https://monenfant.fr/que-recherchez-vous?structure=EAJE&location=Aix-en-Provence,%20Bouches-du-Rh%C3%B4ne,%20Provence-Alpes-C%C3%B4te%20d%27Azur,%20FRA&x=5.447381703606&y=43.529801070774&radius=30000"
9675f741-4278-446a-92d6-34f65f89ecc9,12546458,EAJE,,MAC LE ROUET,,0491794149,,,5 Rue de Benedetti 13008 MARSEILLE,MARSEILLE,28385,NR,,false,,AIX EN PROVENCE CRECHE,"https://monenfant.fr/que-recherchez-vous?structure=EAJE&location=Aix-en-Provence,%20Bouches-du-Rh%C3%B4ne,%20Provence-Alpes-C%C3%B4te%20d%27Azur,%20FRA&x=5.447381703606&y=43.529801070774&radius=30000"
fc8fd923-e20e-4da6-b9b0-c7e2f6ec1b91,12701825,EAJE,,MAC LE JARDIN DES ARCADES,,0491362535,,creche@mairie-lapennesurhuveaune.fr,7 Chemin Raymond Retor 13821 LA PENNE SUR HUVEAUNE,LA PENNE SUR HUVEAUNE,28393,NR,,false,,AIX EN PROVENCE CRECHE,"https://monenfant.fr/que-recherchez-vous?structure=EAJE&location=Aix-en-Provence,%20Bouches-du-Rh%C3%B4ne,%20Provence-Alpes-C%C3%B4te%20d%27Azur,%20FRA&x=5.447381703606&y=43.529801070774&radius=30000"
58c9d011-88da-4a9e-bc7e-530e0ae97aa7,12600595,EAJE,,MAC LES PAPILLONS,http://www.aubagne.fr,0442181721,,,  Aires de St Michel 13400 AUBAGNE,AUBAGNE,28422,NR,,false,,AIX EN PROVENCE CRECHE,"https://monenfant.fr/que-recherchez-vous?structure=EAJE&location=Aix-en-Provence,%20Bouches-du-Rh%C3%B4ne,%20Provence-Alpes-C%C3%B4te%20d%27Azur,%20FRA&x=5.447381703606&y=43.529801070774&radius=30000"
50df8c59-7f37-466b-ae62-6b63d735d52e,19082073,EAJE,,MIC-PAJE NURSÉA PÉRIER,http://www.nursea.fr/,0986440431,,,22 Rue Jean Mermoz 13008 MARSEILLE,MARSEILLE,28429,NR,,false,,AIX EN PROVENCE CRECHE,"https://monenfant.fr/que-recherchez-vous?structure=EAJE&location=Aix-en-Provence,%20Bouches-du-Rh%C3%B4ne,%20Provence-Alpes-C%C3%B4te%20d%27Azur,%20FRA&x=5.447381703606&y=43.529801070774&radius=30000"
cb9db358-22b9-4f42-988c-9b6ecd88ed30,35051402,EAJE,,NURSEA PERIER,https://www.nursea.fr,0986440431,,contact@nursea.fr,22 Rue jean mermoz 13008 MARSEILLE,MARSEILLE,28429,NR,,false,,AIX EN PROVENCE CRECHE,"https://monenfant.fr/que-recherchez-vous?structure=EAJE&location=Aix-en-Provence,%20Bouches-du-Rh%C3%B4ne,%20Provence-Alpes-C%C3%B4te%20d%27Azur,%20FRA&x=5.447381703606&y=43.529801070774&radius=30000"
762bf9e2-bcd2-4005-b042-aac1449149b0,12568173,EAJE,,MACF LES OISILLONS,http://www.chateauneuf-les-martigues.fr,0442762440,,ccas@chateauneuf-les-martigues.fr,25 Avenue Général de Gaulle 13220 CHATEAUNEUF LES MARTIGUES,CHATEAUNEUF LES MARTIGUES,28495,NR,,false,,AIX EN PROVENCE CRECHE,"https://monenfant.fr/que-recherchez-vous?structure=EAJE&location=Aix-en-Provence,%20Bouches-du-Rh%C3%B4ne,%20Provence-Alpes-C%C3%B4te%20d%27Azur,%20FRA&x=5.447381703606&y=43.529801070774&radius=30000"
b6aaea26-7937-4047-a883-d9f7ef66f0f6,12542803,EAJE,,MAC POUSSY 2,,0491785061,,poussy2@poussycreche.fr,25 Boulevard Louvain 13008 MARSEILLE,MARSEILLE,28507,NR,,false,,AIX EN PROVENCE CRECHE,"https://monenfant.fr/que-recherchez-vous?structure=EAJE&location=Aix-en-Provence,%20Bouches-du-Rh%C3%B4ne,%20Provence-Alpes-C%C3%B4te%20d%27Azur,%20FRA&x=5.447381703606&y=43.529801070774&radius=30000"
30b614ce-fef9-434b-8245-d8ee8848919d,12546200,EAJE,,MAC ROUCAS BLANC,,0491594213,,,14 Traverse de la Serre 13007 MARSEILLE,MARSEILLE,28510,NR,,false,,AIX EN PROVENCE CRECHE,"https://monenfant.fr/que-recherchez-vous?structure=EAJE&location=Aix-en-Provence,%20Bouches-du-Rh%C3%B4ne,%20Provence-Alpes-C%C3%B4te%20d%27Azur,%20FRA&x=5.447381703606&y=43.529801070774&radius=30000"
1ca6a9df-b765-4efa-855f-9e5c02684ec6,45333503,EAJE,,PIROUETTES,https://www.igesa.fr,0491091709,,,51 Boulevard Schloesing 13009 MARSEILLE,MARSEILLE,28695,NR,,false,,AIX EN PROVENCE CRECHE,"https://monenfant.fr/que-recherchez-vous?structure=EAJE&location=Aix-en-Provence,%20Bouches-du-Rh%C3%B4ne,%20Provence-Alpes-C%C3%B4te%20d%27Azur,%20FRA&x=5.447381703606&y=43.529801070774&radius=30000"
4794fcdd-697c-481c-95cc-923d8fc1aaaa,12546544,EAJE,,MAC SAINT TRONC,,0491754823,,,225 Boulevard Paul Claudel 13010 MARSEILLE,MARSEILLE,28770,NR,,false,,AIX EN PROVENCE CRECHE,"https://monenfant.fr/que-recherchez-vous?structure=EAJE&location=Aix-en-Provence,%20Bouches-du-Rh%C3%B4ne,%20Provence-Alpes-C%C3%B4te%20d%27Azur,%20FRA&x=5.447381703606&y=43.529801070774&radius=30000"
4a5c45a5-5b0d-4ae5-bac8-86109da12f5f,21183558,EAJE,,MIC-PAJE PTI SOLEIL,http://ptisoleil.fr/,0491350967,,,185 Chemin du Vallon de l’Oriol 13007 MARSEILLE,MARSEILLE,28808,NR,,false,,AIX EN PROVENCE CRECHE,"https://monenfant.fr/que-recherchez-vous?structure=EAJE&location=Aix-en-Provence,%20Bouches-du-Rh%C3%B4ne,%20Provence-Alpes-C%C3%B4te%20d%27Azur,%20FRA&x=5.447381703606&y=43.529801070774&radius=30000"
a1b65c35-e92c-404b-986d-db94114ae43a,41133092,EAJE,,MAC LES GAVOTINES,https://www.liveli.fr/creches/aubagne-les-gavotines/,0482537393,,aubagne@creche-attitude.fr,704 Chemin DU VALLON DES GAVOTS 13400 AUBAGNE,AUBAGNE,28850,NR,,false,,AIX EN PROVENCE CRECHE,"https://monenfant.fr/que-recherchez-vous?structure=EAJE&location=Aix-en-Provence,%20Bouches-du-Rh%C3%B4ne,%20Provence-Alpes-C%C3%B4te%20d%27Azur,%20FRA&x=5.447381703606&y=43.529801070774&radius=30000"
ad57da65-e85e-4bd4-b33b-ca72a8dc1b0e,18406521,EAJE,,MIC-PAJE LES PETITS GATÉS,https://microcreche-envolemoi.fr,0442301849,,contact@microcreche-envolemoi.fr,5 Avenue de l’Homme à la Fenêtre 13220 CHATEAUNEUF LES MARTIGUES,CHATEAUNEUF LES MARTIGUES,28871,NR,,false,,AIX EN PROVENCE CRECHE,"https://monenfant.fr/que-recherchez-vous?structure=EAJE&location=Aix-en-Provence,%20Bouches-du-Rh%C3%B4ne,%20Provence-Alpes-C%C3%B4te%20d%27Azur,%20FRA&x=5.447381703606&y=43.529801070774&radius=30000"
d2d52548-0122-4583-89da-17b32f072418,63235645,EAJE,,LA CALANQUE,https://www.youbeeforkids.com/micro-creches-youbeeforkids/region-sud/micro-creche-calanque-ensues-la-redonne/,0980721383,,lacalanque@youbee.com,"236  Domaine Val de Ricard, Bt Q3 ( Val de Ricard Est ) Impasse François Dolto 13820 ENSUES LA REDONNE",ENSUES LA REDONNE,28897,D,2026-08-25,false,,AIX EN PROVENCE CRECHE,"https://monenfant.fr/que-recherchez-vous?structure=EAJE&location=Aix-en-Provence,%20Bouches-du-Rh%C3%B4ne,%20Provence-Alpes-C%C3%B4te%20d%27Azur,%20FRA&x=5.447381703606&y=43.529801070774&radius=30000"
6ea60059-3e57-49f2-8b8d-32e1b7f3afbf,12550371,EAJE,,MAC POUSSY 4,,0491777628,,poussy4@poussycreche.fr,8/10 Boulevard Herriot 13008 MARSEILLE,MARSEILLE,28963,NR,,false,,AIX EN PROVENCE CRECHE,"https://monenfant.fr/que-recherchez-vous?structure=EAJE&location=Aix-en-Provence,%20Bouches-du-Rh%C3%B4ne,%20Provence-Alpes-C%C3%B4te%20d%27Azur,%20FRA&x=5.447381703606&y=43.529801070774&radius=30000"
c0ce55b0-9401-4baa-84fc-69b83253e019,18406570,EAJE,,MIC-PAJE BABY BOO,,0488401799,,,1 Boulevard Valampe 13220 CHATEAUNEUF LES MARTIGUES,CHATEAUNEUF LES MARTIGUES,28974,NR,,false,,AIX EN PROVENCE CRECHE,"https://monenfant.fr/que-recherchez-vous?structure=EAJE&location=Aix-en-Provence,%20Bouches-du-Rh%C3%B4ne,%20Provence-Alpes-C%C3%B4te%20d%27Azur,%20FRA&x=5.447381703606&y=43.529801070774&radius=30000"
ecf21d81-2f6f-4c4e-aa65-ab35e954cec5,21182770,EAJE,,MIC-PAJE SOURIRES D’ENFANTS 1,,0771750233,,,479 Rue Paradis 13008 MARSEILLE,MARSEILLE,29062,NR,,false,,AIX EN PROVENCE CRECHE,"https://monenfant.fr/que-recherchez-vous?structure=EAJE&location=Aix-en-Provence,%20Bouches-du-Rh%C3%B4ne,%20Provence-Alpes-C%C3%B4te%20d%27Azur,%20FRA&x=5.447381703606&y=43.529801070774&radius=30000"
6d390526-df7f-465f-bb78-a9e6d11913cd,18413504,EAJE,,BABILOU MARSEILLE PAUL CLAUDEL,https://www.babilou.fr/,0809103000,,contact@babilou.com,151 Boulevard Paul Claudel 13010 MARSEILLE,MARSEILLE,29129,NR,,false,,AIX EN PROVENCE CRECHE,"https://monenfant.fr/que-recherchez-vous?structure=EAJE&location=Aix-en-Provence,%20Bouches-du-Rh%C3%B4ne,%20Provence-Alpes-C%C3%B4te%20d%27Azur,%20FRA&x=5.447381703606&y=43.529801070774&radius=30000"
9ae5080d-88fa-4a62-b9dc-af73b727bfcc,12739502,EAJE,,MAC LES PETITS PRINCES AUBAGNE,https://www.crechesdusud.fr/creches/les-petits-princes/,0442710003,,aubagne@creches-du-sud.fr,172 Rue Du Vallat 13400 AUBAGNE,AUBAGNE,29142,NR,,false,,AIX EN PROVENCE CRECHE,"https://monenfant.fr/que-recherchez-vous?structure=EAJE&location=Aix-en-Provence,%20Bouches-du-Rh%C3%B4ne,%20Provence-Alpes-C%C3%B4te%20d%27Azur,%20FRA&x=5.447381703606&y=43.529801070774&radius=30000"
9cf36d28-8332-4d94-8b09-8621914d966c,45333070,EAJE,,LE PETIT PRINCE,https://www.igesa.fr,0442557318,,, Chemin de Saint Jean - Résidence Lurian 13300 SALON DE PROVENCE,SALON DE PROVENCE,29180,NR,,false,,AIX EN PROVENCE CRECHE,"https://monenfant.fr/que-recherchez-vous?structure=EAJE&location=Aix-en-Provence,%20Bouches-du-Rh%C3%B4ne,%20Provence-Alpes-C%C3%B4te%20d%27Azur,%20FRA&x=5.447381703606&y=43.529801070774&radius=30000"
1b770f41-ffc2-436a-8884-f1740e28884d,53182491,EAJE,,LE CHAPITEAU DES MINOTS,http://le-chapiteau-des-minots.meeko.site/registration,0491754441,,lechapiteaudesminots@gmail.com,20 Chemin du Roy d'Espagne - résidence Marveyre 13009 MARSEILLE,MARSEILLE,29229,NR,,false,,AIX EN PROVENCE CRECHE,"https://monenfant.fr/que-recherchez-vous?structure=EAJE&location=Aix-en-Provence,%20Bouches-du-Rh%C3%B4ne,%20Provence-Alpes-C%C3%B4te%20d%27Azur,%20FRA&x=5.447381703606&y=43.529801070774&radius=30000"
43b8368b-f8e1-4191-8844-aa4e3ff3a431,12545770,EAJE,,MAC BEAUVALLON,,0491402110,,,33 Traverse Rabat. Les Beaumettes 13009 MARSEILLE,MARSEILLE,29229,NR,,false,,AIX EN PROVENCE CRECHE,"https://monenfant.fr/que-recherchez-vous?structure=EAJE&location=Aix-en-Provence,%20Bouches-du-Rh%C3%B4ne,%20Provence-Alpes-C%C3%B4te%20d%27Azur,%20FRA&x=5.447381703606&y=43.529801070774&radius=30000"
e6958e77-f363-4e1a-a166-65662c0a9396,18403398,EAJE,,MIC-PAJE CRECHE & KO MARSEILLE KOALA KIDS,http://creche.koalakids.fr/13-micro-creche-marseille-bonneveine-koala-kids.html,0699300330,,marseille.bonneveine@koalakids.fr,18 Rue JACQUES REATTU (BUROPARC-BATIMENT E) 13009 MARSEILLE,MARSEILLE,29229,NR,,false,,AIX EN PROVENCE CRECHE,"https://monenfant.fr/que-recherchez-vous?structure=EAJE&location=Aix-en-Provence,%20Bouches-du-Rh%C3%B4ne,%20Provence-Alpes-C%C3%B4te%20d%27Azur,%20FRA&x=5.447381703606&y=43.529801070774&radius=30000"
cdee2757-d5b8-4836-8944-23bdf977d26a,18185494,EAJE,,PITCHOUN & PITCHOUNETTE,https://www.people-and-baby.com/creche/pitchoun-et-pitchounette/99159767?from=liste,0768842770,,,97 Traverse de la Gouffone 13009 MARSEILLE,MARSEILLE,29229,NR,,false,,AIX EN PROVENCE CRECHE,"https://monenfant.fr/que-recherchez-vous?structure=EAJE&location=Aix-en-Provence,%20Bouches-du-Rh%C3%B4ne,%20Provence-Alpes-C%C3%B4te%20d%27Azur,%20FRA&x=5.447381703606&y=43.529801070774&radius=30000"
77023dd4-fa9a-4d02-a6ca-9b51bb6a72cb,18741807,EAJE,,MIC-PAJE EDEN ROC,https://www.youbeeforkids.com/micro-creches-youbeeforkids/region-sud/creche-edenroc-marseille-perier-paradis/,0491265318,,edenroc@youbee.com,45 Rue de la Turbine. Impasse de la Frescoule 13008 MARSEILLE,MARSEILLE,29319,D,2026-08-26,false,,AIX EN PROVENCE CRECHE,"https://monenfant.fr/que-recherchez-vous?structure=EAJE&location=Aix-en-Provence,%20Bouches-du-Rh%C3%B4ne,%20Provence-Alpes-C%C3%B4te%20d%27Azur,%20FRA&x=5.447381703606&y=43.529801070774&radius=30000"
6c7aebfd-6478-4612-945a-fb0d80caa62d,21184618,EAJE,,MIC-PAJE BABILOU 'LA CABANE',https://www.babilou.fr/,0491799549,,lacabane2@babilou.com,"116 Avenue Jules Cantini, bâtiment 2 13008 MARSEILLE",MARSEILLE,29319,NR,,false,,AIX EN PROVENCE CRECHE,"https://monenfant.fr/que-recherchez-vous?structure=EAJE&location=Aix-en-Provence,%20Bouches-du-Rh%C3%B4ne,%20Provence-Alpes-C%C3%B4te%20d%27Azur,%20FRA&x=5.447381703606&y=43.529801070774&radius=30000"
3b854b63-77a3-426f-9d53-78f0d4a8f770,25954787,EAJE,,MIC-PAJE BABILOU 'LE POTAGER',https://www.babilou.fr/,0491792924,,lepotager@babilou.com,"116 Avenue Jules cantini, bâtiment 3 13008 MARSEILLE",MARSEILLE,29319,NR,,false,,AIX EN PROVENCE CRECHE,"https://monenfant.fr/que-recherchez-vous?structure=EAJE&location=Aix-en-Provence,%20Bouches-du-Rh%C3%B4ne,%20Provence-Alpes-C%C3%B4te%20d%27Azur,%20FRA&x=5.447381703606&y=43.529801070774&radius=30000"
dd173f1f-a130-4fed-9ef8-598c7cbe716c,41130921,EAJE,,LA PETITE CRÈCHE DE CHATEAUNEUF LES MARTIGUES,https://www.les-cherubins.com,0442882399,,chateauneuf@les-cherubins.com, Route du jai 13220 CHATEAUNEUF LES MARTIGUES,CHATEAUNEUF LES MARTIGUES,29336,NR,,false,,AIX EN PROVENCE CRECHE,"https://monenfant.fr/que-recherchez-vous?structure=EAJE&location=Aix-en-Provence,%20Bouches-du-Rh%C3%B4ne,%20Provence-Alpes-C%C3%B4te%20d%27Azur,%20FRA&x=5.447381703606&y=43.529801070774&radius=30000"
e8478071-6fbc-4351-b7b1-5a8adb147b86,12522421,EAJE,,MAC LE PETIT JARDIN MARSEILLE,https://lepetitjardincreche.com,0491772819,,macpetitjardi@gmail.com,10 Rue Raphaël 13008 MARSEILLE,MARSEILLE,29356,NR,,false,,AIX EN PROVENCE CRECHE,"https://monenfant.fr/que-recherchez-vous?structure=EAJE&location=Aix-en-Provence,%20Bouches-du-Rh%C3%B4ne,%20Provence-Alpes-C%C3%B4te%20d%27Azur,%20FRA&x=5.447381703606&y=43.529801070774&radius=30000"
d1855b68-0e78-4a31-bc4e-c8b3300537f8,12553553,EAJE,,MAC GARENNE FAMILLE,http://www.aubagne.fr,0442088181,,, Allée des Pins 13400 AUBAGNE,AUBAGNE,29393,NR,,false,,AIX EN PROVENCE CRECHE,"https://monenfant.fr/que-recherchez-vous?structure=EAJE&location=Aix-en-Provence,%20Bouches-du-Rh%C3%B4ne,%20Provence-Alpes-C%C3%B4te%20d%27Azur,%20FRA&x=5.447381703606&y=43.529801070774&radius=30000"
a181fb8f-edff-4246-8026-6c2627902782,12553467,EAJE,,MAC LES ECUREUILS DE GARENNE,http://www.aubagne.fr,0442088179,,, Allée des Pins 13400 AUBAGNE,AUBAGNE,29393,NR,,false,,AIX EN PROVENCE CRECHE,"https://monenfant.fr/que-recherchez-vous?structure=EAJE&location=Aix-en-Provence,%20Bouches-du-Rh%C3%B4ne,%20Provence-Alpes-C%C3%B4te%20d%27Azur,%20FRA&x=5.447381703606&y=43.529801070774&radius=30000"
1eba0fea-1a77-4df0-999c-51d180e354d7,12864554,EAJE,,MIC LES MALICIEUX DE PONSON,http://www.lpcr.fr,0981307998,,marseille.ponson@crechesetmalices.com,46 Rue de Ponson 13008 MARSEILLE,MARSEILLE,29663,NR,,false,,AIX EN PROVENCE CRECHE,"https://monenfant.fr/que-recherchez-vous?structure=EAJE&location=Aix-en-Provence,%20Bouches-du-Rh%C3%B4ne,%20Provence-Alpes-C%C3%B4te%20d%27Azur,%20FRA&x=5.447381703606&y=43.529801070774&radius=30000"
2d750510-eb97-48fc-a17a-db384d771c5d,12740147,EAJE,,MAC IPC LA PEPINIERE,,0491223500,,,232 Boulevard Sainte Marguerite 13009 MARSEILLE,MARSEILLE,29740,NR,,false,,AIX EN PROVENCE CRECHE,"https://monenfant.fr/que-recherchez-vous?structure=EAJE&location=Aix-en-Provence,%20Bouches-du-Rh%C3%B4ne,%20Provence-Alpes-C%C3%B4te%20d%27Azur,%20FRA&x=5.447381703606&y=43.529801070774&radius=30000"
9c6db156-1032-41b0-aab9-db566e7fec80,12533085,EAJE,,MAC HOPITAL ST MARGUERITE SUD,,0491744026,,,270 Boulevard de Sainte Marguerite 13009 MARSEILLE,MARSEILLE,29845,NR,,false,,AIX EN PROVENCE CRECHE,"https://monenfant.fr/que-recherchez-vous?structure=EAJE&location=Aix-en-Provence,%20Bouches-du-Rh%C3%B4ne,%20Provence-Alpes-C%C3%B4te%20d%27Azur,%20FRA&x=5.447381703606&y=43.529801070774&radius=30000"
f0b04e0a-fde7-40a5-921b-d411bc708583,12540696,EAJE,,MAC LE GRAND SAINT GINIEZ,,0491772379,,,4 Boulevard Barral Prolongé 13008 MARSEILLE,MARSEILLE,29855,NR,,false,,AIX EN PROVENCE CRECHE,"https://monenfant.fr/que-recherchez-vous?structure=EAJE&location=Aix-en-Provence,%20Bouches-du-Rh%C3%B4ne,%20Provence-Alpes-C%C3%B4te%20d%27Azur,%20FRA&x=5.447381703606&y=43.529801070774&radius=30000"
ee666546-91b3-4088-8e79-687714657ba9,12574279,EAJE,,"MULTI ACCUEIL MUNICIPAL ""SILKY GIRALDI""",,0442322828,,marreynaud@wanadoo.fr, Place Charles Saitner 13420 GEMENOS,GEMENOS,29880,NR,,false,,AIX EN PROVENCE CRECHE,"https://monenfant.fr/que-recherchez-vous?structure=EAJE&location=Aix-en-Provence,%20Bouches-du-Rh%C3%B4ne,%20Provence-Alpes-C%C3%B4te%20d%27Azur,%20FRA&x=5.447381703606&y=43.529801070774&radius=30000"
4ef99ba6-d3a6-4dc9-8cbd-f75c775d21bc,12323371,LAEP,,LAEP LA MAISON DU SOLEIL,http://www.lpms.free.fr,0442950571,,nicole.moullet@orange.fr, Rue Raoul Follereau - Bât C4 13090 AIX EN PROVENCE,AIX EN PROVENCE,0,,,false,,AIX EN PROVENCE RELAIS ET PARENT,"https://monenfant.fr/que-recherchez-vous?structure=RPE;LAEP&location=Aix-en-Provence,%20Bouches-du-Rh%C3%B4ne,%20Provence-Alpes-C%C3%B4te%20d%27Azur,%20FRA&x=5.447381703606&y=43.529801070774&radius=30000"
448f1689-8ed4-45dc-a028-c36ef8a818ad,12319974,LAEP,,LAEP LA PASSERELLE,http://lapasserelle.org/,0442383087,,nicole.moullet@orange.fr,6ter Avenue de la Cible - Immeuble des terrasses 13100 AIX EN PROVENCE,AIX EN PROVENCE,0,,,false,,AIX EN PROVENCE RELAIS ET PARENT,"https://monenfant.fr/que-recherchez-vous?structure=RPE;LAEP&location=Aix-en-Provence,%20Bouches-du-Rh%C3%B4ne,%20Provence-Alpes-C%C3%B4te%20d%27Azur,%20FRA&x=5.447381703606&y=43.529801070774&radius=30000"
1326666f-755d-4ae8-8849-b6ce2b1848ee,21214344,LAEP,,LAEP LES PETITS OURSONS,https://www.csc-aix-nord.fr/,0442961081,,,20 Rue Albert Lebrun 13100 AIX EN PROVENCE,AIX EN PROVENCE,1170,,,false,,AIX EN PROVENCE RELAIS ET PARENT,"https://monenfant.fr/que-recherchez-vous?structure=RPE;LAEP&location=Aix-en-Provence,%20Bouches-du-Rh%C3%B4ne,%20Provence-Alpes-C%C3%B4te%20d%27Azur,%20FRA&x=5.447381703606&y=43.529801070774&radius=30000"
afb70015-7be0-4408-af2f-dc5c65dc6fa6,12323285,LAEP,,13-LAEP-CSC LA PROVENCE-13090 - LA SOURIS VERTE,http://www.csc-laprovence.com,0442591973,,csclaprovence.petiteenfance@gmail.com, Boulevard Maréchal Juin 13090 AIX EN PROVENCE,AIX EN PROVENCE,1505,,,false,,AIX EN PROVENCE RELAIS ET PARENT,"https://monenfant.fr/que-recherchez-vous?structure=RPE;LAEP&location=Aix-en-Provence,%20Bouches-du-Rh%C3%B4ne,%20Provence-Alpes-C%C3%B4te%20d%27Azur,%20FRA&x=5.447381703606&y=43.529801070774&radius=30000"
2a31cde5-9dc9-494d-9525-c7ac4dab246a,12151098,RPE,,RELAIS PETITE ENFANCE AIX EN PROVENCE MEYREUIL ET VENTABREN,,0442951498,,relaisassistante.maternelle@wanadoo.fr,50 Place du chateau de l horloge 13090 AIX EN PROVENCE,AIX EN PROVENCE,2163,,,false,,AIX EN PROVENCE RELAIS ET PARENT,"https://monenfant.fr/que-recherchez-vous?structure=RPE;LAEP&location=Aix-en-Provence,%20Bouches-du-Rh%C3%B4ne,%20Provence-Alpes-C%C3%B4te%20d%27Azur,%20FRA&x=5.447381703606&y=43.529801070774&radius=30000"
89c72488-0490-4869-95ec-04125cdc7046,70093744,RPE,,LA MAISON DES PITCHOUNS,,06 22 00 87 18,,rpe.pitchouns@venelles.fr,4 Avenue Maurice Plantier - Parc Velenna Bat C 13770 VENELLES,VENELLES,7820,,,false,,AIX EN PROVENCE RELAIS ET PARENT,"https://monenfant.fr/que-recherchez-vous?structure=RPE;LAEP&location=Aix-en-Provence,%20Bouches-du-Rh%C3%B4ne,%20Provence-Alpes-C%C3%B4te%20d%27Azur,%20FRA&x=5.447381703606&y=43.529801070774&radius=30000"
251cc566-6ff0-4a1a-819e-89c049ae6c8a,21289487,LAEP,,13-LAEP-UFF-13120  LAEP LES AZALEES 2,https://uffsolidarite.wordpress.com,0634996661,,uffgardanne@gmail.com,452 Avenue Léo Lagrange 13120 GARDANNE,GARDANNE,8494,,,false,,AIX EN PROVENCE RELAIS ET PARENT,"https://monenfant.fr/que-recherchez-vous?structure=RPE;LAEP&location=Aix-en-Provence,%20Bouches-du-Rh%C3%B4ne,%20Provence-Alpes-C%C3%B4te%20d%27Azur,%20FRA&x=5.447381703606&y=43.529801070774&radius=30000"
436b7174-51c4-4d33-b21c-b94488bd1507,57894027,RPE,,RELAIS PETITE ENFANCE SAINTE VICTOIRE,,0442656572,,rpesaintevictoire@outlook.fr, Avenue Santa Teresa Di Riva 13710 FUVEAU,FUVEAU,12684,,,false,,AIX EN PROVENCE RELAIS ET PARENT,"https://monenfant.fr/que-recherchez-vous?structure=RPE;LAEP&location=Aix-en-Provence,%20Bouches-du-Rh%C3%B4ne,%20Provence-Alpes-C%C3%B4te%20d%27Azur,%20FRA&x=5.447381703606&y=43.529801070774&radius=30000"
2cbf8dd6-50d1-43b1-b3de-8f054b8d774e,21217077,LAEP,,LAEP LA MAISON CALINS,http://lamaisoncalins.org,0627411519,,parents.enfants.med@free.fr, Parc St George - la Gavotte 13170 LES PENNES MIRABEAU,LES PENNES MIRABEAU,16810,,,false,,AIX EN PROVENCE RELAIS ET PARENT,"https://monenfant.fr/que-recherchez-vous?structure=RPE;LAEP&location=Aix-en-Provence,%20Bouches-du-Rh%C3%B4ne,%20Provence-Alpes-C%C3%B4te%20d%27Azur,%20FRA&x=5.447381703606&y=43.529801070774&radius=30000"
a130c61f-631f-435b-aa95-3cc385935e8d,12147787,RPE,,RELAIS PETITE ENFANCE PLANÈTE BÉBÉS,http://www.leolagrange-ram-planetebebes.org/,0442303701,,rep.planetebebes@leolagrange.org,5 Rue Fernand Benoit 13127 VITROLLES,VITROLLES,18448,,,false,,AIX EN PROVENCE RELAIS ET PARENT,"https://monenfant.fr/que-recherchez-vous?structure=RPE;LAEP&location=Aix-en-Provence,%20Bouches-du-Rh%C3%B4ne,%20Provence-Alpes-C%C3%B4te%20d%27Azur,%20FRA&x=5.447381703606&y=43.529801070774&radius=30000"
cd77aade-ab5f-4a7f-96bf-355df1a91b10,12319888,LAEP,,LAEP LE CLUB DES PETITS ET GRANDS,,0491655903,,,33 Boulevard du Bosphore 13015 MARSEILLE,MARSEILLE,18926,,,false,,AIX EN PROVENCE RELAIS ET PARENT,"https://monenfant.fr/que-recherchez-vous?structure=RPE;LAEP&location=Aix-en-Provence,%20Bouches-du-Rh%C3%B4ne,%20Provence-Alpes-C%C3%B4te%20d%27Azur,%20FRA&x=5.447381703606&y=43.529801070774&radius=30000"
1ba30ef2-3045-462d-ba14-f172ce13ce22,58443934,LAEP,,LA CHENILLE VERTE,,0490085410,,n.remirez@mairie-pertuis.fr,  rue du Chanoine Trouillet 84120 PERTUIS,PERTUIS,19199,,,false,,AIX EN PROVENCE RELAIS ET PARENT,"https://monenfant.fr/que-recherchez-vous?structure=RPE;LAEP&location=Aix-en-Provence,%20Bouches-du-Rh%C3%B4ne,%20Provence-Alpes-C%C3%B4te%20d%27Azur,%20FRA&x=5.447381703606&y=43.529801070774&radius=30000"
01386cdc-06ff-4a19-a358-e01fc8562500,58444152,RPE,,RPE PERTUIS,,0490085410,,n.remirez@mairie-pertuis.fr, Rue Chanoine Trouillet 84120 PERTUIS,PERTUIS,19209,,,false,,AIX EN PROVENCE RELAIS ET PARENT,"https://monenfant.fr/que-recherchez-vous?structure=RPE;LAEP&location=Aix-en-Provence,%20Bouches-du-Rh%C3%B4ne,%20Provence-Alpes-C%C3%B4te%20d%27Azur,%20FRA&x=5.447381703606&y=43.529801070774&radius=30000"
80b35886-f774-4906-a109-19e3f07166c0,69856213,RPE,,RPE ALLAUCH / PLAN DE CUQUES,,04 86 67 46 50,,rpe@allauch.com, Avenue Jean Moulin 13190 ALLAUCH,ALLAUCH,19421,,,false,,AIX EN PROVENCE RELAIS ET PARENT,"https://monenfant.fr/que-recherchez-vous?structure=RPE;LAEP&location=Aix-en-Provence,%20Bouches-du-Rh%C3%B4ne,%20Provence-Alpes-C%C3%B4te%20d%27Azur,%20FRA&x=5.447381703606&y=43.529801070774&radius=30000"
82a541e2-0e56-4e1f-825e-79b9ff9b5d70,69856856,RPE,,RPE INTERCOMMUNAL LAMBESC SAINT-CANNAT EGUILLES,https://petiteenfance.ifac.asso.fr/nos-rpe/#lambesc,0666860217,,rpe.intercommunal@dso.ifac.asso.fr,41 Boulevard De la République 13410 LAMBESC,LAMBESC,20158,,,false,,AIX EN PROVENCE RELAIS ET PARENT,"https://monenfant.fr/que-recherchez-vous?structure=RPE;LAEP&location=Aix-en-Provence,%20Bouches-du-Rh%C3%B4ne,%20Provence-Alpes-C%C3%B4te%20d%27Azur,%20FRA&x=5.447381703606&y=43.529801070774&radius=30000"
9cfae16e-38ca-447a-8ff5-029a568f5939,12320834,LAEP,,LAEP LA MAISON DE L'ESCAPADE,,0491460439,,,  Place des Bartavelles la Castellane 13016 MARSEILLE,MARSEILLE,20283,,,false,,AIX EN PROVENCE RELAIS ET PARENT,"https://monenfant.fr/que-recherchez-vous?structure=RPE;LAEP&location=Aix-en-Provence,%20Bouches-du-Rh%C3%B4ne,%20Provence-Alpes-C%C3%B4te%20d%27Azur,%20FRA&x=5.447381703606&y=43.529801070774&radius=30000"
c5e18b55-25f2-4c57-8918-7cc2cb18ad26,12136349,RPE,,RELAIS PETITE ENFANCE PROTIS,,0683387227,,ramprotis1516@laligue13.fr,1 Rue Jean Jacques vernazza 13016 MARSEILLE,MARSEILLE,21167,,,false,,AIX EN PROVENCE RELAIS ET PARENT,"https://monenfant.fr/que-recherchez-vous?structure=RPE;LAEP&location=Aix-en-Provence,%20Bouches-du-Rh%C3%B4ne,%20Provence-Alpes-C%C3%B4te%20d%27Azur,%20FRA&x=5.447381703606&y=43.529801070774&radius=30000"
a001c765-4d53-4e37-80f9-d0a761dfe57d,12326252,LAEP,,LAEP BEBE EN HERBE,,0491020317,,,435 Rue Jean Queillau 13014 MARSEILLE,MARSEILLE,21812,,,false,,AIX EN PROVENCE RELAIS ET PARENT,"https://monenfant.fr/que-recherchez-vous?structure=RPE;LAEP&location=Aix-en-Provence,%20Bouches-du-Rh%C3%B4ne,%20Provence-Alpes-C%C3%B4te%20d%27Azur,%20FRA&x=5.447381703606&y=43.529801070774&radius=30000"
701bc10d-d6b8-4cd3-bd85-cdf89705d164,12321436,LAEP,,LAEP 1-2-3 SOLEIL,,0491606192,,,2 Boulevard Ledru Rollin 13015 MARSEILLE,MARSEILLE,21964,,,false,,AIX EN PROVENCE RELAIS ET PARENT,"https://monenfant.fr/que-recherchez-vous?structure=RPE;LAEP&location=Aix-en-Provence,%20Bouches-du-Rh%C3%B4ne,%20Provence-Alpes-C%C3%B4te%20d%27Azur,%20FRA&x=5.447381703606&y=43.529801070774&radius=30000"
96cc65c6-afc6-48fc-8a1a-82f710d9d24e,12136521,RPE,,RELAIS PETITE ENFANCE 3ÈME ET 14ÈME ARRONDISSEMENTS,,0695564964,,rpe314.jedai@gmail.com,51-53 Boulevard du Capitaine Gèze 13014 MARSEILLE,MARSEILLE,22845,,,false,,AIX EN PROVENCE RELAIS ET PARENT,"https://monenfant.fr/que-recherchez-vous?structure=RPE;LAEP&location=Aix-en-Provence,%20Bouches-du-Rh%C3%B4ne,%20Provence-Alpes-C%C3%B4te%20d%27Azur,%20FRA&x=5.447381703606&y=43.529801070774&radius=30000"
7c344953-a540-498c-b84f-82c2a9f18cc7,12320017,LAEP,,LAEP LA ROCHE DES FÉES,,0491932669,,afac.marseille@free.fr, Avenue Roger Salzmann 13012 MARSEILLE,MARSEILLE,23241,,,false,,AIX EN PROVENCE RELAIS ET PARENT,"https://monenfant.fr/que-recherchez-vous?structure=RPE;LAEP&location=Aix-en-Provence,%20Bouches-du-Rh%C3%B4ne,%20Provence-Alpes-C%C3%B4te%20d%27Azur,%20FRA&x=5.447381703606&y=43.529801070774&radius=30000"
22dc2d07-07a1-45a8-968c-bfb8b5215c68,12140348,RPE,,RPE ITINÉRANT DE COTELUB,http://www.cotelub.fr,0699099160,,sophie.bremond@cotelub-spl.fr,262 Boulevard de Verdun 84240 LA TOUR D AIGUES,LA TOUR D AIGUES,23293,,,false,,AIX EN PROVENCE RELAIS ET PARENT,"https://monenfant.fr/que-recherchez-vous?structure=RPE;LAEP&location=Aix-en-Provence,%20Bouches-du-Rh%C3%B4ne,%20Provence-Alpes-C%C3%B4te%20d%27Azur,%20FRA&x=5.447381703606&y=43.529801070774&radius=30000"
d52164c5-4718-46a9-8587-900577fd3bb7,12140606,RPE,,RELAIS PARENTS ASSISTANTE MATERNELLES DU CANTON DE CADENET,,0660105276,,christine.chabaud@cotelub-spl.fr, Chemin de Bel Air 84160 CADENET,CADENET,23434,,,false,,AIX EN PROVENCE RELAIS ET PARENT,"https://monenfant.fr/que-recherchez-vous?structure=RPE;LAEP&location=Aix-en-Provence,%20Bouches-du-Rh%C3%B4ne,%20Provence-Alpes-C%C3%B4te%20d%27Azur,%20FRA&x=5.447381703606&y=43.529801070774&radius=30000"
0bf0afdb-72a8-4da7-93a2-32071b2763fb,12331326,LAEP,,"LAEP ""LA BULLE""",,0664642294,,laep.labulle@cotelub.fr, Chemin Bel Air 84160 CADENET,CADENET,23434,,,false,,AIX EN PROVENCE RELAIS ET PARENT,"https://monenfant.fr/que-recherchez-vous?structure=RPE;LAEP&location=Aix-en-Provence,%20Bouches-du-Rh%C3%B4ne,%20Provence-Alpes-C%C3%B4te%20d%27Azur,%20FRA&x=5.447381703606&y=43.529801070774&radius=30000"
c0e4696f-2849-404d-9cfa-a815d4cadf00,12319931,LAEP,,LAEP LA SARABANDE,,0442504701,,, Chemin Carraire des Trissonnes - La Jacourelette 13640 LA ROQUE D ANTHERON,LA ROQUE D ANTHERON,23471,,,false,,AIX EN PROVENCE RELAIS ET PARENT,"https://monenfant.fr/que-recherchez-vous?structure=RPE;LAEP&location=Aix-en-Provence,%20Bouches-du-Rh%C3%B4ne,%20Provence-Alpes-C%C3%B4te%20d%27Azur,%20FRA&x=5.447381703606&y=43.529801070774&radius=30000"
30d6a54a-f118-472a-beca-e6ab8fdbac12,12320920,LAEP,,LAEP LE PITCHOUNET,,0491981241,,cs.lesrosiers@free.fr,21  Traverse des Rosiers 13014 MARSEILLE,MARSEILLE,23497,,,false,,AIX EN PROVENCE RELAIS ET PARENT,"https://monenfant.fr/que-recherchez-vous?structure=RPE;LAEP&location=Aix-en-Provence,%20Bouches-du-Rh%C3%B4ne,%20Provence-Alpes-C%C3%B4te%20d%27Azur,%20FRA&x=5.447381703606&y=43.529801070774&radius=30000"
57262227-0932-4d42-8691-941b50b7470a,21215263,LAEP,,LAEP PARENT’AISE AURIOL,,0442016460,,, Quartier la Bardeline 13390 AURIOL,AURIOL,23599,,,false,,AIX EN PROVENCE RELAIS ET PARENT,"https://monenfant.fr/que-recherchez-vous?structure=RPE;LAEP&location=Aix-en-Provence,%20Bouches-du-Rh%C3%B4ne,%20Provence-Alpes-C%C3%B4te%20d%27Azur,%20FRA&x=5.447381703606&y=43.529801070774&radius=30000"
bd82611d-f360-49df-95c4-de5c5d19fe1f,12136478,RPE,,RELAIS PETITE ENFANCE DES COLLINES,,0673905446,,relaisdescollines@gmail.com, Avenue des Allies 13360 ROQUEVAIRE,ROQUEVAIRE,23824,,,false,,AIX EN PROVENCE RELAIS ET PARENT,"https://monenfant.fr/que-recherchez-vous?structure=RPE;LAEP&location=Aix-en-Provence,%20Bouches-du-Rh%C3%B4ne,%20Provence-Alpes-C%C3%B4te%20d%27Azur,%20FRA&x=5.447381703606&y=43.529801070774&radius=30000"
b07ccf0a-2e5f-4983-8a7b-994a98e9af3d,12147916,RPE,,RELAIS PETITE ENFANCE 12ÈME ARRONDISSEMENT,http://www.ufcv.fr/,06 27 73 25 32,,ram.12@ufcv.fr, Rue Gustave Salicis  - Maison Pour Tous Saint Barnabé 13012 MARSEILLE,MARSEILLE,24648,,,false,,AIX EN PROVENCE RELAIS ET PARENT,"https://monenfant.fr/que-recherchez-vous?structure=RPE;LAEP&location=Aix-en-Provence,%20Bouches-du-Rh%C3%B4ne,%20Provence-Alpes-C%C3%B4te%20d%27Azur,%20FRA&x=5.447381703606&y=43.529801070774&radius=30000"
d751da44-97e7-4906-a086-49cea559ecb3,21233265,LAEP,,LAEP LA MAISON DU VALLON,http://lamaisonduvallon.free.fr,0495049638,,lamaisonduvallon@hotmail.fr,41 Rue Jobin 13003 MARSEILLE,MARSEILLE,24894,,,false,,AIX EN PROVENCE RELAIS ET PARENT,"https://monenfant.fr/que-recherchez-vous?structure=RPE;LAEP&location=Aix-en-Provence,%20Bouches-du-Rh%C3%B4ne,%20Provence-Alpes-C%C3%B4te%20d%27Azur,%20FRA&x=5.447381703606&y=43.529801070774&radius=30000"
2a4ab3dd-ebcc-4e36-9fb5-9ef5efdf4254,12321350,LAEP,,LAEP ATELIER PETIT ENFANCE,https://laligue13.fr/,0491628240,,odile.flores@laligue13.fr,16 Rue Desaix 13003 MARSEILLE,MARSEILLE,25308,,,false,,AIX EN PROVENCE RELAIS ET PARENT,"https://monenfant.fr/que-recherchez-vous?structure=RPE;LAEP&location=Aix-en-Provence,%20Bouches-du-Rh%C3%B4ne,%20Provence-Alpes-C%C3%B4te%20d%27Azur,%20FRA&x=5.447381703606&y=43.529801070774&radius=30000"
fe232cf6-758d-42f9-97a7-e47e46206bc8,12337690,LAEP,,LAEP SAINT BARNABE,,0491349098,,mpt.stbarnabe@ifac.asso.fr, Rue Gustave Salicis 13012 MARSEILLE,MARSEILLE,25341,,,false,,AIX EN PROVENCE RELAIS ET PARENT,"https://monenfant.fr/que-recherchez-vous?structure=RPE;LAEP&location=Aix-en-Provence,%20Bouches-du-Rh%C3%B4ne,%20Provence-Alpes-C%C3%B4te%20d%27Azur,%20FRA&x=5.447381703606&y=43.529801070774&radius=30000"
51e793df-02fd-4440-af04-0bb842c7e395,12136564,RPE,,RELAIS PETITE ENFANCE 4,https://www.chabullon.fr,0491863588,,rpe.4@dso.utse.ifac.asso.fr,10 Rue des 3 Frères Carasso 13004 MARSEILLE,MARSEILLE,25447,,,false,,AIX EN PROVENCE RELAIS ET PARENT,"https://monenfant.fr/que-recherchez-vous?structure=RPE;LAEP&location=Aix-en-Provence,%20Bouches-du-Rh%C3%B4ne,%20Provence-Alpes-C%C3%B4te%20d%27Azur,%20FRA&x=5.447381703606&y=43.529801070774&radius=30000"
223d657a-90d7-4798-8ff1-c2c10b0dc321,64324349,LAEP,,LE NID DES CIGOGNES,,0636190077,,laep.leniddescigognes@gmail.com,12 Rue Marx Dormoy 13004 MARSEILLE,MARSEILLE,25676,,,false,,AIX EN PROVENCE RELAIS ET PARENT,"https://monenfant.fr/que-recherchez-vous?structure=RPE;LAEP&location=Aix-en-Provence,%20Bouches-du-Rh%C3%B4ne,%20Provence-Alpes-C%C3%B4te%20d%27Azur,%20FRA&x=5.447381703606&y=43.529801070774&radius=30000"
83d8dfeb-3b36-482c-a6f9-2306ac14ae44,12125333,RPE,,RELAIS PETITE ENFANCE LA RIBAMBELLE,http://www.ville-pelissanne.fr/relais-dassistantes-maternelles/,0618708233,,relaispetiteenfance@ville-pelissanne.fr,43 Rue du Vallon Gautier Le Domaine 13330 PELISSANNE,PELISSANNE,25700,,,false,,AIX EN PROVENCE RELAIS ET PARENT,"https://monenfant.fr/que-recherchez-vous?structure=RPE;LAEP&location=Aix-en-Provence,%20Bouches-du-Rh%C3%B4ne,%20Provence-Alpes-C%C3%B4te%20d%27Azur,%20FRA&x=5.447381703606&y=43.529801070774&radius=30000"
a199edd5-c5d3-4d43-a8ac-ca94feb12df4,12337561,LAEP,,13-LAEP-CENTRE SOCIAL SAINTE ELISABETH-13004,http://www.cs-ste-elisabeth.fr/,0491346996,,cs.saintelisabeth@9business.fr,6 Square Hopkinson 13004 MARSEILLE,MARSEILLE,25961,,,false,,AIX EN PROVENCE RELAIS ET PARENT,"https://monenfant.fr/que-recherchez-vous?structure=RPE;LAEP&location=Aix-en-Provence,%20Bouches-du-Rh%C3%B4ne,%20Provence-Alpes-C%C3%B4te%20d%27Azur,%20FRA&x=5.447381703606&y=43.529801070774&radius=30000"
2d5542d1-58a3-490d-bf2a-2bf1e5bfa990,21218541,LAEP,,LAEP LES ROBINS DU BOIS,,0488151110,,,16 Rue Bernard-du-Bois 13001 MARSEILLE,MARSEILLE,25994,,,false,,AIX EN PROVENCE RELAIS ET PARENT,"https://monenfant.fr/que-recherchez-vous?structure=RPE;LAEP&location=Aix-en-Provence,%20Bouches-du-Rh%C3%B4ne,%20Provence-Alpes-C%C3%B4te%20d%27Azur,%20FRA&x=5.447381703606&y=43.529801070774&radius=30000"
9e121299-7b47-4b03-b93b-475e74bbf000,21218315,LAEP,,LAEP TOUT UN MONDE,http://toutunmonde.org/,0610320695,,,12 Boulevard Dugommier 13001 MARSEILLE,MARSEILLE,26261,,,false,,AIX EN PROVENCE RELAIS ET PARENT,"https://monenfant.fr/que-recherchez-vous?structure=RPE;LAEP&location=Aix-en-Provence,%20Bouches-du-Rh%C3%B4ne,%20Provence-Alpes-C%C3%B4te%20d%27Azur,%20FRA&x=5.447381703606&y=43.529801070774&radius=30000"
43f47854-bb68-49d4-8460-56d38437437c,56352009,RPE,,RELAIS PETITE ENFANCE LMV SECTEUR LAURIS,https://www.luberonmontsdevaucluse.fr/petite-enfance/accueil-chez-une-assistante-maternelle,0607306850,,rpe.coustelletlauris@c-lmv.fr,3 Rue Alphonse Daudet 84360 LAURIS,LAURIS,26326,,,false,,AIX EN PROVENCE RELAIS ET PARENT,"https://monenfant.fr/que-recherchez-vous?structure=RPE;LAEP&location=Aix-en-Provence,%20Bouches-du-Rh%C3%B4ne,%20Provence-Alpes-C%C3%B4te%20d%27Azur,%20FRA&x=5.447381703606&y=43.529801070774&radius=30000"
afd9b6c9-98d1-44e2-8134-70e921a114a0,12358024,LAEP,,LAEP DE PELISSANNE,,0675079806,,," Rue Vallon de Gautier, Le Domaine 13330 PELISSANNE",PELISSANNE,26385,,,false,,AIX EN PROVENCE RELAIS ET PARENT,"https://monenfant.fr/que-recherchez-vous?structure=RPE;LAEP&location=Aix-en-Provence,%20Bouches-du-Rh%C3%B4ne,%20Provence-Alpes-C%C3%B4te%20d%27Azur,%20FRA&x=5.447381703606&y=43.529801070774&radius=30000"
1c3c8618-7d85-434a-ab8a-88637531f356,12192206,RPE,,RELAIS PETITE ENFANCE LE JARDIN DES PITCHOUNS,https://maisonenfance.fr,0498050470,,rpelejardindespitchouns@maisonenfance.fr, Boulevard des Martyrs de la Résistance 83640 ST ZACHARIE,ST ZACHARIE,26390,,,false,,AIX EN PROVENCE RELAIS ET PARENT,"https://monenfant.fr/que-recherchez-vous?structure=RPE;LAEP&location=Aix-en-Provence,%20Bouches-du-Rh%C3%B4ne,%20Provence-Alpes-C%C3%B4te%20d%27Azur,%20FRA&x=5.447381703606&y=43.529801070774&radius=30000"
2de435bf-9faa-486d-97ad-73508327fe11,12175221,RPE,,RELAIS PETITE ENFANCE 5ÈME ARRONDISSEMENT,,0484255720,,ram.cinq@utse.ifac.asso.fr,107 Rue BENOIT MALON 13005 MARSEILLE,MARSEILLE,26529,,,false,,AIX EN PROVENCE RELAIS ET PARENT,"https://monenfant.fr/que-recherchez-vous?structure=RPE;LAEP&location=Aix-en-Provence,%20Bouches-du-Rh%C3%B4ne,%20Provence-Alpes-C%C3%B4te%20d%27Azur,%20FRA&x=5.447381703606&y=43.529801070774&radius=30000"
9cf53417-caea-4f44-811a-a6c2ce1728b9,12147830,RPE,,RELAIS PETITE ENFANCE NORD,http://www.ufcv.fr,0491153246,,ram.nord@ufcv.fr,64 Chemin Château Gombert - Cité les Balustres Bt A2 13013 MARSEILLE,MARSEILLE,26536,,,false,,AIX EN PROVENCE RELAIS ET PARENT,"https://monenfant.fr/que-recherchez-vous?structure=RPE;LAEP&location=Aix-en-Provence,%20Bouches-du-Rh%C3%B4ne,%20Provence-Alpes-C%C3%B4te%20d%27Azur,%20FRA&x=5.447381703606&y=43.529801070774&radius=30000"
f3dd9d81-fcc8-4ce4-8f4a-f1b88121b89f,12319845,LAEP,,LAEP COCCINELLE ET PAPILLON,http://www.csairbel.com,0491352792,,,36 bis Rue de la Pinède - AEC Centre Social Air Bel 13011 MARSEILLE,MARSEILLE,26536,,,false,,AIX EN PROVENCE RELAIS ET PARENT,"https://monenfant.fr/que-recherchez-vous?structure=RPE;LAEP&location=Aix-en-Provence,%20Bouches-du-Rh%C3%B4ne,%20Provence-Alpes-C%C3%B4te%20d%27Azur,%20FRA&x=5.447381703606&y=43.529801070774&radius=30000"
a390145b-67f8-4c33-85c5-c76883e45f63,12326209,LAEP,,LAEP LE PETIT PAS,,0491700578,,centre.social.la.garde@numericable.fr,37-41 Avenue François Mignet - Cité la Garde 13013 MARSEILLE,MARSEILLE,26536,,,false,,AIX EN PROVENCE RELAIS ET PARENT,"https://monenfant.fr/que-recherchez-vous?structure=RPE;LAEP&location=Aix-en-Provence,%20Bouches-du-Rh%C3%B4ne,%20Provence-Alpes-C%C3%B4te%20d%27Azur,%20FRA&x=5.447381703606&y=43.529801070774&radius=30000"
b825f6d6-72c1-4334-a8d9-618996e89b4b,21245467,RPE,,RELAIS PETITE ENFANCE MER SUD,http://www.petiteenfance-paca.ifac.asso.fr,0491319663,,ram.mersud@utse.ifac.asso.fr,33 Cours Julien 13006 MARSEILLE,MARSEILLE,26634,,,false,,AIX EN PROVENCE RELAIS ET PARENT,"https://monenfant.fr/que-recherchez-vous?structure=RPE;LAEP&location=Aix-en-Provence,%20Bouches-du-Rh%C3%B4ne,%20Provence-Alpes-C%C3%B4te%20d%27Azur,%20FRA&x=5.447381703606&y=43.529801070774&radius=30000"
c7dbc46f-61d8-422e-8d4c-93b3ef8b7a1b,61319242,LAEP,,LAEP GRAINES DE PARENTS,https://www.grainesdeparents.org,0950536512,,contact@grainesdeparents.org, Lotissement HLM Aire des Moulins 83560 RIANS,RIANS,26651,,,false,,AIX EN PROVENCE RELAIS ET PARENT,"https://monenfant.fr/que-recherchez-vous?structure=RPE;LAEP&location=Aix-en-Provence,%20Bouches-du-Rh%C3%B4ne,%20Provence-Alpes-C%C3%B4te%20d%27Azur,%20FRA&x=5.447381703606&y=43.529801070774&radius=30000"
bdadecc8-13d0-4afd-b6f5-8711ccd2ad80,12136392,RPE,,RELAIS PETITE ENFANCE CENTRE,https://portail-animation.ufcv.fr/relais-centre/,0491153235,,ram.centre@ufcv.fr,52/54 Rue d'Aubagne 13001 MARSEILLE,MARSEILLE,26699,,,false,,AIX EN PROVENCE RELAIS ET PARENT,"https://monenfant.fr/que-recherchez-vous?structure=RPE;LAEP&location=Aix-en-Provence,%20Bouches-du-Rh%C3%B4ne,%20Provence-Alpes-C%C3%B4te%20d%27Azur,%20FRA&x=5.447381703606&y=43.529801070774&radius=30000"
de5bd818-be07-49fe-8dc3-f89230366897,64325087,LAEP,,LA MAISON CALINS 2,http://maisoncalins.org,0627411519,,parentsenfantsmediterranee@gmail.com,2 Rue Vitalis 13005 MARSEILLE,MARSEILLE,26740,,,false,,AIX EN PROVENCE RELAIS ET PARENT,"https://monenfant.fr/que-recherchez-vous?structure=RPE;LAEP&location=Aix-en-Provence,%20Bouches-du-Rh%C3%B4ne,%20Provence-Alpes-C%C3%B4te%20d%27Azur,%20FRA&x=5.447381703606&y=43.529801070774&radius=30000"
d0602843-7076-49f7-a21d-41719f29a97d,12323715,LAEP,,LAEP LA MAISON DU VALLON,,0491470489,,,13 Rue de Lodi 13006 MARSEILLE,MARSEILLE,26975,,,false,,AIX EN PROVENCE RELAIS ET PARENT,"https://monenfant.fr/que-recherchez-vous?structure=RPE;LAEP&location=Aix-en-Provence,%20Bouches-du-Rh%C3%B4ne,%20Provence-Alpes-C%C3%B4te%20d%27Azur,%20FRA&x=5.447381703606&y=43.529801070774&radius=30000"
2d70ed4e-7f1e-49f8-be37-8757ab3ca875,12136908,RPE,,RELAIS PETITE ENFANCE BABY RELAIS,,0491153237,,ram.baby-relais@ufcv.fr,4 Rue Gimon 13011 MARSEILLE,MARSEILLE,26977,,,false,,AIX EN PROVENCE RELAIS ET PARENT,"https://monenfant.fr/que-recherchez-vous?structure=RPE;LAEP&location=Aix-en-Provence,%20Bouches-du-Rh%C3%B4ne,%20Provence-Alpes-C%C3%B4te%20d%27Azur,%20FRA&x=5.447381703606&y=43.529801070774&radius=30000"
ad8ed238-d5f3-423f-950b-48e5cfae6901,12340528,LAEP,,LAEP TRAMPOLINE,https://laligue13.fr/,0491350607,,nora.aba@laligue13.fr,4 Rue Gimon 13011 MARSEILLE,MARSEILLE,26977,,,false,,AIX EN PROVENCE RELAIS ET PARENT,"https://monenfant.fr/que-recherchez-vous?structure=RPE;LAEP&location=Aix-en-Provence,%20Bouches-du-Rh%C3%B4ne,%20Provence-Alpes-C%C3%B4te%20d%27Azur,%20FRA&x=5.447381703606&y=43.529801070774&radius=30000"
575b3686-c020-4c71-a1b9-62e82248fbbb,21237716,LAEP,,LAEP LES PETITS NAVIRES,,0491015620,,,19 Bis Rue de la Croix 13007 MARSEILLE,MARSEILLE,27304,,,false,,AIX EN PROVENCE RELAIS ET PARENT,"https://monenfant.fr/que-recherchez-vous?structure=RPE;LAEP&location=Aix-en-Provence,%20Bouches-du-Rh%C3%B4ne,%20Provence-Alpes-C%C3%B4te%20d%27Azur,%20FRA&x=5.447381703606&y=43.529801070774&radius=30000"
9624e687-8b09-4440-b145-f4e916ea2ab2,12125290,RPE,,RELAIS PETITE ENFANCE D'AUBAGNE,http://www.aubagne.fr,0442181802,,relais.petite.enfance@aubagne.fr,265 Boulevard Marcel Pagnol - Quartier Les Défensions - Pôle Enfance 13400 AUBAGNE,AUBAGNE,27857,,,false,,AIX EN PROVENCE RELAIS ET PARENT,"https://monenfant.fr/que-recherchez-vous?structure=RPE;LAEP&location=Aix-en-Provence,%20Bouches-du-Rh%C3%B4ne,%20Provence-Alpes-C%C3%B4te%20d%27Azur,%20FRA&x=5.447381703606&y=43.529801070774&radius=30000"
cf9f7edd-59ba-4922-a7aa-02e12344ee47,33735386,LAEP,,LAEP MUNICIPAL D'AUBAGNE,https://www.aubagne.fr,0442181802,,maisondesfamilles@aubagne.fr,265 Boulevard Marcel Pagnol 13400 AUBAGNE,AUBAGNE,27877,,,false,,AIX EN PROVENCE RELAIS ET PARENT,"https://monenfant.fr/que-recherchez-vous?structure=RPE;LAEP&location=Aix-en-Provence,%20Bouches-du-Rh%C3%B4ne,%20Provence-Alpes-C%C3%B4te%20d%27Azur,%20FRA&x=5.447381703606&y=43.529801070774&radius=30000"
5ec3bf60-1408-4781-ba02-bc6da9a466c1,12138155,RPE,,RELAIS PETITE ENFANCE CAPELETTE,http://petiteenfance-paca.ifac.asso.fr,0491341925,,ram.capelette@utse.ifac.asso.fr,5 Boulevard St Jean 13010 MARSEILLE,MARSEILLE,27914,,,false,,AIX EN PROVENCE RELAIS ET PARENT,"https://monenfant.fr/que-recherchez-vous?structure=RPE;LAEP&location=Aix-en-Provence,%20Bouches-du-Rh%C3%B4ne,%20Provence-Alpes-C%C3%B4te%20d%27Azur,%20FRA&x=5.447381703606&y=43.529801070774&radius=30000"
cc76dcbf-e2a0-447f-a479-3ed4f4235339,12321006,LAEP,,LAEP PICOTI CLUB,,0491796601,,cscapelette2@wanadoo.fr,221 Avenue de la Capelette 13010 MARSEILLE,MARSEILLE,27921,,,false,,AIX EN PROVENCE RELAIS ET PARENT,"https://monenfant.fr/que-recherchez-vous?structure=RPE;LAEP&location=Aix-en-Provence,%20Bouches-du-Rh%C3%B4ne,%20Provence-Alpes-C%C3%B4te%20d%27Azur,%20FRA&x=5.447381703606&y=43.529801070774&radius=30000"
a6f6c8dc-60d9-4a37-9916-977f2cfb5846,12323328,LAEP,,LAEP SAUTERAILES,https://aec-escourtines.com/,0491187090,,laep@aec-escourtines.com,15 Traverse de la Solitude 13011 MARSEILLE,MARSEILLE,28002,,,false,,AIX EN PROVENCE RELAIS ET PARENT,"https://monenfant.fr/que-recherchez-vous?structure=RPE;LAEP&location=Aix-en-Provence,%20Bouches-du-Rh%C3%B4ne,%20Provence-Alpes-C%C3%B4te%20d%27Azur,%20FRA&x=5.447381703606&y=43.529801070774&radius=30000"
c9f06b6b-e2b9-49c0-a230-0e199fbd976a,12320103,LAEP,,LAEP LA MAISON OUVERTE,,0442849608,,,  Bât A Le Charrel - Résidence La Farandole 13400 AUBAGNE,AUBAGNE,28172,,,false,,AIX EN PROVENCE RELAIS ET PARENT,"https://monenfant.fr/que-recherchez-vous?structure=RPE;LAEP&location=Aix-en-Provence,%20Bouches-du-Rh%C3%B4ne,%20Provence-Alpes-C%C3%B4te%20d%27Azur,%20FRA&x=5.447381703606&y=43.529801070774&radius=30000"
6f31a3a8-b54c-4bf2-a2f0-eb648a629336,12321393,LAEP,,LAEP LA MAISON DE L'ENFANCE,,0491524002,,csc285@free.fr,285 Rue d'Endoume 13007 MARSEILLE,MARSEILLE,28367,,,false,,AIX EN PROVENCE RELAIS ET PARENT,"https://monenfant.fr/que-recherchez-vous?structure=RPE;LAEP&location=Aix-en-Provence,%20Bouches-du-Rh%C3%B4ne,%20Provence-Alpes-C%C3%B4te%20d%27Azur,%20FRA&x=5.447381703606&y=43.529801070774&radius=30000"
7974def3-c55e-4b6c-9ff7-4cb2e9ceeb20,21240748,LAEP,,LAEP LA BULLE DU ROUET,,0663485715,,despsysdanslacite@gmail.com, Rue de Benedetti 13008 MARSEILLE,MARSEILLE,28377,,,false,,AIX EN PROVENCE RELAIS ET PARENT,"https://monenfant.fr/que-recherchez-vous?structure=RPE;LAEP&location=Aix-en-Provence,%20Bouches-du-Rh%C3%B4ne,%20Provence-Alpes-C%C3%B4te%20d%27Azur,%20FRA&x=5.447381703606&y=43.529801070774&radius=30000"
6d93702d-1c1c-4aeb-aa8f-dab6f705c54d,57771139,RPE,,RELAIS PETITE ENFANCE LE PETIT PRINCE,https://sivucollinesdurance.com,0630542379,,relaislepetitprince@sivucollinesdurance.com,1581 Route de Charleval - D23C - Le Vergon 13370 MALLEMORT,MALLEMORT,28840,,,false,,AIX EN PROVENCE RELAIS ET PARENT,"https://monenfant.fr/que-recherchez-vous?structure=RPE;LAEP&location=Aix-en-Provence,%20Bouches-du-Rh%C3%B4ne,%20Provence-Alpes-C%C3%B4te%20d%27Azur,%20FRA&x=5.447381703606&y=43.529801070774&radius=30000"
02889c34-f571-45ac-9f08-795e40a9caa8,12320877,LAEP,,LAEP LA RITOURNELLE,,0491402614,,, Avenue de la Martheline - Quartier de la Soude 13009 MARSEILLE,MARSEILLE,29229,,,false,,AIX EN PROVENCE RELAIS ET PARENT,"https://monenfant.fr/que-recherchez-vous?structure=RPE;LAEP&location=Aix-en-Provence,%20Bouches-du-Rh%C3%B4ne,%20Provence-Alpes-C%C3%B4te%20d%27Azur,%20FRA&x=5.447381703606&y=43.529801070774&radius=30000"
72849f8b-aa83-4548-80fc-06e85940e756,12177328,RPE,,RELAIS PETITE ENFANCE CALANQUES,https://www.petiteenfance-paca.ifac.asso.fr/,0666720106,,ram.calanques@utse.ifac.asso.fr,18 Boulevard Gustave Ganay 13009 MARSEILLE,MARSEILLE,29585,,,false,,AIX EN PROVENCE RELAIS ET PARENT,"https://monenfant.fr/que-recherchez-vous?structure=RPE;LAEP&location=Aix-en-Provence,%20Bouches-du-Rh%C3%B4ne,%20Provence-Alpes-C%C3%B4te%20d%27Azur,%20FRA&x=5.447381703606&y=43.529801070774&radius=30000"
2a9c6c7a-9aaf-4a3a-833c-75cc3f0cf813,39645877,ALSH,,13-ESC-LEC GS-AIX EN PROVENCE - LES PETITS MOUSSES,,0620040241,,petits.mousses@loisireduc.org, Quartier La Rostolane 13090 AIX EN PROVENCE,AIX EN PROVENCE,0,,,false,,AIX EN PROVENCE LOISIR,"https://monenfant.fr/que-recherchez-vous?structure=ALSH&location=Aix-en-Provence,%20Bouches-du-Rh%C3%B4ne,%20Provence-Alpes-C%C3%B4te%20d%27Azur,%20FRA&x=5.447381703606&y=43.529801070774&radius=30000"
d9f5cff8-702a-4308-9b08-fe58fce5d19e,11041580,ALSH,,13-MERC-LEC GS-AIX EN PROVENCE - LES PETITS MOUSSES,,0620040241,,petits.mousses@loisireduc.org, Quartier La Rostolane 13090 AIX EN PROVENCE,AIX EN PROVENCE,0,,,false,,AIX EN PROVENCE LOISIR,"https://monenfant.fr/que-recherchez-vous?structure=ALSH&location=Aix-en-Provence,%20Bouches-du-Rh%C3%B4ne,%20Provence-Alpes-C%C3%B4te%20d%27Azur,%20FRA&x=5.447381703606&y=43.529801070774&radius=30000"
138b7b09-6ac5-4c89-a660-4c85db703021,40305300,ALSH,,ADO ALBERT CAMUS AIX EN PROVENCE,http://www.centrealbertcamus.fr,0442644441,,centrealbertcamus@hotmail.fr,10 Boulevard DU MARHAL JUIN 13090 AIX EN PROVENCE,AIX EN PROVENCE,0,,,false,,AIX EN PROVENCE LOISIR,"https://monenfant.fr/que-recherchez-vous?structure=ALSH&location=Aix-en-Provence,%20Bouches-du-Rh%C3%B4ne,%20Provence-Alpes-C%C3%B4te%20d%27Azur,%20FRA&x=5.447381703606&y=43.529801070774&radius=30000"
caa30ae6-2fe8-4b1e-b2ba-a302badab40e,22059158,ALSH,,ESC ARCHIPEL AIX EN PROVENCE - PIERRE GILLES DE GENNES',https://www.asso-archipel.com/la-duranne/,0442392064,,laduranne@asso-archipel.com, Avenue Jas des Vaches 13090 AIX EN PROVENCE,AIX EN PROVENCE,0,,,false,,AIX EN PROVENCE LOISIR,"https://monenfant.fr/que-recherchez-vous?structure=ALSH&location=Aix-en-Provence,%20Bouches-du-Rh%C3%B4ne,%20Provence-Alpes-C%C3%B4te%20d%27Azur,%20FRA&x=5.447381703606&y=43.529801070774&radius=30000"
bfeba23c-7bbc-4837-a10a-c19b2285e7fe,10827905,ALSH,,ESC ML DAVIN AIX EN PROVENCE - PUYRICARD,http://www.cscdavin.org,0442921389,,contact@cscdavin.org, Place des Combattants 13540 AIX EN PROVENCE,AIX EN PROVENCE,0,,,false,,AIX EN PROVENCE LOISIR,"https://monenfant.fr/que-recherchez-vous?structure=ALSH&location=Aix-en-Provence,%20Bouches-du-Rh%C3%B4ne,%20Provence-Alpes-C%C3%B4te%20d%27Azur,%20FRA&x=5.447381703606&y=43.529801070774&radius=30000"
da2f72ab-3985-49da-bc2b-7d9ed8ca6a09,39994148,ALSH,,PSC ARCHIPEL AIX EN PROVENCE - PIERRE GILLES DE GENNES',https://www.asso-archipel.com/la-duranne/,0442392064,,laduranne@asso-archipel.com, Avenue Jas des Vaches 13090 AIX EN PROVENCE,AIX EN PROVENCE,0,,,false,,AIX EN PROVENCE LOISIR,"https://monenfant.fr/que-recherchez-vous?structure=ALSH&location=Aix-en-Provence,%20Bouches-du-Rh%C3%B4ne,%20Provence-Alpes-C%C3%B4te%20d%27Azur,%20FRA&x=5.447381703606&y=43.529801070774&radius=30000"
c04168fb-c52f-4efa-81cd-8ed97a7bfa33,39894487,ALSH,,PSC/ MERC ML DAVIN AIX EN PROVENCE - PUYRICARD PAUSE CARTABLE,http://www.cscdavin.org,0442921389,,contact@cscdavin.org, Place des Combattants 13540 AIX EN PROVENCE,AIX EN PROVENCE,0,,,false,,AIX EN PROVENCE LOISIR,"https://monenfant.fr/que-recherchez-vous?structure=ALSH&location=Aix-en-Provence,%20Bouches-du-Rh%C3%B4ne,%20Provence-Alpes-C%C3%B4te%20d%27Azur,%20FRA&x=5.447381703606&y=43.529801070774&radius=30000"
76321c37-9f80-497d-b299-b41c37c2d457,41131158,ALSH,,ADO AJ AIX NORD - CENTRE SOCIO CULTUREL,https://csc-aix-nord.fr,0442961081,,csc-aix-nord-jeunesse@orange.fr,20 Rue Albert Lebrun 13090 AIX EN PROVENCE,AIX EN PROVENCE,1134,,,false,,AIX EN PROVENCE LOISIR,"https://monenfant.fr/que-recherchez-vous?structure=ALSH&location=Aix-en-Provence,%20Bouches-du-Rh%C3%B4ne,%20Provence-Alpes-C%C3%B4te%20d%27Azur,%20FRA&x=5.447381703606&y=43.529801070774&radius=30000"
12571340-465e-4bfb-8b8a-dab0c73e4e54,41131241,ALSH,,ESC AIX NORD - ACM AIX NORD,https://csc-aix-nord.fr,0442961081,,csc-aix-nord@orange.fr,20 Rue Albert Lebrun 13090 AIX EN PROVENCE,AIX EN PROVENCE,1134,,,false,,AIX EN PROVENCE LOISIR,"https://monenfant.fr/que-recherchez-vous?structure=ALSH&location=Aix-en-Provence,%20Bouches-du-Rh%C3%B4ne,%20Provence-Alpes-C%C3%B4te%20d%27Azur,%20FRA&x=5.447381703606&y=43.529801070774&radius=30000"
93e01911-7073-46af-92d7-fa7db425cc68,41131284,ALSH,,MERC AIX NORD - ACM AIX NORD,https://csc-aix-nord.fr,0442961081,,csc-aix-nord@orange.fr,20 Rue Albert Lebrun 13090 AIX EN PROVENCE,AIX EN PROVENCE,1134,,,false,,AIX EN PROVENCE LOISIR,"https://monenfant.fr/que-recherchez-vous?structure=ALSH&location=Aix-en-Provence,%20Bouches-du-Rh%C3%B4ne,%20Provence-Alpes-C%C3%B4te%20d%27Azur,%20FRA&x=5.447381703606&y=43.529801070774&radius=30000"
72bc3bb3-830e-467b-8707-55d63c8b5f5b,41131807,ALSH,,ESC AIX NORD - ACM LES LAUVES,https://csc-aix-nord.fr,0442961081,,csc-aix-nord@orange.fr,46 Avenue PAUL CEZANNE 13090 AIX EN PROVENCE,AIX EN PROVENCE,1317,,,false,,AIX EN PROVENCE LOISIR,"https://monenfant.fr/que-recherchez-vous?structure=ALSH&location=Aix-en-Provence,%20Bouches-du-Rh%C3%B4ne,%20Provence-Alpes-C%C3%B4te%20d%27Azur,%20FRA&x=5.447381703606&y=43.529801070774&radius=30000"
94ecfcb4-4901-4182-9f3d-baad5ce0d1c4,41131646,ALSH,,MERC AIX NORD - ACM LES LAUVES,https://csc-aix-nord.fr,0442961081,,csc-aix-nord@orange.fr,46 Avenue PAUL CEZANNE 13090 AIX EN PROVENCE,AIX EN PROVENCE,1317,,,false,,AIX EN PROVENCE LOISIR,"https://monenfant.fr/que-recherchez-vous?structure=ALSH&location=Aix-en-Provence,%20Bouches-du-Rh%C3%B4ne,%20Provence-Alpes-C%C3%B4te%20d%27Azur,%20FRA&x=5.447381703606&y=43.529801070774&radius=30000"
a6f8784e-06de-4727-8b54-17e04b1c580a,22083403,ALSH,,13-ESC-LEC GS-AIX EN PROVENCE  -  'LA PETITE TROUPE',,0613639448,,petite.troupe@loisireduc.org, Avenue PIERRE BROSSOLETTE 13090 AIX EN PROVENCE,AIX EN PROVENCE,1328,,,false,,AIX EN PROVENCE LOISIR,"https://monenfant.fr/que-recherchez-vous?structure=ALSH&location=Aix-en-Provence,%20Bouches-du-Rh%C3%B4ne,%20Provence-Alpes-C%C3%B4te%20d%27Azur,%20FRA&x=5.447381703606&y=43.529801070774&radius=30000"
4f1fe0a5-5cbf-43b8-a3bb-e4e6021e4d33,39645750,ALSH,,13-MERC-LEC GS-AIX EN PROVENCE  -  'LA PETITE TROUPE',,0613639448,,petite.troupe@loisireduc.org, Avenue PIERRE BROSSOLETTE 13090 AIX EN PROVENCE,AIX EN PROVENCE,1328,,,false,,AIX EN PROVENCE LOISIR,"https://monenfant.fr/que-recherchez-vous?structure=ALSH&location=Aix-en-Provence,%20Bouches-du-Rh%C3%B4ne,%20Provence-Alpes-C%C3%B4te%20d%27Azur,%20FRA&x=5.447381703606&y=43.529801070774&radius=30000"
fc49669f-b5e2-40c0-9cc2-1dd7adceb566,21328138,ALSH,,ESC ALBERT CAMUS AIX EN PROVENCE,http://www.centrealbertcamus.fr,0442644441,,centrealbertcamus@hotmail.fr,1 Rue des Vignes 13090 AIX EN PROVENCE,AIX EN PROVENCE,1455,,,false,,AIX EN PROVENCE LOISIR,"https://monenfant.fr/que-recherchez-vous?structure=ALSH&location=Aix-en-Provence,%20Bouches-du-Rh%C3%B4ne,%20Provence-Alpes-C%C3%B4te%20d%27Azur,%20FRA&x=5.447381703606&y=43.529801070774&radius=30000"
79bea2be-c293-4f26-bfbb-c4aa58b57330,40305212,ALSH,,PSC MERC  ALBERT CAMUS AIX EN PROVENCE,http://www.centrealbertcamus.fr,0442644441,,centrealbertcamus@hotmail.fr,1 Rue des Vignes 13090 AIX EN PROVENCE,AIX EN PROVENCE,1455,,,false,,AIX EN PROVENCE LOISIR,"https://monenfant.fr/que-recherchez-vous?structure=ALSH&location=Aix-en-Provence,%20Bouches-du-Rh%C3%B4ne,%20Provence-Alpes-C%C3%B4te%20d%27Azur,%20FRA&x=5.447381703606&y=43.529801070774&radius=30000"
83009193-83d2-47fe-b5e1-a30ebfb3523d,40305168,ALSH,,ADO  LA PROVENCE AIX EN PROVENCE  - CSC LA PROVENCE',http://www.csc-laprovence.com,0442591973,,csclaprovence@orange.fr, Boulevard Maréchal Juin 13090 AIX EN PROVENCE,AIX EN PROVENCE,1505,,,false,,AIX EN PROVENCE LOISIR,"https://monenfant.fr/que-recherchez-vous?structure=ALSH&location=Aix-en-Provence,%20Bouches-du-Rh%C3%B4ne,%20Provence-Alpes-C%C3%B4te%20d%27Azur,%20FRA&x=5.447381703606&y=43.529801070774&radius=30000"
1ec7a393-86bb-4663-bcfa-03c908719c28,22057439,ALSH,,ESC LA PROVENCE AIX EN PROVENCE  - CSC LA PROVENCE',http://www.csc-laprovence.com,0442591973,,csclaprovence@orange.fr, Boulevard Maréchal Juin 13090 AIX EN PROVENCE,AIX EN PROVENCE,1505,,,false,,AIX EN PROVENCE LOISIR,"https://monenfant.fr/que-recherchez-vous?structure=ALSH&location=Aix-en-Provence,%20Bouches-du-Rh%C3%B4ne,%20Provence-Alpes-C%C3%B4te%20d%27Azur,%20FRA&x=5.447381703606&y=43.529801070774&radius=30000"
49570115-e8b3-47ce-8538-fd374ce43961,40305125,ALSH,,PSC LA PROVENCE AIX EN PROVENCE  - CSC LA PROVENCE',http://www.csc-laprovence.com,0442591973,,csclaprovence@orange.fr, Boulevard Maréchal Juin 13090 AIX EN PROVENCE,AIX EN PROVENCE,1505,,,false,,AIX EN PROVENCE LOISIR,"https://monenfant.fr/que-recherchez-vous?structure=ALSH&location=Aix-en-Provence,%20Bouches-du-Rh%C3%B4ne,%20Provence-Alpes-C%C3%B4te%20d%27Azur,%20FRA&x=5.447381703606&y=43.529801070774&radius=30000"
cab55925-6ea3-4050-bbe4-ac3c7455a530,40956501,ALSH,,ESC LA PROVENCE AIX EN PROVENCE  - ECOLE PAUL ARENE,http://www.csc-laprovence.com,0442591973,,csclaprovence.accueil@gmail.fr,15 Rue LEON BLUM 13090 AIX EN PROVENCE,AIX EN PROVENCE,1607,,,false,,AIX EN PROVENCE LOISIR,"https://monenfant.fr/que-recherchez-vous?structure=ALSH&location=Aix-en-Provence,%20Bouches-du-Rh%C3%B4ne,%20Provence-Alpes-C%C3%B4te%20d%27Azur,%20FRA&x=5.447381703606&y=43.529801070774&radius=30000"
691b9e7f-591d-415f-b838-081f96a43094,40956596,ALSH,,PSC LA PROVENCE AIX EN PROVENCE  - ECOLE PAUL ARENE,http://www.csc-laprovence.com,0442591973,,csclaprovence.accueil@gmail.fr,15 Rue LEON BLUM 13090 AIX EN PROVENCE,AIX EN PROVENCE,1607,,,false,,AIX EN PROVENCE LOISIR,"https://monenfant.fr/que-recherchez-vous?structure=ALSH&location=Aix-en-Provence,%20Bouches-du-Rh%C3%B4ne,%20Provence-Alpes-C%C3%B4te%20d%27Azur,%20FRA&x=5.447381703606&y=43.529801070774&radius=30000"
85049b21-b7cb-43b5-80d7-dc64c26f35aa,21327656,ALSH,,ESC JP COSTE AIX EN PROVENCE - PAGNOL,https://www.cscjeanpaulcoste.com,0442273296,,acm@cscjeanpaulcoste.com, Avenue de l'Armée D'Afrique 13100 AIX EN PROVENCE,AIX EN PROVENCE,1726,,,false,,AIX EN PROVENCE LOISIR,"https://monenfant.fr/que-recherchez-vous?structure=ALSH&location=Aix-en-Provence,%20Bouches-du-Rh%C3%B4ne,%20Provence-Alpes-C%C3%B4te%20d%27Azur,%20FRA&x=5.447381703606&y=43.529801070774&radius=30000"
133ca846-a2b7-482c-8b6a-78b70cfe66bf,39644684,ALSH,,MERC  JP COSTE AIX EN PROVENCE - PAGNOL,https://www.cscjeanpaulcoste.com,0442273296,,acm@cscjeanpaulcoste.com, Avenue de l'Armée D'Afrique 13100 AIX EN PROVENCE,AIX EN PROVENCE,1726,,,false,,AIX EN PROVENCE LOISIR,"https://monenfant.fr/que-recherchez-vous?structure=ALSH&location=Aix-en-Provence,%20Bouches-du-Rh%C3%B4ne,%20Provence-Alpes-C%C3%B4te%20d%27Azur,%20FRA&x=5.447381703606&y=43.529801070774&radius=30000"
64541484-733b-4b00-b0b0-10f917f6a019,40305444,ALSH,,AJ LOU CASTEU AIX EN PROVENCE -AJ 14/17 ANS,,0442291870,,contact.cdhaix@gmail.com,50 Place du château de l'horloge 13090 AIX EN PROVENCE,AIX EN PROVENCE,2229,,,false,,AIX EN PROVENCE LOISIR,"https://monenfant.fr/que-recherchez-vous?structure=ALSH&location=Aix-en-Provence,%20Bouches-du-Rh%C3%B4ne,%20Provence-Alpes-C%C3%B4te%20d%27Azur,%20FRA&x=5.447381703606&y=43.529801070774&radius=30000"
ae752188-a4cb-40f1-a0fe-c75e071e35a0,35267016,ALSH,,ESC LOU CASTEU AIX EN PROVENCE- CSC CHÂTEAU DE L'HORLOGE/ ACM HENRI WALLON,,0442291870,,contact.cdhaix@gmail.com,50 Place du château de l'horloge 13090 AIX EN PROVENCE,AIX EN PROVENCE,2229,,,false,,AIX EN PROVENCE LOISIR,"https://monenfant.fr/que-recherchez-vous?structure=ALSH&location=Aix-en-Provence,%20Bouches-du-Rh%C3%B4ne,%20Provence-Alpes-C%C3%B4te%20d%27Azur,%20FRA&x=5.447381703606&y=43.529801070774&radius=30000"
6a34f70b-b55f-4003-a17a-e04d970a74f8,40305681,ALSH,,MERC LOU CASTEU AIX EN PROVENCE- CSC CHÂTEAU DE L'HORLOGE/ ACM HENRI WALLON,,0442291870,,contact.cdhaix@gmail.com,50 Place du château de l'horloge 13090 AIX EN PROVENCE,AIX EN PROVENCE,2229,,,false,,AIX EN PROVENCE LOISIR,"https://monenfant.fr/que-recherchez-vous?structure=ALSH&location=Aix-en-Provence,%20Bouches-du-Rh%C3%B4ne,%20Provence-Alpes-C%C3%B4te%20d%27Azur,%20FRA&x=5.447381703606&y=43.529801070774&radius=30000"
4ae8a335-dcd8-4932-825e-af4ee5e968c6,40305934,ALSH,,ADO ATMF LE POLLUX AIX EN PROVENCE - 1217 ANS LE POLLUX,http://atmfaix.fr,0952700982,,atmf13@hotmail.fr,1 Rue Château de l'horloge 13090 AIX EN PROVENCE,AIX EN PROVENCE,2387,,,false,,AIX EN PROVENCE LOISIR,"https://monenfant.fr/que-recherchez-vous?structure=ALSH&location=Aix-en-Provence,%20Bouches-du-Rh%C3%B4ne,%20Provence-Alpes-C%C3%B4te%20d%27Azur,%20FRA&x=5.447381703606&y=43.529801070774&radius=30000"
1827b601-340e-4274-8b6f-d147b3e9b588,11033238,ALSH,,ESC ATMF LE POLLUX AIX EN PROVENCE,http://atmfaix.fr,0952700982,,atmf13@hotmail.fr,1 Rue Château de l'horloge 13090 AIX EN PROVENCE,AIX EN PROVENCE,2387,,,false,,AIX EN PROVENCE LOISIR,"https://monenfant.fr/que-recherchez-vous?structure=ALSH&location=Aix-en-Provence,%20Bouches-du-Rh%C3%B4ne,%20Provence-Alpes-C%C3%B4te%20d%27Azur,%20FRA&x=5.447381703606&y=43.529801070774&radius=30000"
2f0a2a13-7d0b-46da-bed9-69b39769bf69,39819380,ALSH,,PSC  MERC ATMF LE POLLUX AIX EN PROVENCE,http://atmfaix.fr,0952700982,,atmf13@hotmail.fr,1 Rue Château de l'horloge 13090 AIX EN PROVENCE,AIX EN PROVENCE,2387,,,false,,AIX EN PROVENCE LOISIR,"https://monenfant.fr/que-recherchez-vous?structure=ALSH&location=Aix-en-Provence,%20Bouches-du-Rh%C3%B4ne,%20Provence-Alpes-C%C3%B4te%20d%27Azur,%20FRA&x=5.447381703606&y=43.529801070774&radius=30000"
3a00ae83-a12d-46fc-b7ef-1bafd231e552,21328011,ALSH,,ESC JP COSTE LES FLORALIES AIX EN PROVENCE,https://www.cscjeanpaulcoste.com,0442273296,,acmfloralies@cscjeanpaulcoste.com,65 & 75 Avenue Club Hippique 13090 AIX EN PROVENCE,AIX EN PROVENCE,2414,,,false,,AIX EN PROVENCE LOISIR,"https://monenfant.fr/que-recherchez-vous?structure=ALSH&location=Aix-en-Provence,%20Bouches-du-Rh%C3%B4ne,%20Provence-Alpes-C%C3%B4te%20d%27Azur,%20FRA&x=5.447381703606&y=43.529801070774&radius=30000"
a7c42ff9-3a58-49a4-b45a-d15c719dba71,39645033,ALSH,,MERC  JP COSTE AIX EN PROVENCE - LES FLORALIES,https://www.cscjeanpaulcoste.com,0442273296,,acmfloralies@cscjeanpaulcoste.com,65 & 75 Avenue Club Hippique 13090 AIX EN PROVENCE,AIX EN PROVENCE,2414,,,false,,AIX EN PROVENCE LOISIR,"https://monenfant.fr/que-recherchez-vous?structure=ALSH&location=Aix-en-Provence,%20Bouches-du-Rh%C3%B4ne,%20Provence-Alpes-C%C3%B4te%20d%27Azur,%20FRA&x=5.447381703606&y=43.529801070774&radius=30000"
b64ccb82-053f-42bb-be5f-44069e3aed52,22068844,ALSH,,AJ GRANDE BASTIDE AIX EN PROVENCE,http://www.csc-grande-bastide.com,0442263446,,csgrandebastide@wanadoo.fr, Avenue du Square 13100 AIX EN PROVENCE,AIX EN PROVENCE,2466,,,false,,AIX EN PROVENCE LOISIR,"https://monenfant.fr/que-recherchez-vous?structure=ALSH&location=Aix-en-Provence,%20Bouches-du-Rh%C3%B4ne,%20Provence-Alpes-C%C3%B4te%20d%27Azur,%20FRA&x=5.447381703606&y=43.529801070774&radius=30000"
5dfa19e7-191e-481b-8578-942a5fcf817e,39995994,ALSH,,ESC LA  GRANDE BASTIDE AIX EN PROVENCE -VAL ST ANDRE,http://www.csc-grande-bastide.com,0442263446,,csgrandebastide@wanadoo.fr, Avenue du Square 13100 AIX EN PROVENCE,AIX EN PROVENCE,2466,,,false,,AIX EN PROVENCE LOISIR,"https://monenfant.fr/que-recherchez-vous?structure=ALSH&location=Aix-en-Provence,%20Bouches-du-Rh%C3%B4ne,%20Provence-Alpes-C%C3%B4te%20d%27Azur,%20FRA&x=5.447381703606&y=43.529801070774&radius=30000"
6e569353-45e1-45ca-a815-70e9c2117ca9,39996087,ALSH,,PSC MERC LA  GRANDE BASTIDE AIX EN PROVENCE,http://www.csc-grande-bastide.com,0442263446,,csgrandebastide@wanadoo.fr, Avenue du Square 13100 AIX EN PROVENCE,AIX EN PROVENCE,2466,,,false,,AIX EN PROVENCE LOISIR,"https://monenfant.fr/que-recherchez-vous?structure=ALSH&location=Aix-en-Provence,%20Bouches-du-Rh%C3%B4ne,%20Provence-Alpes-C%C3%B4te%20d%27Azur,%20FRA&x=5.447381703606&y=43.529801070774&radius=30000"
825c51d2-9cd3-4484-8191-53b0280dabb5,21324881,ALSH,,ESC LES AMANDIERS AIX EN PROVENCE - ACM ECOLE DES 2 ORMES,https://www.cse-les-amandiers.fr,0442208320,,nsalem@csc-les-amandiers.fr, Avenue jules payot 13090 AIX EN PROVENCE,AIX EN PROVENCE,2636,,,false,,AIX EN PROVENCE LOISIR,"https://monenfant.fr/que-recherchez-vous?structure=ALSH&location=Aix-en-Provence,%20Bouches-du-Rh%C3%B4ne,%20Provence-Alpes-C%C3%B4te%20d%27Azur,%20FRA&x=5.447381703606&y=43.529801070774&radius=30000"
ad6268cd-5455-4f43-abb8-73c40e72ba93,39993765,ALSH,,PSC MERC  LES AMANDIERS AIX  - ACM ECOLE DES 2 ORMES/LES AMANDIERS (MERC),https://www.cse-les-amandiers.fr,0442208320,,nsalem@csc-les-amandiers.fr, Avenue jules payot 13090 AIX EN PROVENCE,AIX EN PROVENCE,2636,,,false,,AIX EN PROVENCE LOISIR,"https://monenfant.fr/que-recherchez-vous?structure=ALSH&location=Aix-en-Provence,%20Bouches-du-Rh%C3%B4ne,%20Provence-Alpes-C%C3%B4te%20d%27Azur,%20FRA&x=5.447381703606&y=43.529801070774&radius=30000"
432021b8-7a26-41bd-a15e-def506993956,39993716,ALSH,,AJ LES AMANDIERS AIX  - CENTRE SOCIAL LES AMANDIERS,https://www.cse-les-amandiers.fr,0442208320,,nsalem@csc-les-amandiers.fr,8 Allée des amandiers 13090 AIX EN PROVENCE,AIX EN PROVENCE,2826,,,false,,AIX EN PROVENCE LOISIR,"https://monenfant.fr/que-recherchez-vous?structure=ALSH&location=Aix-en-Provence,%20Bouches-du-Rh%C3%B4ne,%20Provence-Alpes-C%C3%B4te%20d%27Azur,%20FRA&x=5.447381703606&y=43.529801070774&radius=30000"
17473e27-905c-441a-a042-8acf2ec82171,39826961,ALSH,,ADO  AGAPE LE THOLONET -ALSH CLUB JEUNE,,0442668452,,,1718 Route RD64C - Quartier St Jacques 13100 LE THOLONET,LE THOLONET,5332,,,false,,AIX EN PROVENCE LOISIR,"https://monenfant.fr/que-recherchez-vous?structure=ALSH&location=Aix-en-Provence,%20Bouches-du-Rh%C3%B4ne,%20Provence-Alpes-C%C3%B4te%20d%27Azur,%20FRA&x=5.447381703606&y=43.529801070774&radius=30000"
5ffaae28-8631-428c-b895-940c5ac248e2,21438063,ALSH,,ESC L ARC EN CIEL LE THOLONET,,0442668452,,,1718 Route RD64C - Quartier St Jacques 13100 LE THOLONET,LE THOLONET,5332,,,false,,AIX EN PROVENCE LOISIR,"https://monenfant.fr/que-recherchez-vous?structure=ALSH&location=Aix-en-Provence,%20Bouches-du-Rh%C3%B4ne,%20Provence-Alpes-C%C3%B4te%20d%27Azur,%20FRA&x=5.447381703606&y=43.529801070774&radius=30000"
ac434225-af5a-4481-930d-61e23f841462,39826918,ALSH,,PSC MERC  L ARC EN CIEL AGAPE LE THOLONET - ALSH,,0442668452,,,1718 Route RD64C - Quartier St Jacques 13100 LE THOLONET,LE THOLONET,5332,,,false,,AIX EN PROVENCE LOISIR,"https://monenfant.fr/que-recherchez-vous?structure=ALSH&location=Aix-en-Provence,%20Bouches-du-Rh%C3%B4ne,%20Provence-Alpes-C%C3%B4te%20d%27Azur,%20FRA&x=5.447381703606&y=43.529801070774&radius=30000"
b1d779f0-d9f4-4023-bf1e-b4b9953d654f,39995184,ALSH,,ADO ARCHIPEL AIX EN PROVENCE,https://www.asso-archipel.com/les-milles/,0965219513,,lesmilles@asso-archipel.com, Avenue Frederic Mistral 13290 AIX EN PROVENCE,AIX EN PROVENCE,5345,,,false,,AIX EN PROVENCE LOISIR,"https://monenfant.fr/que-recherchez-vous?structure=ALSH&location=Aix-en-Provence,%20Bouches-du-Rh%C3%B4ne,%20Provence-Alpes-C%C3%B4te%20d%27Azur,%20FRA&x=5.447381703606&y=43.529801070774&radius=30000"
23450045-a258-4d59-9003-fe1fd9d45608,11000988,ALSH,,ESC ARCHIPEL AIX EN PROVENCE - ECOLE ARCHIPEL,https://www.asso-archipel.com/les-milles/,0965219513,,lesmilles@asso-archipel.com, Avenue Frederic Mistral 13290 AIX EN PROVENCE,AIX EN PROVENCE,5345,,,false,,AIX EN PROVENCE LOISIR,"https://monenfant.fr/que-recherchez-vous?structure=ALSH&location=Aix-en-Provence,%20Bouches-du-Rh%C3%B4ne,%20Provence-Alpes-C%C3%B4te%20d%27Azur,%20FRA&x=5.447381703606&y=43.529801070774&radius=30000"
b5a9f6c5-8095-4b5b-b9fb-d55853058c25,39994098,ALSH,,PSC ARCHIPEL AIX EN PROVENCE - ECOLE COLLINE DE SERRE ET MARIE MAURON,https://www.asso-archipel.com/les-milles/,0965219513,,lesmilles@asso-archipel.com, Avenue Frederic Mistral 13290 AIX EN PROVENCE,AIX EN PROVENCE,5345,,,false,,AIX EN PROVENCE LOISIR,"https://monenfant.fr/que-recherchez-vous?structure=ALSH&location=Aix-en-Provence,%20Bouches-du-Rh%C3%B4ne,%20Provence-Alpes-C%C3%B4te%20d%27Azur,%20FRA&x=5.447381703606&y=43.529801070774&radius=30000"
5eb83ce2-bd74-4e33-bc10-5a536bc903a2,11132447,ALSH,,ESC PLANET JEUNES AIX EN PROVENCE - ESC 3-12 ANS,,0442241528,,jlsl.planetjeunes@gmail.com,60 Route NATIONALE 8 13080 AIX EN PROVENCE,AIX EN PROVENCE,5474,,,false,,AIX EN PROVENCE LOISIR,"https://monenfant.fr/que-recherchez-vous?structure=ALSH&location=Aix-en-Provence,%20Bouches-du-Rh%C3%B4ne,%20Provence-Alpes-C%C3%B4te%20d%27Azur,%20FRA&x=5.447381703606&y=43.529801070774&radius=30000"
c93e7e96-1a73-4102-99cc-cd37cd87f525,39796711,ALSH,,MERC PLANET JEUNES AIX EN PROVENCE - ESC 3-12 ANS,,0442241528,,jlsl.planetjeunes@gmail.com,60 Route NATIONALE 8 13080 AIX EN PROVENCE,AIX EN PROVENCE,5474,,,false,,AIX EN PROVENCE LOISIR,"https://monenfant.fr/que-recherchez-vous?structure=ALSH&location=Aix-en-Provence,%20Bouches-du-Rh%C3%B4ne,%20Provence-Alpes-C%C3%B4te%20d%27Azur,%20FRA&x=5.447381703606&y=43.529801070774&radius=30000"
aba579a4-6b2b-4411-b525-40c6b81a0bdf,22057672,ALSH,,ADO ARCHIPEL AIX EN PROVENCE -SALLE  JULIEN COL,https://www.asso-archipel.com/luynes/,0966947809,,, Allée Serge Attard 13080 AIX EN PROVENCE,AIX EN PROVENCE,5702,,,false,,AIX EN PROVENCE LOISIR,"https://monenfant.fr/que-recherchez-vous?structure=ALSH&location=Aix-en-Provence,%20Bouches-du-Rh%C3%B4ne,%20Provence-Alpes-C%C3%B4te%20d%27Azur,%20FRA&x=5.447381703606&y=43.529801070774&radius=30000"
9a6bd884-c174-44f1-a660-b687417b9ba3,39796663,ALSH,,ESC PLANET JEUNES AIX EN PROVENCE ECOLE ELÉM EDOUARD PEISSON,,0442241528,,jlsl.planetjeunes@gmail.com,60 Allée SERGE ATTARD 13080 AIX EN PROVENCE,AIX EN PROVENCE,5782,,,false,,AIX EN PROVENCE LOISIR,"https://monenfant.fr/que-recherchez-vous?structure=ALSH&location=Aix-en-Provence,%20Bouches-du-Rh%C3%B4ne,%20Provence-Alpes-C%C3%B4te%20d%27Azur,%20FRA&x=5.447381703606&y=43.529801070774&radius=30000"
7717f5f7-3fe1-4aa8-966c-bffb4224acf9,39796754,ALSH,,MERC PLANET JEUNES AIX EN PROVENCE -  ECOLE ELÉM EDOUARD PEISSON,,0442241528,,jlsl.planetjeunes@gmail.com,60 Allée SERGE ATTARD 13080 AIX EN PROVENCE,AIX EN PROVENCE,5782,,,false,,AIX EN PROVENCE LOISIR,"https://monenfant.fr/que-recherchez-vous?structure=ALSH&location=Aix-en-Provence,%20Bouches-du-Rh%C3%B4ne,%20Provence-Alpes-C%C3%B4te%20d%27Azur,%20FRA&x=5.447381703606&y=43.529801070774&radius=30000"
cf94e488-568f-48df-b9df-e4aa11c33261,27904456,ALSH,,AJ COMMUNE VENELLES,http://www.venelles.fr,0442540909,,d.orlo@venelles.fr, Chemin du Vieux Canal 13770 VENELLES,VENELLES,7149,,,false,,AIX EN PROVENCE LOISIR,"https://monenfant.fr/que-recherchez-vous?structure=ALSH&location=Aix-en-Provence,%20Bouches-du-Rh%C3%B4ne,%20Provence-Alpes-C%C3%B4te%20d%27Azur,%20FRA&x=5.447381703606&y=43.529801070774&radius=30000"
07a6dd34-40cd-41a7-bad1-1ab2e261c4d7,39783622,ALSH,,13-ESC-IFAC-MEYREUIL - VIRGILE ARENE,,0677382738,,isabelle.lemaitre@ifac.asso.fr, Avenue jean pierre gourmes 13590 MEYREUIL,MEYREUIL,7245,,,false,,AIX EN PROVENCE LOISIR,"https://monenfant.fr/que-recherchez-vous?structure=ALSH&location=Aix-en-Provence,%20Bouches-du-Rh%C3%B4ne,%20Provence-Alpes-C%C3%B4te%20d%27Azur,%20FRA&x=5.447381703606&y=43.529801070774&radius=30000"
8fcd72ab-50b7-4971-beea-0c29c38302a9,11000644,ALSH,,13-PSC MERC-IFAC-MEYREUIL - VIRGILE ARENE,,0677382738,,isabelle.lemaitre@ifac.asso.fr, Avenue jean pierre gourmes 13590 MEYREUIL,MEYREUIL,7245,,,false,,AIX EN PROVENCE LOISIR,"https://monenfant.fr/que-recherchez-vous?structure=ALSH&location=Aix-en-Provence,%20Bouches-du-Rh%C3%B4ne,%20Provence-Alpes-C%C3%B4te%20d%27Azur,%20FRA&x=5.447381703606&y=43.529801070774&radius=30000"
03dec557-b115-4e3c-a6dd-7641969a0479,10776184,ALSH,,ESC ML DAVIN AIX EN PROVENCE - ACM COUTERON,,0442921039,,couteron@pep13.org,80 Rue YVETTE BONNARD 13100 AIX EN PROVENCE,AIX EN PROVENCE,7759,,,false,,AIX EN PROVENCE LOISIR,"https://monenfant.fr/que-recherchez-vous?structure=ALSH&location=Aix-en-Provence,%20Bouches-du-Rh%C3%B4ne,%20Provence-Alpes-C%C3%B4te%20d%27Azur,%20FRA&x=5.447381703606&y=43.529801070774&radius=30000"
2cd0d7a0-e386-4501-b1fe-273cca1db84c,40306133,ALSH,,PSC ML DAVIN AIX EN PROVENCE - ACM COUTERON,,0442921039,,couteron@pep13.org,80 Rue YVETTE BONNARD 13100 AIX EN PROVENCE,AIX EN PROVENCE,7759,,,false,,AIX EN PROVENCE LOISIR,"https://monenfant.fr/que-recherchez-vous?structure=ALSH&location=Aix-en-Provence,%20Bouches-du-Rh%C3%B4ne,%20Provence-Alpes-C%C3%B4te%20d%27Azur,%20FRA&x=5.447381703606&y=43.529801070774&radius=30000"
2f6f730a-25e0-4acc-9ae4-ea80626a9a2b,39625857,ALSH,,ESC COMMUNE VENELLES  - L'OUSTAOU,http://venelles.fr,0442271330,,service.jeunesse@venelles.fr, Chemin du Plan 13770 VENELLES,VENELLES,8057,,,false,,AIX EN PROVENCE LOISIR,"https://monenfant.fr/que-recherchez-vous?structure=ALSH&location=Aix-en-Provence,%20Bouches-du-Rh%C3%B4ne,%20Provence-Alpes-C%C3%B4te%20d%27Azur,%20FRA&x=5.447381703606&y=43.529801070774&radius=30000"
4e5b9a0b-0a5a-42ec-8284-53592d6b9ebb,10797254,ALSH,,MERC COMMUNE VENELLES  - L'OUSTAOU,http://venelles.fr,0442271330,,service.jeunesse@venelles.fr, Chemin du Plan 13770 VENELLES,VENELLES,8057,,,false,,AIX EN PROVENCE LOISIR,"https://monenfant.fr/que-recherchez-vous?structure=ALSH&location=Aix-en-Provence,%20Bouches-du-Rh%C3%B4ne,%20Provence-Alpes-C%C3%B4te%20d%27Azur,%20FRA&x=5.447381703606&y=43.529801070774&radius=30000"
26a59fc3-9839-4bff-8792-cb17010e06f4,21619831,ALSH,,PSC MERC COMMUNE EGUILLES - ACM ECOLE LE CROS,http://www.mairie-eguilles.fr/,0442923532,,centra@mairie-eguilles.fr, Rue des Jardins Fleuris 13510 EGUILLES,EGUILLES,8536,,,false,,AIX EN PROVENCE LOISIR,"https://monenfant.fr/que-recherchez-vous?structure=ALSH&location=Aix-en-Provence,%20Bouches-du-Rh%C3%B4ne,%20Provence-Alpes-C%C3%B4te%20d%27Azur,%20FRA&x=5.447381703606&y=43.529801070774&radius=30000"
a0202b91-b9f6-46c1-9a49-94aaeb5de2ca,41185959,ALSH,,13-ESC-EEDF-13540 - ESC VACANCES EDF,,0661261935,,reneclaude3@wanadoo.fr,470 Chemin DE CHAVE 13540 AIX EN PROVENCE,AIX EN PROVENCE,8559,,,false,,AIX EN PROVENCE LOISIR,"https://monenfant.fr/que-recherchez-vous?structure=ALSH&location=Aix-en-Provence,%20Bouches-du-Rh%C3%B4ne,%20Provence-Alpes-C%C3%B4te%20d%27Azur,%20FRA&x=5.447381703606&y=43.529801070774&radius=30000"
bca338fb-588e-4e3e-af8c-8161fd91b04f,21474209,ALSH,,ADOS COMMUNE DE GARDANNE,,0442657730,,sandy-prelat@ville-gardanne.fr,19 Rue Borely 13120 GARDANNE,GARDANNE,8572,,,false,,AIX EN PROVENCE LOISIR,"https://monenfant.fr/que-recherchez-vous?structure=ALSH&location=Aix-en-Provence,%20Bouches-du-Rh%C3%B4ne,%20Provence-Alpes-C%C3%B4te%20d%27Azur,%20FRA&x=5.447381703606&y=43.529801070774&radius=30000"
419101ae-6b73-4de7-a516-ff01775388bb,40779395,ALSH,,ESC  COMMUNE EGUILLES -  ACM ST MARTIN,,0442923532,,, Route DE PELISSANNE 13510 EGUILLES,EGUILLES,8670,,,false,,AIX EN PROVENCE LOISIR,"https://monenfant.fr/que-recherchez-vous?structure=ALSH&location=Aix-en-Provence,%20Bouches-du-Rh%C3%B4ne,%20Provence-Alpes-C%C3%B4te%20d%27Azur,%20FRA&x=5.447381703606&y=43.529801070774&radius=30000"
ae86c16d-4f38-43c6-8cfe-51e6ea414356,40779347,ALSH,,PSC MERC  COMMUNE EGUILLES -  ACM ST MARTIN,,0442923532,,, Route DE PELISSANNE 13510 EGUILLES,EGUILLES,8670,,,false,,AIX EN PROVENCE LOISIR,"https://monenfant.fr/que-recherchez-vous?structure=ALSH&location=Aix-en-Provence,%20Bouches-du-Rh%C3%B4ne,%20Provence-Alpes-C%C3%B4te%20d%27Azur,%20FRA&x=5.447381703606&y=43.529801070774&radius=30000"
21bb4f8b-e1ac-41eb-9a04-801edf296f22,40779085,ALSH,,ESC COMMUNE EGUILLES - SURVILLE,,0442923532,,, Chemin DE SURVILLE 13510 EGUILLES,EGUILLES,8704,,,false,,AIX EN PROVENCE LOISIR,"https://monenfant.fr/que-recherchez-vous?structure=ALSH&location=Aix-en-Provence,%20Bouches-du-Rh%C3%B4ne,%20Provence-Alpes-C%C3%B4te%20d%27Azur,%20FRA&x=5.447381703606&y=43.529801070774&radius=30000"
6c76a165-4d9d-4f9b-8639-76930bbc846b,40779134,ALSH,,PSC MERC  COMMUNE EGUILLES - SURVILLE,,0442923532,,, Chemin DE SURVILLE 13510 EGUILLES,EGUILLES,8704,,,false,,AIX EN PROVENCE LOISIR,"https://monenfant.fr/que-recherchez-vous?structure=ALSH&location=Aix-en-Provence,%20Bouches-du-Rh%C3%B4ne,%20Provence-Alpes-C%C3%B4te%20d%27Azur,%20FRA&x=5.447381703606&y=43.529801070774&radius=30000"
f4e954e1-d55b-4e86-b79e-76d74785e0ad,21476404,ALSH,,ESC COMMUNE GARDANNE  - LE JARDIN DE LA PETITE ENFANCE',http://www.ville-gardanne.fr,0442227391,,ouassila-belarbi@ville-gardanne.fr, Avenue Maurel Agricol 13120 GARDANNE,GARDANNE,8746,,,false,,AIX EN PROVENCE LOISIR,"https://monenfant.fr/que-recherchez-vous?structure=ALSH&location=Aix-en-Provence,%20Bouches-du-Rh%C3%B4ne,%20Provence-Alpes-C%C3%B4te%20d%27Azur,%20FRA&x=5.447381703606&y=43.529801070774&radius=30000"
139f40d3-57e3-46d3-a924-3fb8033f1748,39905114,ALSH,,PSC MERC  COMMUNE GARDANNE  - LE JARDIN DE LA PETITE ENFANCE',http://www.ville-gardanne.fr,0442227391,,ouassila-belarbi@ville-gardanne.fr, Avenue Maurel Agricol 13120 GARDANNE,GARDANNE,8746,,,false,,AIX EN PROVENCE LOISIR,"https://monenfant.fr/que-recherchez-vous?structure=ALSH&location=Aix-en-Provence,%20Bouches-du-Rh%C3%B4ne,%20Provence-Alpes-C%C3%B4te%20d%27Azur,%20FRA&x=5.447381703606&y=43.529801070774&radius=30000"
5ed4c927-e126-4177-b735-b9ee1ddbd492,21473452,ALSH,,ESC COMMUNE GARDANNE - CHÂTEAU PITTY',http://www.ville-gardanne.fr,0442513912,,audrey-cadene@ville-gardanne.fr, Rue des lampes collees 13120 GARDANNE,GARDANNE,8847,,,false,,AIX EN PROVENCE LOISIR,"https://monenfant.fr/que-recherchez-vous?structure=ALSH&location=Aix-en-Provence,%20Bouches-du-Rh%C3%B4ne,%20Provence-Alpes-C%C3%B4te%20d%27Azur,%20FRA&x=5.447381703606&y=43.529801070774&radius=30000"
af760f00-a14e-4411-a889-a469ffa6b9dd,39905066,ALSH,,PSC MERC  COMMUNE GARDANNE - ACM CHÂTEAU PITTY',http://www.ville-gardanne.fr,0442513912,,audrey-cadene@ville-gardanne.fr, Rue des lampes collees 13120 GARDANNE,GARDANNE,8847,,,false,,AIX EN PROVENCE LOISIR,"https://monenfant.fr/que-recherchez-vous?structure=ALSH&location=Aix-en-Provence,%20Bouches-du-Rh%C3%B4ne,%20Provence-Alpes-C%C3%B4te%20d%27Azur,%20FRA&x=5.447381703606&y=43.529801070774&radius=30000"
25e1850e-2761-4885-8008-57ea53c99eb3,28021799,ALSH,,ADO SYNERGIE FAMILY BOUC BEL AIR  - ESPACE VIRGINIE DEDIEU,,0622074326,,contactbba@synergiefamily.com, Chemin de la transhumance 13320 BOUC BEL AIR,BOUC BEL AIR,10476,,,false,,AIX EN PROVENCE LOISIR,"https://monenfant.fr/que-recherchez-vous?structure=ALSH&location=Aix-en-Provence,%20Bouches-du-Rh%C3%B4ne,%20Provence-Alpes-C%C3%B4te%20d%27Azur,%20FRA&x=5.447381703606&y=43.529801070774&radius=30000"
43aa8c02-2140-4d6d-84c9-a754f9151b94,40315894,ALSH,,ESC SYNERGIE FAMILY BOUC BEL AIR  - ESPACE VIRGINIE DEDIEU,,0622074326,,contactbba@synergiefamily.com, Chemin de la transhumance 13320 BOUC BEL AIR,BOUC BEL AIR,10476,,,false,,AIX EN PROVENCE LOISIR,"https://monenfant.fr/que-recherchez-vous?structure=ALSH&location=Aix-en-Provence,%20Bouches-du-Rh%C3%B4ne,%20Provence-Alpes-C%C3%B4te%20d%27Azur,%20FRA&x=5.447381703606&y=43.529801070774&radius=30000"
8b621cf8-4996-41dd-a4ff-262f63c1dced,10973081,ALSH,,13-ESC-IFAC-CHATEAUNEUF LE ROUGE,,0658157704,,alexandre.dozon@ifac.asso.fr, Allée ARSENE SARI 13790 CHATEAUNEUF LE ROUGE,CHATEAUNEUF LE ROUGE,10501,,,false,,AIX EN PROVENCE LOISIR,"https://monenfant.fr/que-recherchez-vous?structure=ALSH&location=Aix-en-Provence,%20Bouches-du-Rh%C3%B4ne,%20Provence-Alpes-C%C3%B4te%20d%27Azur,%20FRA&x=5.447381703606&y=43.529801070774&radius=30000"
9ba31ee2-feb2-4495-ab4a-300e3ecacf28,39701382,ALSH,,13-PSC MERC -IFAC-CHATEAUNEUF LE ROUGE,,0658157704,,alexandre.dozon@ifac.asso.fr, Allée ARSENE SARI 13790 CHATEAUNEUF LE ROUGE,CHATEAUNEUF LE ROUGE,10501,,,false,,AIX EN PROVENCE LOISIR,"https://monenfant.fr/que-recherchez-vous?structure=ALSH&location=Aix-en-Provence,%20Bouches-du-Rh%C3%B4ne,%20Provence-Alpes-C%C3%B4te%20d%27Azur,%20FRA&x=5.447381703606&y=43.529801070774&radius=30000"
7276964a-98e3-4fa4-a032-77738486b275,26017639,ALSH,,PSC MERC  COMMUNE CABRIES - MATERNELLE ET ELÉM TREBILLANE,https://www.cabries.fr/,0442281254,,ccordo.deje@cabries.fr, Square La Ronceraie 13480 CABRIES,CABRIES,10591,,,false,,AIX EN PROVENCE LOISIR,"https://monenfant.fr/que-recherchez-vous?structure=ALSH&location=Aix-en-Provence,%20Bouches-du-Rh%C3%B4ne,%20Provence-Alpes-C%C3%B4te%20d%27Azur,%20FRA&x=5.447381703606&y=43.529801070774&radius=30000"
32f2e8f1-cabf-4a4e-ad25-587322587ef4,22242095,ALSH,,ADO COMMUNE SIMIANE - COMPLEXE CULTUREL ET SPORTIF,http://www.simiane-collongue.fr/centre-aere,0683998340,,enfancesimiane.violaine@yahoo.fr,406B Route de Gardanne 13109 SIMIANE COLLONGUE,SIMIANE COLLONGUE,10792,,,false,,AIX EN PROVENCE LOISIR,"https://monenfant.fr/que-recherchez-vous?structure=ALSH&location=Aix-en-Provence,%20Bouches-du-Rh%C3%B4ne,%20Provence-Alpes-C%C3%B4te%20d%27Azur,%20FRA&x=5.447381703606&y=43.529801070774&radius=30000"
1712adc5-f7e6-497e-824a-706fb7878ae8,40009827,ALSH,,ESC COMMUNE SIMIANE -CTRE MARRESELEM  M.ROUSSEL /MATER E.LABEILLE,http://www.simiane-collongue.fr/centre-aere,0683998340,,enfancesimiane.violaine@yahoo.fr,406B Route de Gardanne 13109 SIMIANE COLLONGUE,SIMIANE COLLONGUE,10792,,,false,,AIX EN PROVENCE LOISIR,"https://monenfant.fr/que-recherchez-vous?structure=ALSH&location=Aix-en-Provence,%20Bouches-du-Rh%C3%B4ne,%20Provence-Alpes-C%C3%B4te%20d%27Azur,%20FRA&x=5.447381703606&y=43.529801070774&radius=30000"
dd2f85ee-4d07-49c4-8fe5-6b2434454939,40009778,ALSH,,MERCREDI  COMMUNE SIMIANE - ELEM  MARIUS ROUSSEL/MATER EDOUARD LABEILLE,http://www.simiane-collongue.fr/centre-aere,0683998340,,enfancesimiane.violaine@yahoo.fr,406B Route de Gardanne 13109 SIMIANE COLLONGUE,SIMIANE COLLONGUE,10792,,,false,,AIX EN PROVENCE LOISIR,"https://monenfant.fr/que-recherchez-vous?structure=ALSH&location=Aix-en-Provence,%20Bouches-du-Rh%C3%B4ne,%20Provence-Alpes-C%C3%B4te%20d%27Azur,%20FRA&x=5.447381703606&y=43.529801070774&radius=30000"
a1a27e26-8c46-47d3-baae-8cf91905d113,26018202,ALSH,,PSC MERC COMMUNE CABRIES- MATERNELLE + ELEM 'PETIT LAC',https://www.cabries.fr/,0442281254,,ccordo.deje@cabries.fr, Place des marronniers 13480 CABRIES,CABRIES,10912,,,false,,AIX EN PROVENCE LOISIR,"https://monenfant.fr/que-recherchez-vous?structure=ALSH&location=Aix-en-Provence,%20Bouches-du-Rh%C3%B4ne,%20Provence-Alpes-C%C3%B4te%20d%27Azur,%20FRA&x=5.447381703606&y=43.529801070774&radius=30000"
19b399b0-8164-4b9f-b82c-da33ebd5bb89,22078519,ALSH,,PSC MERC COMMUNE CABRIES -  MATERNELLE ET ELEM AUGUSTE RENOIR,https://www.cabries.fr/,0442281254,,ccordo.deje@cabries.fr, Rue Saint Pierre 13480 CABRIES,CABRIES,11224,,,false,,AIX EN PROVENCE LOISIR,"https://monenfant.fr/que-recherchez-vous?structure=ALSH&location=Aix-en-Provence,%20Bouches-du-Rh%C3%B4ne,%20Provence-Alpes-C%C3%B4te%20d%27Azur,%20FRA&x=5.447381703606&y=43.529801070774&radius=30000"
60096cf7-6efe-4f75-bd4a-21467f919738,21346560,ALSH,,ESC COMMUNE CABRIES  - LOU PAN PERDU,https://www.cabries.fr/,0442281259,,clm.deje@cabries.fr, Rue RAYMOND MARTIN - QUARTIER LOU PAN PERDU 13480 CABRIES,CABRIES,11249,,,false,,AIX EN PROVENCE LOISIR,"https://monenfant.fr/que-recherchez-vous?structure=ALSH&location=Aix-en-Provence,%20Bouches-du-Rh%C3%B4ne,%20Provence-Alpes-C%C3%B4te%20d%27Azur,%20FRA&x=5.447381703606&y=43.529801070774&radius=30000"
0c011a54-b0d0-491a-aec9-8ebc708a4b28,39811741,ALSH,,PSC MERC  COMMUNE CABRIES  - ALSH  LOU PAN PERDU,https://www.cabries.fr/,0442281259,,clm.deje@cabries.fr, Rue RAYMOND MARTIN - QUARTIER LOU PAN PERDU 13480 CABRIES,CABRIES,11249,,,false,,AIX EN PROVENCE LOISIR,"https://monenfant.fr/que-recherchez-vous?structure=ALSH&location=Aix-en-Provence,%20Bouches-du-Rh%C3%B4ne,%20Provence-Alpes-C%C3%B4te%20d%27Azur,%20FRA&x=5.447381703606&y=43.529801070774&radius=30000"
db94b5a8-e981-4ead-a7fb-c10eaa7abcc6,21346603,ALSH,,PSC MERC COMMUNE CABRIES - ALSH PARC CLUB DE L ARBOIS,https://www.cabries.fr/,0442225776,,pca.deje@cabries.fr, Route RD 543 QUARTIER LA MERE 13480 CABRIES,CABRIES,11249,,,false,,AIX EN PROVENCE LOISIR,"https://monenfant.fr/que-recherchez-vous?structure=ALSH&location=Aix-en-Provence,%20Bouches-du-Rh%C3%B4ne,%20Provence-Alpes-C%C3%B4te%20d%27Azur,%20FRA&x=5.447381703606&y=43.529801070774&radius=30000"
298cec50-0bac-4322-a28b-30ff262d5170,32526883,ALSH,,ESC COMMUNE DE VENTABREN - LA MARELLE,,0442288863,,direction.eje@mairie-ventabren.fr, Quartier la Crémade 13122 VENTABREN,VENTABREN,11893,,,false,,AIX EN PROVENCE LOISIR,"https://monenfant.fr/que-recherchez-vous?structure=ALSH&location=Aix-en-Provence,%20Bouches-du-Rh%C3%B4ne,%20Provence-Alpes-C%C3%B4te%20d%27Azur,%20FRA&x=5.447381703606&y=43.529801070774&radius=30000"
7388589d-3d3d-4afc-80ea-7e061dc9aaee,39772520,ALSH,,PSC MERC  COMMUNE DE VENTABREN - GROUPE SCOL ED PEISSON,,0442288863,,direction.eje@mairie-ventabren.fr, Quartier la Crémade 13122 VENTABREN,VENTABREN,11893,,,false,,AIX EN PROVENCE LOISIR,"https://monenfant.fr/que-recherchez-vous?structure=ALSH&location=Aix-en-Provence,%20Bouches-du-Rh%C3%B4ne,%20Provence-Alpes-C%C3%B4te%20d%27Azur,%20FRA&x=5.447381703606&y=43.529801070774&radius=30000"
8bef499f-c018-4cf5-8840-0c5b0a5d0dc7,41053409,ALSH,,PSC COMMUNE FUVEAU - ECOLE PRIMAIRE LA ROQUE MARTINE,http://www.mairiedefuveau.fr/,0442656532,,periscolaire@mairie-fuveau.com, Chemin LOU BEN DOU SOUDAT 13710 FUVEAU,FUVEAU,12119,,,false,,AIX EN PROVENCE LOISIR,"https://monenfant.fr/que-recherchez-vous?structure=ALSH&location=Aix-en-Provence,%20Bouches-du-Rh%C3%B4ne,%20Provence-Alpes-C%C3%B4te%20d%27Azur,%20FRA&x=5.447381703606&y=43.529801070774&radius=30000"
66539189-ba3e-4c89-a384-facd3781248e,10821322,ALSH,,ESC COMMUNE FUVEAU - L'OUVRIERE ECOLE MATERNELLE ET ÉLÉMENTAIRE,http://www.mairiedefuveau.fr/,0442656560,,accueildeloisirs@mairie-fuveau.com, Avenue GUERIN MARCHI 13710 FUVEAU,FUVEAU,12207,,,false,,AIX EN PROVENCE LOISIR,"https://monenfant.fr/que-recherchez-vous?structure=ALSH&location=Aix-en-Provence,%20Bouches-du-Rh%C3%B4ne,%20Provence-Alpes-C%C3%B4te%20d%27Azur,%20FRA&x=5.447381703606&y=43.529801070774&radius=30000"
e3ae2191-2991-440d-a9fa-1d75c46930e7,41050990,ALSH,,PSC COMMUNE FUVEAU - L'OUVRIERE ECOLE MATERNELLE ET ÉLÉMENTAIRE,http://www.mairiedefuveau.fr/,0442656532,,periscolaire@mairie-fuveau.com, Avenue GUERIN MARCHI 13710 FUVEAU,FUVEAU,12207,,,false,,AIX EN PROVENCE LOISIR,"https://monenfant.fr/que-recherchez-vous?structure=ALSH&location=Aix-en-Provence,%20Bouches-du-Rh%C3%B4ne,%20Provence-Alpes-C%C3%B4te%20d%27Azur,%20FRA&x=5.447381703606&y=43.529801070774&radius=30000"
7e96e518-31fc-424a-82fa-688d108ac634,41053453,ALSH,,PSC COMMUNE FUVEAU - ECOLE PRIMAIRE LA BARQUE,http://www.mairiedefuveau.fr/,0442656532,,periscolaire@mairie-fuveau.com, Rue DES 4 CHEMINS 13710 FUVEAU,FUVEAU,12469,,,false,,AIX EN PROVENCE LOISIR,"https://monenfant.fr/que-recherchez-vous?structure=ALSH&location=Aix-en-Provence,%20Bouches-du-Rh%C3%B4ne,%20Provence-Alpes-C%C3%B4te%20d%27Azur,%20FRA&x=5.447381703606&y=43.529801070774&radius=30000"
ae59b1fa-732f-4bfb-a2ff-0bfcca7d3f89,41053281,ALSH,,PSC COMMUNE FUVEAU - ECOLE MATERNELLE 14 JUILLET,http://www.mairiedefuveau.fr/,0442656532,,periscolaire@mairie-fuveau.com, Rue DU 14 JUILLET 13710 FUVEAU,FUVEAU,12520,,,false,,AIX EN PROVENCE LOISIR,"https://monenfant.fr/que-recherchez-vous?structure=ALSH&location=Aix-en-Provence,%20Bouches-du-Rh%C3%B4ne,%20Provence-Alpes-C%C3%B4te%20d%27Azur,%20FRA&x=5.447381703606&y=43.529801070774&radius=30000"
973bc663-d2d9-4494-abf4-c7dec6509a0c,41053331,ALSH,,PSC COMMUNE FUVEAU - ECOLE ELEMENTAIRE ARTHUR RIMBAUD,http://www.mairiedefuveau.fr/,0442656532,,periscolaire@mairie-fuveau.com, Rue FREDERIC MISTRAL 13710 FUVEAU,FUVEAU,12588,,,false,,AIX EN PROVENCE LOISIR,"https://monenfant.fr/que-recherchez-vous?structure=ALSH&location=Aix-en-Provence,%20Bouches-du-Rh%C3%B4ne,%20Provence-Alpes-C%C3%B4te%20d%27Azur,%20FRA&x=5.447381703606&y=43.529801070774&radius=30000"
c8012a69-7755-4451-a356-0db08a75a2ed,39645938,ALSH,,13-ESC -LEC GS-GREASQUE - MATERNELLE ET ELEMENTAIRE,,0442699537,,enfance-greasque@loisireduc.org, Route de la Chapelle 13850 GREASQUE,GREASQUE,13086,,,false,,AIX EN PROVENCE LOISIR,"https://monenfant.fr/que-recherchez-vous?structure=ALSH&location=Aix-en-Provence,%20Bouches-du-Rh%C3%B4ne,%20Provence-Alpes-C%C3%B4te%20d%27Azur,%20FRA&x=5.447381703606&y=43.529801070774&radius=30000"
cfc02436-cd23-4d40-91ee-c9fd4b38c9e5,10907412,ALSH,,13-PSC MERC-LEC GS-GREASQUE - MATERNELLE ET ELEMENTAIRE,,0442699537,,enfance-greasque@loisireduc.org, Route de la Chapelle 13850 GREASQUE,GREASQUE,13086,,,false,,AIX EN PROVENCE LOISIR,"https://monenfant.fr/que-recherchez-vous?structure=ALSH&location=Aix-en-Provence,%20Bouches-du-Rh%C3%B4ne,%20Provence-Alpes-C%C3%B4te%20d%27Azur,%20FRA&x=5.447381703606&y=43.529801070774&radius=30000"
900db26a-644a-4e22-8c6c-6ea50bb32915,39756367,ALSH,,13-ADO  -IFAC-MIMET -  LES MOULIERES,,0442589512,,mimet@ifac.asso.fr,873 Route de Gardanne 13105 MIMET,MIMET,13230,,,false,,AIX EN PROVENCE LOISIR,"https://monenfant.fr/que-recherchez-vous?structure=ALSH&location=Aix-en-Provence,%20Bouches-du-Rh%C3%B4ne,%20Provence-Alpes-C%C3%B4te%20d%27Azur,%20FRA&x=5.447381703606&y=43.529801070774&radius=30000"
c01182c6-4b27-45c0-99ba-33db1b676827,10995957,ALSH,,13-ESC-IFAC-MIMET -  LES MOULIERES,,0442589512,,mimet@ifac.asso.fr,873 Route de Gardanne 13105 MIMET,MIMET,13230,,,false,,AIX EN PROVENCE LOISIR,"https://monenfant.fr/que-recherchez-vous?structure=ALSH&location=Aix-en-Provence,%20Bouches-du-Rh%C3%B4ne,%20Provence-Alpes-C%C3%B4te%20d%27Azur,%20FRA&x=5.447381703606&y=43.529801070774&radius=30000"
f4fb516a-ccba-46b2-b9d3-5cb51d8c5d5d,39756311,ALSH,,13-PSC MERC -IFAC-MIMET -  LES MOULIERES,,0442589512,,mimet@ifac.asso.fr,873 Route de Gardanne 13105 MIMET,MIMET,13230,,,false,,AIX EN PROVENCE LOISIR,"https://monenfant.fr/que-recherchez-vous?structure=ALSH&location=Aix-en-Provence,%20Bouches-du-Rh%C3%B4ne,%20Provence-Alpes-C%C3%B4te%20d%27Azur,%20FRA&x=5.447381703606&y=43.529801070774&radius=30000"
16f3cd42-4a11-4bd7-930e-6d8379e74dcb,11000730,ALSH,,13-PSC MERC-IFAC-MIMET - FONTBELLE,,0442589512,,mimet@ifac.asso.fr,873 Route de gardanne 13105 MIMET,MIMET,13230,,,false,,AIX EN PROVENCE LOISIR,"https://monenfant.fr/que-recherchez-vous?structure=ALSH&location=Aix-en-Provence,%20Bouches-du-Rh%C3%B4ne,%20Provence-Alpes-C%C3%B4te%20d%27Azur,%20FRA&x=5.447381703606&y=43.529801070774&radius=30000"
1be71e16-44dd-4a46-81b4-74bfae9f1115,10973253,ALSH,,13-PSC MERC-IFAC-MIMET - LA TOUR,,0442589512,,mimet@ifac.asso.fr, Rue BALOTESTI 13105 MIMET,MIMET,13418,,,false,,AIX EN PROVENCE LOISIR,"https://monenfant.fr/que-recherchez-vous?structure=ALSH&location=Aix-en-Provence,%20Bouches-du-Rh%C3%B4ne,%20Provence-Alpes-C%C3%B4te%20d%27Azur,%20FRA&x=5.447381703606&y=43.529801070774&radius=30000"
b88c597d-0cde-4fd6-885e-4b624bb48761,11056673,ALSH,,ESC JULES FERRY MEYRARGUES - JULES FERRY,http://www.meyrargues.fr,0629213064,,centredeloisirs@meyrargues.fr,2 Rue Jules Ferry 13650 MEYRARGUES,MEYRARGUES,13442,,,false,,AIX EN PROVENCE LOISIR,"https://monenfant.fr/que-recherchez-vous?structure=ALSH&location=Aix-en-Provence,%20Bouches-du-Rh%C3%B4ne,%20Provence-Alpes-C%C3%B4te%20d%27Azur,%20FRA&x=5.447381703606&y=43.529801070774&radius=30000"
a5518265-6564-472a-a116-2fc13c4ddbb0,39869844,ALSH,,MERC JULES FERRY MEYRARGUES - JULES FERRY,http://www.meyrargues.fr,0629213064,,centredeloisirs@meyrargues.fr,2 Rue Jules Ferry 13650 MEYRARGUES,MEYRARGUES,13442,,,false,,AIX EN PROVENCE LOISIR,"https://monenfant.fr/que-recherchez-vous?structure=ALSH&location=Aix-en-Provence,%20Bouches-du-Rh%C3%B4ne,%20Provence-Alpes-C%C3%B4te%20d%27Azur,%20FRA&x=5.447381703606&y=43.529801070774&radius=30000"
20d532a1-a2e5-4b05-9765-91eb701d6dce,40364571,ALSH,,13-ADO-LEC GS-GREASQUE - MATERNELLE ET ELEMENTAIRE,,0442699537,,enfance-greasque@loisireduc.org, Avenue DU 8 MAI 13850 GREASQUE,GREASQUE,13458,,,false,,AIX EN PROVENCE LOISIR,"https://monenfant.fr/que-recherchez-vous?structure=ALSH&location=Aix-en-Provence,%20Bouches-du-Rh%C3%B4ne,%20Provence-Alpes-C%C3%B4te%20d%27Azur,%20FRA&x=5.447381703606&y=43.529801070774&radius=30000"
afb37bbf-48c4-4b96-bed0-de0bf55094c2,33363042,ALSH,,PSC PATRONAGE ST JACQUES GREASQUE,,0783338960,,patronage.esperance@gmail.com, Traverse de la Verrière 13850 GREASQUE,GREASQUE,13593,,,false,,AIX EN PROVENCE LOISIR,"https://monenfant.fr/que-recherchez-vous?structure=ALSH&location=Aix-en-Provence,%20Bouches-du-Rh%C3%B4ne,%20Provence-Alpes-C%C3%B4te%20d%27Azur,%20FRA&x=5.447381703606&y=43.529801070774&radius=30000"
c52fd76e-cddc-4e0b-a9fb-fa1b8cc1e595,21517877,ALSH,,ESC ALEES SEPTEMES LES VALLONS - 'MAISON MUNICIPALE DE L'ENFANCE',,0610833969,,alees13240@outlook.com,8 Avenue Nelson mandela 13240 SEPTEMES LES VALLONS,SEPTEMES LES VALLONS,14608,,,false,,AIX EN PROVENCE LOISIR,"https://monenfant.fr/que-recherchez-vous?structure=ALSH&location=Aix-en-Provence,%20Bouches-du-Rh%C3%B4ne,%20Provence-Alpes-C%C3%B4te%20d%27Azur,%20FRA&x=5.447381703606&y=43.529801070774&radius=30000"
b611cc24-5a9f-44a8-bd79-12a8345611c5,39919345,ALSH,,MERC  ALEES SEPTEMES LES VALLONS - 'MAISON MUNICIPALE DE L'ENFANCE',,0610833969,,alees13240@outlook.com,8 Avenue Nelson mandela 13240 SEPTEMES LES VALLONS,SEPTEMES LES VALLONS,14608,,,false,,AIX EN PROVENCE LOISIR,"https://monenfant.fr/que-recherchez-vous?structure=ALSH&location=Aix-en-Provence,%20Bouches-du-Rh%C3%B4ne,%20Provence-Alpes-C%C3%B4te%20d%27Azur,%20FRA&x=5.447381703606&y=43.529801070774&radius=30000"
62446b18-a038-458d-9d27-b2aa3ead368d,21607998,ALSH,,PSC COMMUNE SEPTEMES LES VALLONS - FRANÇOIS CESARI ELEM & MATERNELLE',,0491963115,,, Traverse des écoles 13240 SEPTEMES LES VALLONS,SEPTEMES LES VALLONS,14917,,,false,,AIX EN PROVENCE LOISIR,"https://monenfant.fr/que-recherchez-vous?structure=ALSH&location=Aix-en-Provence,%20Bouches-du-Rh%C3%B4ne,%20Provence-Alpes-C%C3%B4te%20d%27Azur,%20FRA&x=5.447381703606&y=43.529801070774&radius=30000"
391add3f-377f-4835-87c7-459808f5d766,10828034,ALSH,,ESC COMMUNE DE ST SAVOURNIN  -  L'ESTELLO,https://www.saint-savournin.com/,0660626479,,centre-aere@mairie-stsavournin.fr, Quartier de l'Adrech - Groupe Scolaire de l'Estello 13119 ST SAVOURNIN,ST SAVOURNIN,14941,,,false,,AIX EN PROVENCE LOISIR,"https://monenfant.fr/que-recherchez-vous?structure=ALSH&location=Aix-en-Provence,%20Bouches-du-Rh%C3%B4ne,%20Provence-Alpes-C%C3%B4te%20d%27Azur,%20FRA&x=5.447381703606&y=43.529801070774&radius=30000"
a258697e-1c7a-4f67-b7fc-aa698d84d419,40306210,ALSH,,MERC COMMUNE DE ST SAVOURNIN  -  L'ESTELLO,https://www.saint-savournin.com/,0660626479,,centre-aere@mairie-stsavournin.fr, Quartier de l'Adrech - Groupe Scolaire de l'Estello 13119 ST SAVOURNIN,ST SAVOURNIN,14941,,,false,,AIX EN PROVENCE LOISIR,"https://monenfant.fr/que-recherchez-vous?structure=ALSH&location=Aix-en-Provence,%20Bouches-du-Rh%C3%B4ne,%20Provence-Alpes-C%C3%B4te%20d%27Azur,%20FRA&x=5.447381703606&y=43.529801070774&radius=30000"
65daadef-28bd-46bd-9ed2-506dab6ad90b,10795276,ALSH,,ESC COMMUNE ROUSSET  -  POINT JEUNES,http://www.rousset-fr.com,0442992061,,pointjeunes@rousset-fr.com, Chemin de la Tuiliére 13790 ROUSSET,ROUSSET,15284,,,false,,AIX EN PROVENCE LOISIR,"https://monenfant.fr/que-recherchez-vous?structure=ALSH&location=Aix-en-Provence,%20Bouches-du-Rh%C3%B4ne,%20Provence-Alpes-C%C3%B4te%20d%27Azur,%20FRA&x=5.447381703606&y=43.529801070774&radius=30000"
3c2cb313-ee5b-4f35-aead-be23933536df,10795061,ALSH,,ESC COMMUNE ROUSSET -,http://www.rousset-fr.com/education-et-jeunesse/centre-de-loisirs-594.html,0442992060,,nicolas.bonthoux@rousset-fr.com, Avenue louis ALLARD 13790 ROUSSET,ROUSSET,15311,,,false,,AIX EN PROVENCE LOISIR,"https://monenfant.fr/que-recherchez-vous?structure=ALSH&location=Aix-en-Provence,%20Bouches-du-Rh%C3%B4ne,%20Provence-Alpes-C%C3%B4te%20d%27Azur,%20FRA&x=5.447381703606&y=43.529801070774&radius=30000"
ccb473c2-2a5d-45c6-85b7-ed1b484b3037,39843627,ALSH,,PSC MERC COMMUNE ROUSSET -  JOULY,http://www.rousset-fr.com/education-et-jeunesse/centre-de-loisirs-594.html,0442992060,,nicolas.bonthoux@rousset-fr.com, Avenue louis ALLARD 13790 ROUSSET,ROUSSET,15311,,,false,,AIX EN PROVENCE LOISIR,"https://monenfant.fr/que-recherchez-vous?structure=ALSH&location=Aix-en-Provence,%20Bouches-du-Rh%C3%B4ne,%20Provence-Alpes-C%C3%B4te%20d%27Azur,%20FRA&x=5.447381703606&y=43.529801070774&radius=30000"
59f28590-ea8a-41e3-8abd-4c4d28257879,39645291,ALSH,,13-ESC-LEC GS-LE PUY STE REPARADE,,0442618726,,enfance-lepuysaintereparade@loisireduc.org,12 Boulevard de la Coopérative 13610 LE PUY STE REPARADE,LE PUY STE REPARADE,15338,,,false,,AIX EN PROVENCE LOISIR,"https://monenfant.fr/que-recherchez-vous?structure=ALSH&location=Aix-en-Provence,%20Bouches-du-Rh%C3%B4ne,%20Provence-Alpes-C%C3%B4te%20d%27Azur,%20FRA&x=5.447381703606&y=43.529801070774&radius=30000"
0f1925b7-bfcb-4173-bd73-cb25eba6f7a8,10907369,ALSH,,13-PSC-MERC-LEC GS-LE PUY STE REPARADE,,0442618726,,enfance-lepuysaintereparade@loisireduc.org,12 Boulevard de la Coopérative 13610 LE PUY STE REPARADE,LE PUY STE REPARADE,15338,,,false,,AIX EN PROVENCE LOISIR,"https://monenfant.fr/que-recherchez-vous?structure=ALSH&location=Aix-en-Provence,%20Bouches-du-Rh%C3%B4ne,%20Provence-Alpes-C%C3%B4te%20d%27Azur,%20FRA&x=5.447381703606&y=43.529801070774&radius=30000"
4c75dc73-39c4-42e3-9bed-c9466cee7ecb,21614925,ALSH,,PSC COMMUNE SEPTEMES LES VALLONS - JACQUES PRÉVERT,,0491963115,,, Route d'Apt 13240 SEPTEMES LES VALLONS,SEPTEMES LES VALLONS,15367,,,false,,AIX EN PROVENCE LOISIR,"https://monenfant.fr/que-recherchez-vous?structure=ALSH&location=Aix-en-Provence,%20Bouches-du-Rh%C3%B4ne,%20Provence-Alpes-C%C3%B4te%20d%27Azur,%20FRA&x=5.447381703606&y=43.529801070774&radius=30000"
749e5553-a549-4f18-b001-62f3ecb99549,21617168,ALSH,,PSC COMMUNE SEPTEMES LES VALLONS - TRANCHIER GIUDICELLI,,0491963115,,, Route d'Apt 13240 SEPTEMES LES VALLONS,SEPTEMES LES VALLONS,15367,,,false,,AIX EN PROVENCE LOISIR,"https://monenfant.fr/que-recherchez-vous?structure=ALSH&location=Aix-en-Provence,%20Bouches-du-Rh%C3%B4ne,%20Provence-Alpes-C%C3%B4te%20d%27Azur,%20FRA&x=5.447381703606&y=43.529801070774&radius=30000"
fba5f93b-5f71-4829-95e0-dc72093e8327,21437067,ALSH,,ESC AIL ST CANNAT -  L'ILOT FOLIES,,0442572312,,ilotfolies@ail-sc.fr, Esplanade Charles de Gaulle 13760 ST CANNAT,ST CANNAT,15747,,,false,,AIX EN PROVENCE LOISIR,"https://monenfant.fr/que-recherchez-vous?structure=ALSH&location=Aix-en-Provence,%20Bouches-du-Rh%C3%B4ne,%20Provence-Alpes-C%C3%B4te%20d%27Azur,%20FRA&x=5.447381703606&y=43.529801070774&radius=30000"
d9035d94-eb75-455f-9bfb-d8e94777f2ee,40316661,ALSH,,MERCREDI  AIL ST CANNAT -  L'ILOT FOLIES,,0442572312,,ilotfolies@ail-sc.fr, Esplanade Charles de Gaulle 13760 ST CANNAT,ST CANNAT,15747,,,false,,AIX EN PROVENCE LOISIR,"https://monenfant.fr/que-recherchez-vous?structure=ALSH&location=Aix-en-Provence,%20Bouches-du-Rh%C3%B4ne,%20Provence-Alpes-C%C3%B4te%20d%27Azur,%20FRA&x=5.447381703606&y=43.529801070774&radius=30000"
a93b0724-01ec-4abf-b762-18be56911a80,24949708,ALSH,,ADO AJ CAP AVENTURE ASSO ST CANNAT,,0788782635,,, Avenue Jules Guesde 13760 ST CANNAT,ST CANNAT,15788,,,false,,AIX EN PROVENCE LOISIR,"https://monenfant.fr/que-recherchez-vous?structure=ALSH&location=Aix-en-Provence,%20Bouches-du-Rh%C3%B4ne,%20Provence-Alpes-C%C3%B4te%20d%27Azur,%20FRA&x=5.447381703606&y=43.529801070774&radius=30000"
176f6db7-259b-4828-8f3c-c4e6e31e48b9,21616806,ALSH,,PSC COMMUNE SEPTEMES LES VALLONS - JEAN CRESPI,,0491963115,,, Chemin des Castors Isabella 13240 SEPTEMES LES VALLONS,SEPTEMES LES VALLONS,15865,,,false,,AIX EN PROVENCE LOISIR,"https://monenfant.fr/que-recherchez-vous?structure=ALSH&location=Aix-en-Provence,%20Bouches-du-Rh%C3%B4ne,%20Provence-Alpes-C%C3%B4te%20d%27Azur,%20FRA&x=5.447381703606&y=43.529801070774&radius=30000"
3f1da2ea-a7a6-4c5b-b819-a8c359884915,22238393,ALSH,,AJ CS GAVOTTE PEYRETS SEPTEMES,,0491512328,,csgp@associationgavottepeyret.fr,  La Gavotte Peyret - Tour J 13240 SEPTEMES LES VALLONS,SEPTEMES LES VALLONS,15939,,,false,,AIX EN PROVENCE LOISIR,"https://monenfant.fr/que-recherchez-vous?structure=ALSH&location=Aix-en-Provence,%20Bouches-du-Rh%C3%B4ne,%20Provence-Alpes-C%C3%B4te%20d%27Azur,%20FRA&x=5.447381703606&y=43.529801070774&radius=30000"
bb421eed-050b-46db-8c4f-c3f0b74eb994,11032894,ALSH,,ESC MJC SEPTEMES LES VALLONS - MC EQUIPEMENT MUNICIPAL SPORTIF,,0685753779,,mjc13240@hotmail.fr, Route d'Apt - rond point du 24 avril 1915 13240 SEPTEMES LES VALLONS,SEPTEMES LES VALLONS,15939,,,false,,AIX EN PROVENCE LOISIR,"https://monenfant.fr/que-recherchez-vous?structure=ALSH&location=Aix-en-Provence,%20Bouches-du-Rh%C3%B4ne,%20Provence-Alpes-C%C3%B4te%20d%27Azur,%20FRA&x=5.447381703606&y=43.529801070774&radius=30000"
de78788c-da06-4527-bf07-746d734c34e6,22239026,ALSH,,ADO COMMUNE SEPTEMES LES VALLONS (ALSH ADO 11/17 ANS),,0491960774,,ajsepteme@wanadoo.fr,52 Avenue du 8 mai 1945 13240 SEPTEMES LES VALLONS,SEPTEMES LES VALLONS,15979,,,false,,AIX EN PROVENCE LOISIR,"https://monenfant.fr/que-recherchez-vous?structure=ALSH&location=Aix-en-Provence,%20Bouches-du-Rh%C3%B4ne,%20Provence-Alpes-C%C3%B4te%20d%27Azur,%20FRA&x=5.447381703606&y=43.529801070774&radius=30000"
b0fc8263-d055-4b7f-8bba-45590c91e14a,40966174,ALSH,,PSC AFR ROGNES - ECOLE ROBERT VERNIER GARRIGUES,http://www.famillesruralesrognes.fr,0442503224,,secretariat@famillesruralesrognes.fr, Chemin DE LA FANEE 13840 ROGNES,ROGNES,16102,,,false,,AIX EN PROVENCE LOISIR,"https://monenfant.fr/que-recherchez-vous?structure=ALSH&location=Aix-en-Provence,%20Bouches-du-Rh%C3%B4ne,%20Provence-Alpes-C%C3%B4te%20d%27Azur,%20FRA&x=5.447381703606&y=43.529801070774&radius=30000"
9685f535-8c01-49d3-bdf9-a02028509830,10778248,ALSH,,13-ADO-LEC GS-VELAUX - CENTRE ANIMATION JEUNESSE,http://centredeloisirs-evea.org,0442748140,,evea.association@free.fr, Avenue ANTOINETTE DE BEAUCAIRE 13880 VELAUX,VELAUX,16109,,,false,,AIX EN PROVENCE LOISIR,"https://monenfant.fr/que-recherchez-vous?structure=ALSH&location=Aix-en-Provence,%20Bouches-du-Rh%C3%B4ne,%20Provence-Alpes-C%C3%B4te%20d%27Azur,%20FRA&x=5.447381703606&y=43.529801070774&radius=30000"
f5342ca1-862c-44bc-b46e-e9abf151676f,40325434,ALSH,,13-ESC- LEC GS-VELAUX - CENTRE ANIMATION JEUNESSE,http://centredeloisirs-evea.org,0442748140,,evea.association@free.fr, Avenue ANTOINETTE DE BEAUCAIRE 13880 VELAUX,VELAUX,16109,,,false,,AIX EN PROVENCE LOISIR,"https://monenfant.fr/que-recherchez-vous?structure=ALSH&location=Aix-en-Provence,%20Bouches-du-Rh%C3%B4ne,%20Provence-Alpes-C%C3%B4te%20d%27Azur,%20FRA&x=5.447381703606&y=43.529801070774&radius=30000"
ec08275e-77d3-44b6-8913-2cd3e10a3f99,40325525,ALSH,,13-MERC- LEC GS-VELAUX - CENTRE ANIMATION JEUNESSE,http://centredeloisirs-evea.org,0442748140,,evea.association@free.fr, Avenue ANTOINETTE DE BEAUCAIRE 13880 VELAUX,VELAUX,16109,,,false,,AIX EN PROVENCE LOISIR,"https://monenfant.fr/que-recherchez-vous?structure=ALSH&location=Aix-en-Provence,%20Bouches-du-Rh%C3%B4ne,%20Provence-Alpes-C%C3%B4te%20d%27Azur,%20FRA&x=5.447381703606&y=43.529801070774&radius=30000"
73ce014c-0589-4748-a63a-52af8964d75a,10907326,ALSH,,13-ESC-LEC GS-COUDOUX,http://www.coudoux.fr,0964217488,,alsh-coudoux@loisireduc.org, Rue Des Ecoles 13111 COUDOUX,COUDOUX,16169,,,false,,AIX EN PROVENCE LOISIR,"https://monenfant.fr/que-recherchez-vous?structure=ALSH&location=Aix-en-Provence,%20Bouches-du-Rh%C3%B4ne,%20Provence-Alpes-C%C3%B4te%20d%27Azur,%20FRA&x=5.447381703606&y=43.529801070774&radius=30000"
0eabf3ef-0bdb-47df-acfc-1268bccc4754,39645519,ALSH,,13-PSC MERC -LEC GS-COUDOUX -MATERNELLE DE COUDOUX,http://www.coudoux.fr,0964217488,,alsh-coudoux@loisireduc.org, Rue Des Ecoles 13111 COUDOUX,COUDOUX,16169,,,false,,AIX EN PROVENCE LOISIR,"https://monenfant.fr/que-recherchez-vous?structure=ALSH&location=Aix-en-Provence,%20Bouches-du-Rh%C3%B4ne,%20Provence-Alpes-C%C3%B4te%20d%27Azur,%20FRA&x=5.447381703606&y=43.529801070774&radius=30000"
bb45cd1d-4351-49ac-8a70-0d7ca9258cf8,40299048,ALSH,,13-ESC -FAIL-13015 - ACM LA SOLIDARITE,http://www.laligue13.fr,0491650106,,karim.rahali@laligue13.fr,54 Chemin de la Bigotte 13015 MARSEILLE,MARSEILLE,16768,,,false,,AIX EN PROVENCE LOISIR,"https://monenfant.fr/que-recherchez-vous?structure=ALSH&location=Aix-en-Provence,%20Bouches-du-Rh%C3%B4ne,%20Provence-Alpes-C%C3%B4te%20d%27Azur,%20FRA&x=5.447381703606&y=43.529801070774&radius=30000"
dc0a2a4c-2693-4bcb-915d-da4fcb050116,40299259,ALSH,,13-MERC -FAIL-13015 - ACM LA SOLIDARITE,http://www.laligue13.fr,0491650106,,karim.rahali@laligue13.fr,54 Chemin de la Bigotte 13015 MARSEILLE,MARSEILLE,16768,,,false,,AIX EN PROVENCE LOISIR,"https://monenfant.fr/que-recherchez-vous?structure=ALSH&location=Aix-en-Provence,%20Bouches-du-Rh%C3%B4ne,%20Provence-Alpes-C%C3%B4te%20d%27Azur,%20FRA&x=5.447381703606&y=43.529801070774&radius=30000"
b9aa569b-c1db-40b8-9c9b-5d172016406b,25330935,ALSH,,ESC COMMUNE LES PENNES MIRABEAU - JEAN GIONO',https://www.pennes-mirabeau.org,0496159000,,loisirs.giono@vlpm.com, Chemin Val Sec la Gavotte - Campagne REGGIO 13170 LES PENNES MIRABEAU,LES PENNES MIRABEAU,16810,,,false,,AIX EN PROVENCE LOISIR,"https://monenfant.fr/que-recherchez-vous?structure=ALSH&location=Aix-en-Provence,%20Bouches-du-Rh%C3%B4ne,%20Provence-Alpes-C%C3%B4te%20d%27Azur,%20FRA&x=5.447381703606&y=43.529801070774&radius=30000"
bfd3df85-6fc0-42af-86d9-18a88f03048e,39901480,ALSH,,MERC COMMUNE LES PENNES MIRABEAU - JEAN GIONO',https://www.pennes-mirabeau.org,0496159000,,loisirs.giono@vlpm.com, Chemin Val Sec la Gavotte - Campagne REGGIO 13170 LES PENNES MIRABEAU,LES PENNES MIRABEAU,16810,,,false,,AIX EN PROVENCE LOISIR,"https://monenfant.fr/que-recherchez-vous?structure=ALSH&location=Aix-en-Provence,%20Bouches-du-Rh%C3%B4ne,%20Provence-Alpes-C%C3%B4te%20d%27Azur,%20FRA&x=5.447381703606&y=43.529801070774&radius=30000"
fa278ad9-8fb2-432f-89b9-5cdc18910d4d,21443931,ALSH,,ESC AFR ROGNES - ANCIENNE ECOLE,http://www.famillesruralesrognes.fr,0442503224,,secretariat@famillesruralesrognes.fr, Rue Fontvieille - ancienne école 13840 ROGNES,ROGNES,16817,,,false,,AIX EN PROVENCE LOISIR,"https://monenfant.fr/que-recherchez-vous?structure=ALSH&location=Aix-en-Provence,%20Bouches-du-Rh%C3%B4ne,%20Provence-Alpes-C%C3%B4te%20d%27Azur,%20FRA&x=5.447381703606&y=43.529801070774&radius=30000"
1c133327-8030-419a-8e35-df50e61c6644,33418153,ALSH,,ESC ASS ST LAZARE CADOLIVE,https://www.plusavenirlepatronage.org/patronage-cadolive,0783338960,,patronage.esperance@gmail.com,17 Montée de l'Eglise 13950 CADOLIVE,CADOLIVE,16987,,,false,,AIX EN PROVENCE LOISIR,"https://monenfant.fr/que-recherchez-vous?structure=ALSH&location=Aix-en-Provence,%20Bouches-du-Rh%C3%B4ne,%20Provence-Alpes-C%C3%B4te%20d%27Azur,%20FRA&x=5.447381703606&y=43.529801070774&radius=30000"
d0ae49f0-9aa4-4e15-9ba2-9632e4fca50e,40320632,ALSH,,MERCREDI ASS ST LAZARE CADOLIVE,https://www.plusavenirlepatronage.org/patronage-cadolive,0783338960,,patronage.esperance@gmail.com,17 Montée de l'Eglise 13950 CADOLIVE,CADOLIVE,16987,,,false,,AIX EN PROVENCE LOISIR,"https://monenfant.fr/que-recherchez-vous?structure=ALSH&location=Aix-en-Provence,%20Bouches-du-Rh%C3%B4ne,%20Provence-Alpes-C%C3%B4te%20d%27Azur,%20FRA&x=5.447381703606&y=43.529801070774&radius=30000"
d2d0be5f-c93b-4bef-a6f2-819cd810b327,25331082,ALSH,,ESC COMMUNE LES PENNES MIRABEAU - LES CHARMES,https://www.pennes-mirabeau.org,0491962233,,loisirs.charmes@vlpm.com,228 Avenue François Mitterrand 13170 LES PENNES MIRABEAU,LES PENNES MIRABEAU,16990,,,false,,AIX EN PROVENCE LOISIR,"https://monenfant.fr/que-recherchez-vous?structure=ALSH&location=Aix-en-Provence,%20Bouches-du-Rh%C3%B4ne,%20Provence-Alpes-C%C3%B4te%20d%27Azur,%20FRA&x=5.447381703606&y=43.529801070774&radius=30000"
12762397-ae6a-4f2c-9963-070f66f6e6ca,39901569,ALSH,,MERC COMMUNE LES PENNES MIRABEAU - LES CHARMES,https://www.pennes-mirabeau.org,0491962233,,loisirs.charmes@vlpm.com,228 Avenue François Mitterrand 13170 LES PENNES MIRABEAU,LES PENNES MIRABEAU,16990,,,false,,AIX EN PROVENCE LOISIR,"https://monenfant.fr/que-recherchez-vous?structure=ALSH&location=Aix-en-Provence,%20Bouches-du-Rh%C3%B4ne,%20Provence-Alpes-C%C3%B4te%20d%27Azur,%20FRA&x=5.447381703606&y=43.529801070774&radius=30000"
02f54dec-dd57-419f-ad6f-a5bb4a2ba633,11032636,ALSH,,13-ADO-LEC GS-COUDOUX - LA GAVADE,,0658979689,,jeunesse-coudoux@loisireduc.org, Allée du stade 13111 COUDOUX,COUDOUX,17000,,,false,,AIX EN PROVENCE LOISIR,"https://monenfant.fr/que-recherchez-vous?structure=ALSH&location=Aix-en-Provence,%20Bouches-du-Rh%C3%B4ne,%20Provence-Alpes-C%C3%B4te%20d%27Azur,%20FRA&x=5.447381703606&y=43.529801070774&radius=30000"
2ba937ae-d682-4e0a-be25-3f6505a1d37b,21293092,ALSH,,ADO AJ COMMUNE PEYROLLES,http://peyrolles-en-provence.fr/,0967849669,,, Route du Plan - Quartier les Rivaux 13860 PEYROLLES EN PROVENCE,PEYROLLES EN PROVENCE,17168,,,false,,AIX EN PROVENCE LOISIR,"https://monenfant.fr/que-recherchez-vous?structure=ALSH&location=Aix-en-Provence,%20Bouches-du-Rh%C3%B4ne,%20Provence-Alpes-C%C3%B4te%20d%27Azur,%20FRA&x=5.447381703606&y=43.529801070774&radius=30000"
16028d5a-44f8-4696-b9a5-de199ed45ce8,21290939,ALSH,,ESC COMMUNE PEYROLLES  - CASTORS,http://peyrolles-en-provence.fr/,0442578947,,centreaere@mairie-peyrollesenprovence.fr,2 Rue des écoles et du chemin neuf 13860 PEYROLLES EN PROVENCE,PEYROLLES EN PROVENCE,17168,,,false,,AIX EN PROVENCE LOISIR,"https://monenfant.fr/que-recherchez-vous?structure=ALSH&location=Aix-en-Provence,%20Bouches-du-Rh%C3%B4ne,%20Provence-Alpes-C%C3%B4te%20d%27Azur,%20FRA&x=5.447381703606&y=43.529801070774&radius=30000"
84562ee4-4e72-49fa-9122-2856aa930fe3,40398636,ALSH,,PSC COMMUNE PEYROLLES  - ACM  CASTORS 3/5ANS ET 6/11 ANS,http://peyrolles-en-provence.fr/,0442578947,,centreaere@mairie-peyrollesenprovence.fr,2 Rue des écoles et du chemin neuf 13860 PEYROLLES EN PROVENCE,PEYROLLES EN PROVENCE,17168,,,false,,AIX EN PROVENCE LOISIR,"https://monenfant.fr/que-recherchez-vous?structure=ALSH&location=Aix-en-Provence,%20Bouches-du-Rh%C3%B4ne,%20Provence-Alpes-C%C3%B4te%20d%27Azur,%20FRA&x=5.447381703606&y=43.529801070774&radius=30000"
504ffd35-646b-4b1c-94a0-e6513f3f5539,21446599,ALSH,,AJ COMMUNE LES PENNES MIRABEAU - LA RENARDIERE,http://www.lespennes-mirabeau.org,0442805501,,espacejeunes@vlpm.com, Chemin DE LA RENARDIERE 13170 LES PENNES MIRABEAU,LES PENNES MIRABEAU,17172,,,false,,AIX EN PROVENCE LOISIR,"https://monenfant.fr/que-recherchez-vous?structure=ALSH&location=Aix-en-Provence,%20Bouches-du-Rh%C3%B4ne,%20Provence-Alpes-C%C3%B4te%20d%27Azur,%20FRA&x=5.447381703606&y=43.529801070774&radius=30000"
c6a664c4-99a8-4f07-9bd7-0b1bf7381fe7,22379553,ALSH,,13-ADO-FAIL-13015 - LA SOLIDARITE MERCREDI ET VACANCES,http://www.laligue13.fr,0491650106,,karim.rahali@laligue13.fr,38 Chemin de la Bigotte 13015 MARSEILLE,MARSEILLE,17195,,,false,,AIX EN PROVENCE LOISIR,"https://monenfant.fr/que-recherchez-vous?structure=ALSH&location=Aix-en-Provence,%20Bouches-du-Rh%C3%B4ne,%20Provence-Alpes-C%C3%B4te%20d%27Azur,%20FRA&x=5.447381703606&y=43.529801070774&radius=30000"
f8e15a92-b5ee-41f8-bf19-babb45d3466b,22350612,ALSH,,ESC COMMUNE VITROLLES - CLARET MATEOS,http://www.vitrolles13.fr,0442797749,,dir.periscolaire.loisirs@ville-vitrolles13.fr,  Ferme de Croze 13127 VITROLLES,VITROLLES,17286,,,false,,AIX EN PROVENCE LOISIR,"https://monenfant.fr/que-recherchez-vous?structure=ALSH&location=Aix-en-Provence,%20Bouches-du-Rh%C3%B4ne,%20Provence-Alpes-C%C3%B4te%20d%27Azur,%20FRA&x=5.447381703606&y=43.529801070774&radius=30000"
33d8c186-06e7-46ec-ab11-21d8c6b2587e,40010995,ALSH,,PSC MERC COMMUNE VITROLLES - CLARET MATEOS,http://www.vitrolles13.fr,0442797749,,dir.periscolaire.loisirs@ville-vitrolles13.fr,  Ferme de Croze 13127 VITROLLES,VITROLLES,17286,,,false,,AIX EN PROVENCE LOISIR,"https://monenfant.fr/que-recherchez-vous?structure=ALSH&location=Aix-en-Provence,%20Bouches-du-Rh%C3%B4ne,%20Provence-Alpes-C%C3%B4te%20d%27Azur,%20FRA&x=5.447381703606&y=43.529801070774&radius=30000"
291f80af-cd21-43a4-8065-6508117fff0e,22252373,ALSH,,ESC COMMUNE VITROLLES - 'LES PINCHINADES',http://www.vitrolles13.fr,0442797749,,dir.periscolaire.loisirs@ville-vitrolles13.fr, Place de l'amitié 13127 VITROLLES,VITROLLES,17420,,,false,,AIX EN PROVENCE LOISIR,"https://monenfant.fr/que-recherchez-vous?structure=ALSH&location=Aix-en-Provence,%20Bouches-du-Rh%C3%B4ne,%20Provence-Alpes-C%C3%B4te%20d%27Azur,%20FRA&x=5.447381703606&y=43.529801070774&radius=30000"
212ed7bb-4bdc-41f5-84fe-228027c64fa9,40010843,ALSH,,PSC MERC  COMMUNE VITROLLES - 'LES PINCHINADES',http://www.vitrolles13.fr,0442797749,,dir.periscolaire.loisirs@ville-vitrolles13.fr, Place de l'amitié 13127 VITROLLES,VITROLLES,17420,,,false,,AIX EN PROVENCE LOISIR,"https://monenfant.fr/que-recherchez-vous?structure=ALSH&location=Aix-en-Provence,%20Bouches-du-Rh%C3%B4ne,%20Provence-Alpes-C%C3%B4te%20d%27Azur,%20FRA&x=5.447381703606&y=43.529801070774&radius=30000"
bee5e316-8b7d-496c-b169-778e62ad1007,21607885,ALSH,,PSC COMMUNE SEPTEMES LES VALLONS - JULES FERRY',,0491963115,,, Place Gabriel Péri 13240 SEPTEMES LES VALLONS,SEPTEMES LES VALLONS,17443,,,false,,AIX EN PROVENCE LOISIR,"https://monenfant.fr/que-recherchez-vous?structure=ALSH&location=Aix-en-Provence,%20Bouches-du-Rh%C3%B4ne,%20Provence-Alpes-C%C3%B4te%20d%27Azur,%20FRA&x=5.447381703606&y=43.529801070774&radius=30000"
5f41b39f-a6fb-44f6-a77f-a1e51930186e,40966222,ALSH,,ESC AFR ROGNES - PARC DES GARRIGUES,http://www.famillesruralesrognes.fr,0442503224,,secretariat@famillesruralesrognes.fr, Route de lambesc 13840 ROGNES,ROGNES,17466,,,false,,AIX EN PROVENCE LOISIR,"https://monenfant.fr/que-recherchez-vous?structure=ALSH&location=Aix-en-Provence,%20Bouches-du-Rh%C3%B4ne,%20Provence-Alpes-C%C3%B4te%20d%27Azur,%20FRA&x=5.447381703606&y=43.529801070774&radius=30000"
0e8efb4e-daf9-4fb1-9b3c-b6af98ada4f6,40904120,ALSH,,13-ESC -FAIL-13015 - ECOLE LES BOURRELY,http://www.laligue13.fr,0486112700,,karim.rahali@laligue13.fr,34 Avenue VALLON D'OL 13015 MARSEILLE,MARSEILLE,17476,,,false,,AIX EN PROVENCE LOISIR,"https://monenfant.fr/que-recherchez-vous?structure=ALSH&location=Aix-en-Provence,%20Bouches-du-Rh%C3%B4ne,%20Provence-Alpes-C%C3%B4te%20d%27Azur,%20FRA&x=5.447381703606&y=43.529801070774&radius=30000"
ac7b58db-edb6-45e1-a717-f5422b83ae7c,40904163,ALSH,,13-MERC -FAIL-13015 - ECOLE LES BOURRELY,http://www.laligue13.fr,0486112700,,karim.rahali@laligue13.fr,34 Avenue VALLON D'OL 13015 MARSEILLE,MARSEILLE,17476,,,false,,AIX EN PROVENCE LOISIR,"https://monenfant.fr/que-recherchez-vous?structure=ALSH&location=Aix-en-Provence,%20Bouches-du-Rh%C3%B4ne,%20Provence-Alpes-C%C3%B4te%20d%27Azur,%20FRA&x=5.447381703606&y=43.529801070774&radius=30000"
454eda99-f3aa-4c03-80b9-ea99bd53c02c,22212313,ALSH,,ESC COMMUNE DE ROGNAC  LA PLANTADE,http://www.ville-rognac.fr,0442452380,,, Montée du belvédère 13340 ROGNAC,ROGNAC,17524,,,false,,AIX EN PROVENCE LOISIR,"https://monenfant.fr/que-recherchez-vous?structure=ALSH&location=Aix-en-Provence,%20Bouches-du-Rh%C3%B4ne,%20Provence-Alpes-C%C3%B4te%20d%27Azur,%20FRA&x=5.447381703606&y=43.529801070774&radius=30000"
c3b1f147-7d47-4f0b-a404-e7b5aaa41c48,39999398,ALSH,,MERC  COMMUNE DE ROGNAC - ALSH   LA PLANTADE,http://www.ville-rognac.fr,0442452380,,, Montée du belvédère 13340 ROGNAC,ROGNAC,17524,,,false,,AIX EN PROVENCE LOISIR,"https://monenfant.fr/que-recherchez-vous?structure=ALSH&location=Aix-en-Provence,%20Bouches-du-Rh%C3%B4ne,%20Provence-Alpes-C%C3%B4te%20d%27Azur,%20FRA&x=5.447381703606&y=43.529801070774&radius=30000"
d5227514-22fd-4d7e-8d86-2321a81e5680,27875318,ALSH,,ESC ALEES SEPTEMES LES VALLONS  - BASTIDE VAL FRAIS',,0610833669,,alees13240@outlook.com,47 Chemin de la bedoule 13240 SEPTEMES LES VALLONS,SEPTEMES LES VALLONS,17564,,,false,,AIX EN PROVENCE LOISIR,"https://monenfant.fr/que-recherchez-vous?structure=ALSH&location=Aix-en-Provence,%20Bouches-du-Rh%C3%B4ne,%20Provence-Alpes-C%C3%B4te%20d%27Azur,%20FRA&x=5.447381703606&y=43.529801070774&radius=30000"
831b397d-9c16-4814-9603-a3226afb432d,39919393,ALSH,,MERC ALEES SEPTEMES LES VALLONS  - BASTIDE VAL FRAIS',,0610833669,,alees13240@outlook.com,47 Chemin de la bedoule 13240 SEPTEMES LES VALLONS,SEPTEMES LES VALLONS,17564,,,false,,AIX EN PROVENCE LOISIR,"https://monenfant.fr/que-recherchez-vous?structure=ALSH&location=Aix-en-Provence,%20Bouches-du-Rh%C3%B4ne,%20Provence-Alpes-C%C3%B4te%20d%27Azur,%20FRA&x=5.447381703606&y=43.529801070774&radius=30000"
3aecd00d-188f-4c5d-aba1-a166d0c97a6f,22350422,ALSH,,PSC MERC COMMUNE VITROLLES -  LA CONQUES,http://www.vitrolles13.fr,0442797749,,dir.periscolaire.loisirs@ville-vitrolles13.fr, Allée Claris de florian 13127 VITROLLES,VITROLLES,17647,,,false,,AIX EN PROVENCE LOISIR,"https://monenfant.fr/que-recherchez-vous?structure=ALSH&location=Aix-en-Provence,%20Bouches-du-Rh%C3%B4ne,%20Provence-Alpes-C%C3%B4te%20d%27Azur,%20FRA&x=5.447381703606&y=43.529801070774&radius=30000"
0e00bc7a-7ab0-4f6e-bad3-296b2aa0ed8d,21617001,ALSH,,PSC COMMUNE SEPTEMES LES VALLONS - LANGEVIN WALLON,,0491963115,,,49 Chemin de la Bédoule 13240 SEPTEMES LES VALLONS,SEPTEMES LES VALLONS,17667,,,false,,AIX EN PROVENCE LOISIR,"https://monenfant.fr/que-recherchez-vous?structure=ALSH&location=Aix-en-Provence,%20Bouches-du-Rh%C3%B4ne,%20Provence-Alpes-C%C3%B4te%20d%27Azur,%20FRA&x=5.447381703606&y=43.529801070774&radius=30000"
d654bcab-6f3a-4fe1-bdba-0c329481ce64,41213203,ALSH,,ESC-EEUDF-13015 - GROUPE  LOCAL MARSEILLE CHAINE DE L'ETOILE,https://eeudf.org,0142705220,,sn@eeudf.org,68 Chemin DES BAUMILLONS 13015 MARSEILLE,MARSEILLE,17676,,,false,,AIX EN PROVENCE LOISIR,"https://monenfant.fr/que-recherchez-vous?structure=ALSH&location=Aix-en-Provence,%20Bouches-du-Rh%C3%B4ne,%20Provence-Alpes-C%C3%B4te%20d%27Azur,%20FRA&x=5.447381703606&y=43.529801070774&radius=30000"
b04ed2fa-e330-4df6-86de-389d4c0d7fab,22350122,ALSH,,PSC MERC COMMUNE VITROLLES - VICTOR MARTIN,http://www.vitrolles13.fr,0442797749,,dir.periscolaire.loisirs@ville-vitrolles13.fr,16 Rue Jean Jaurès 13127 VITROLLES,VITROLLES,17961,,,false,,AIX EN PROVENCE LOISIR,"https://monenfant.fr/que-recherchez-vous?structure=ALSH&location=Aix-en-Provence,%20Bouches-du-Rh%C3%B4ne,%20Provence-Alpes-C%C3%B4te%20d%27Azur,%20FRA&x=5.447381703606&y=43.529801070774&radius=30000"
1123ff2a-0efa-4311-8e70-8194057ce7b0,22350280,ALSH,,PSC MERC COMMUNE VITROLLES  - LAPIERRE',http://www.vitrolles13.fr,0442797749,,dir.periscolaire.loisirs@ville-vitrolles13.fr,1 Allée des Moissons 13127 VITROLLES,VITROLLES,17990,,,false,,AIX EN PROVENCE LOISIR,"https://monenfant.fr/que-recherchez-vous?structure=ALSH&location=Aix-en-Provence,%20Bouches-du-Rh%C3%B4ne,%20Provence-Alpes-C%C3%B4te%20d%27Azur,%20FRA&x=5.447381703606&y=43.529801070774&radius=30000"
4e57e82e-1cf8-4eac-a93e-2d1a0387abe4,10973167,ALSH,,13-ADO-IFAC-PEYNIER,,0442531144,,animation-peynier@ifac.asso.fr,15 Avenue Saint Eloi 13790 PEYNIER,PEYNIER,18091,,,false,,AIX EN PROVENCE LOISIR,"https://monenfant.fr/que-recherchez-vous?structure=ALSH&location=Aix-en-Provence,%20Bouches-du-Rh%C3%B4ne,%20Provence-Alpes-C%C3%B4te%20d%27Azur,%20FRA&x=5.447381703606&y=43.529801070774&radius=30000"
9c106fa1-d6f8-4ad1-b428-8598846f4749,39758527,ALSH,,13-ESC -IFAC-PEYNIER,,0442531144,,animation-peynier@ifac.asso.fr,15 Avenue Saint Eloi 13790 PEYNIER,PEYNIER,18091,,,false,,AIX EN PROVENCE LOISIR,"https://monenfant.fr/que-recherchez-vous?structure=ALSH&location=Aix-en-Provence,%20Bouches-du-Rh%C3%B4ne,%20Provence-Alpes-C%C3%B4te%20d%27Azur,%20FRA&x=5.447381703606&y=43.529801070774&radius=30000"
01ceed45-acf8-4b03-a5ea-4e4ccae473bf,39758581,ALSH,,13-PSC MERC  -IFAC-PEYNIER,,0442531144,,animation-peynier@ifac.asso.fr,15 Avenue Saint Eloi 13790 PEYNIER,PEYNIER,18091,,,false,,AIX EN PROVENCE LOISIR,"https://monenfant.fr/que-recherchez-vous?structure=ALSH&location=Aix-en-Provence,%20Bouches-du-Rh%C3%B4ne,%20Provence-Alpes-C%C3%B4te%20d%27Azur,%20FRA&x=5.447381703606&y=43.529801070774&radius=30000"
cca7ec81-a32c-463d-8c83-cba6f5d80da5,22250042,ALSH,,PSC MERC COMMUNE VITROLLES - PRAIRIAL',http://www.vitrolles13.fr,0442797749,,dir.periscolaire.loisirs@ville-vitrolles13.fr, Quartier Les Hermés 13127 VITROLLES,VITROLLES,18110,,,false,,AIX EN PROVENCE LOISIR,"https://monenfant.fr/que-recherchez-vous?structure=ALSH&location=Aix-en-Provence,%20Bouches-du-Rh%C3%B4ne,%20Provence-Alpes-C%C3%B4te%20d%27Azur,%20FRA&x=5.447381703606&y=43.529801070774&radius=30000"
9968a84c-80f2-4cd7-9ddd-fe09b59aa3fa,22212168,ALSH,,ADO COMMUNE DE ROGNAC,http://www.ville-rognac.fr,0662356066,,, Avenue du 08 Mai 1945 13340 ROGNAC,ROGNAC,18197,,,false,,AIX EN PROVENCE LOISIR,"https://monenfant.fr/que-recherchez-vous?structure=ALSH&location=Aix-en-Provence,%20Bouches-du-Rh%C3%B4ne,%20Provence-Alpes-C%C3%B4te%20d%27Azur,%20FRA&x=5.447381703606&y=43.529801070774&radius=30000"
c06ce4dd-0dab-4f36-bf7f-1c51e96da35e,40000715,ALSH,,MERC  COMMUNE DE ROGNAC - LE MAS,http://www.ville-rognac.fr,0662356066,,, Avenue du 08 Mai 1945 13340 ROGNAC,ROGNAC,18197,,,false,,AIX EN PROVENCE LOISIR,"https://monenfant.fr/que-recherchez-vous?structure=ALSH&location=Aix-en-Provence,%20Bouches-du-Rh%C3%B4ne,%20Provence-Alpes-C%C3%B4te%20d%27Azur,%20FRA&x=5.447381703606&y=43.529801070774&radius=30000"
e0a1ef9c-525e-4c0c-9923-f78a072034dd,40010800,ALSH,,PSC MERC  COMMUNE VITROLLES  -PABLO PICASSO',http://www.vitrolles13.fr,0442797749,,dir.periscolaire.loisirs@ville-vitrolles13.fr,4 Rue DE LA BARGELADE 13127 VITROLLES,VITROLLES,18215,,,false,,AIX EN PROVENCE LOISIR,"https://monenfant.fr/que-recherchez-vous?structure=ALSH&location=Aix-en-Provence,%20Bouches-du-Rh%C3%B4ne,%20Provence-Alpes-C%C3%B4te%20d%27Azur,%20FRA&x=5.447381703606&y=43.529801070774&radius=30000"
da413a66-6828-4709-b289-c38d15247935,22283678,ALSH,,ESC COMMUNE VITROLLES  -PABLO PICASSO',http://www.vitrolles13.fr,0442797749,,dir.periscolaire.loisirs@ville-vitrolles13.fr,2 Rue de Vénus 13127 VITROLLES,VITROLLES,18251,,,false,,AIX EN PROVENCE LOISIR,"https://monenfant.fr/que-recherchez-vous?structure=ALSH&location=Aix-en-Provence,%20Bouches-du-Rh%C3%B4ne,%20Provence-Alpes-C%C3%B4te%20d%27Azur,%20FRA&x=5.447381703606&y=43.529801070774&radius=30000"
b21c2ed1-a296-41cb-b72f-22a19bf0130e,22369942,ALSH,,PSC MERC COMMUNE VITROLLES - AUBRAC,http://www.vitrolles13.fr,0442797749,,dir.periscolaire.loisirs@ville-vitrolles13.fr,23 Avenue J. E. Constant 13127 VITROLLES,VITROLLES,18275,,,false,,AIX EN PROVENCE LOISIR,"https://monenfant.fr/que-recherchez-vous?structure=ALSH&location=Aix-en-Provence,%20Bouches-du-Rh%C3%B4ne,%20Provence-Alpes-C%C3%B4te%20d%27Azur,%20FRA&x=5.447381703606&y=43.529801070774&radius=30000"
02308e28-29da-4792-9ea1-00c9b424fff3,10994581,ALSH,,ALSH MATERNEL ST ROCH,,0490794516,,v.sauvan@mairie-pertuis.fr, Rue St Roch 84120 PERTUIS,PERTUIS,18369,,,false,,AIX EN PROVENCE LOISIR,"https://monenfant.fr/que-recherchez-vous?structure=ALSH&location=Aix-en-Provence,%20Bouches-du-Rh%C3%B4ne,%20Provence-Alpes-C%C3%B4te%20d%27Azur,%20FRA&x=5.447381703606&y=43.529801070774&radius=30000"
aa3bc93a-5132-4444-b255-f178ef764e1f,21430929,ALSH,,AJ MPT VITROLLES - LE ROUCAS,http://www.mptvitrolles.fr,0442898077,,animation@mptvitrolles.fr, Rue JOSEPH ROUMANILLE 13127 VITROLLES,VITROLLES,18379,,,false,,AIX EN PROVENCE LOISIR,"https://monenfant.fr/que-recherchez-vous?structure=ALSH&location=Aix-en-Provence,%20Bouches-du-Rh%C3%B4ne,%20Provence-Alpes-C%C3%B4te%20d%27Azur,%20FRA&x=5.447381703606&y=43.529801070774&radius=30000"
7a02b566-aabf-4ca1-ab73-aa5e0d653648,22350655,ALSH,,ESC COMMUNE VITROLLES  - VALBACOL,http://www.vitrolles13.fr,0442797749,,dir.periscolaire.loisirs@ville-vitrolles13.fr, Route des Collets Rouge - Plateau de Magenta 13127 VITROLLES,VITROLLES,18386,,,false,,AIX EN PROVENCE LOISIR,"https://monenfant.fr/que-recherchez-vous?structure=ALSH&location=Aix-en-Provence,%20Bouches-du-Rh%C3%B4ne,%20Provence-Alpes-C%C3%B4te%20d%27Azur,%20FRA&x=5.447381703606&y=43.529801070774&radius=30000"
bd72cc4c-5c81-4fff-afc7-1a56f8d8dbd7,21432970,ALSH,,ESC LE PETUNIA VITROLLES,http://www.assoaves.fr,0442891320,,salyens@assoaves.fr, Voie HLM les Pins - bt Le Pétunia 13127 VITROLLES,VITROLLES,18386,,,false,,AIX EN PROVENCE LOISIR,"https://monenfant.fr/que-recherchez-vous?structure=ALSH&location=Aix-en-Provence,%20Bouches-du-Rh%C3%B4ne,%20Provence-Alpes-C%C3%B4te%20d%27Azur,%20FRA&x=5.447381703606&y=43.529801070774&radius=30000"
b266db91-235c-47ef-b9c1-bd6bf34f1259,39839049,ALSH,,MERC LE PETUNIA VITROLLES,http://www.assoaves.fr,0442891320,,salyens@assoaves.fr, Voie HLM les Pins - bt Le Pétunia 13127 VITROLLES,VITROLLES,18386,,,false,,AIX EN PROVENCE LOISIR,"https://monenfant.fr/que-recherchez-vous?structure=ALSH&location=Aix-en-Provence,%20Bouches-du-Rh%C3%B4ne,%20Provence-Alpes-C%C3%B4te%20d%27Azur,%20FRA&x=5.447381703606&y=43.529801070774&radius=30000"
cc13a6e4-5f3b-449e-b0b5-8cb97e3dd0a8,40010757,ALSH,,PSC MERC  COMMUNE VITROLLES  - VALBACOL,http://www.vitrolles13.fr,0442797749,,dir.periscolaire.loisirs@ville-vitrolles13.fr, Route des Collets Rouge - Plateau de Magenta 13127 VITROLLES,VITROLLES,18386,,,false,,AIX EN PROVENCE LOISIR,"https://monenfant.fr/que-recherchez-vous?structure=ALSH&location=Aix-en-Provence,%20Bouches-du-Rh%C3%B4ne,%20Provence-Alpes-C%C3%B4te%20d%27Azur,%20FRA&x=5.447381703606&y=43.529801070774&radius=30000"
053a9dc6-fc67-4571-b946-dae43d2047ec,22333081,ALSH,,PSC MERC COMMUNE VITROLLES -  'MARTINE MORIN',http://www.vitrolles13.fr,0442797749,,dir.periscolaire.loisirs@ville-vitrolles13.fr, Avenue Jean Moulin - La plaine 13127 VITROLLES,VITROLLES,18386,,,false,,AIX EN PROVENCE LOISIR,"https://monenfant.fr/que-recherchez-vous?structure=ALSH&location=Aix-en-Provence,%20Bouches-du-Rh%C3%B4ne,%20Provence-Alpes-C%C3%B4te%20d%27Azur,%20FRA&x=5.447381703606&y=43.529801070774&radius=30000"
05b45d6b-9276-4229-b064-10b40630af13,22350068,ALSH,,PSC MERC COMMUNE VITROLLES - 'FREDERIC MISTRAL',http://www.vitrolles13.fr,0442797749,,dir.periscolaire.loisirs@ville-vitrolles13.fr, Rue Mistral - Allée Guilhan 13127 VITROLLES,VITROLLES,18386,,,false,,AIX EN PROVENCE LOISIR,"https://monenfant.fr/que-recherchez-vous?structure=ALSH&location=Aix-en-Provence,%20Bouches-du-Rh%C3%B4ne,%20Provence-Alpes-C%C3%B4te%20d%27Azur,%20FRA&x=5.447381703606&y=43.529801070774&radius=30000"
20093c6f-dac1-45ec-8203-09489b850071,22249935,ALSH,,PSC MERC COMMUNE VITROLLES - J.J. ROUSSEAU',http://www.vitrolles13.fr,0442797749,,dir.periscolaire.loisirs@ville-vitrolles13.fr, Boulevard Paul Guigou - Petite Garrigue 13127 VITROLLES,VITROLLES,18386,,,false,,AIX EN PROVENCE LOISIR,"https://monenfant.fr/que-recherchez-vous?structure=ALSH&location=Aix-en-Provence,%20Bouches-du-Rh%C3%B4ne,%20Provence-Alpes-C%C3%B4te%20d%27Azur,%20FRA&x=5.447381703606&y=43.529801070774&radius=30000"
f4401671-1d4e-4e31-a663-9a48cad5bf3a,22249884,ALSH,,PSC MERC COMMUNE VITROLLES - LES VIGNETTES',http://www.vitrolles13.fr,0442797749,,dir.periscolaire.loisirs@ville-vitrolles13.fr, Place de l'Agneau 13127 VITROLLES,VITROLLES,18386,,,false,,AIX EN PROVENCE LOISIR,"https://monenfant.fr/que-recherchez-vous?structure=ALSH&location=Aix-en-Provence,%20Bouches-du-Rh%C3%B4ne,%20Provence-Alpes-C%C3%B4te%20d%27Azur,%20FRA&x=5.447381703606&y=43.529801070774&radius=30000"
356b49c0-7095-4095-a6df-e295be617034,22350562,ALSH,,ESC COMMUNE VITROLLES  - GAUGUIN,http://www.vitrolles13.fr,0442797749,,dir.periscolaire.loisirs@ville-vitrolles13.fr, Quartier des Plantiers 13127 VITROLLES,VITROLLES,18393,,,false,,AIX EN PROVENCE LOISIR,"https://monenfant.fr/que-recherchez-vous?structure=ALSH&location=Aix-en-Provence,%20Bouches-du-Rh%C3%B4ne,%20Provence-Alpes-C%C3%B4te%20d%27Azur,%20FRA&x=5.447381703606&y=43.529801070774&radius=30000"
47ebbb4d-4111-49a1-9896-cf6ac2551f18,40010952,ALSH,,PSC MERC  COMMUNE VITROLLES  - GAUGUIN,http://www.vitrolles13.fr,0442797749,,dir.periscolaire.loisirs@ville-vitrolles13.fr, Quartier des Plantiers 13127 VITROLLES,VITROLLES,18393,,,false,,AIX EN PROVENCE LOISIR,"https://monenfant.fr/que-recherchez-vous?structure=ALSH&location=Aix-en-Provence,%20Bouches-du-Rh%C3%B4ne,%20Provence-Alpes-C%C3%B4te%20d%27Azur,%20FRA&x=5.447381703606&y=43.529801070774&radius=30000"
fd5550d9-74ba-4060-b918-a26b53eb7717,22350337,ALSH,,PSC MERC COMMUNE VITROLLES  - 'LA FONTAINE',http://www.vitrolles13.fr,0442797749,,dir.periscolaire.loisirs@ville-vitrolles13.fr, Quartier des Plantiers 13127 VITROLLES,VITROLLES,18393,,,false,,AIX EN PROVENCE LOISIR,"https://monenfant.fr/que-recherchez-vous?structure=ALSH&location=Aix-en-Provence,%20Bouches-du-Rh%C3%B4ne,%20Provence-Alpes-C%C3%B4te%20d%27Azur,%20FRA&x=5.447381703606&y=43.529801070774&radius=30000"
87f76a18-3c74-45fd-b0be-0eeccd0ef5b8,39768079,ALSH,,ESC LA FARE LES OLIVIERS - POMME DE PIN,https://www.lafarelesoliviers.com/,0490454642,,portail-famille@lafarelesoliviers.fr,55 Avenue DE LA POMME DE PIN 13580 LA FARE LES OLIVIERS,LA FARE LES OLIVIERS,18399,,,false,,AIX EN PROVENCE LOISIR,"https://monenfant.fr/que-recherchez-vous?structure=ALSH&location=Aix-en-Provence,%20Bouches-du-Rh%C3%B4ne,%20Provence-Alpes-C%C3%B4te%20d%27Azur,%20FRA&x=5.447381703606&y=43.529801070774&radius=30000"
4d0d1213-e79f-42ef-a3d4-27644a64e042,39767832,ALSH,,PSC MERC LA FARE LES OLIVIERS - POMME DE PIN,https://www.lafarelesoliviers.com/,0490454642,,portail-famille@lafarelesoliviers.fr,55 Avenue DE LA POMME DE PIN 13580 LA FARE LES OLIVIERS,LA FARE LES OLIVIERS,18399,,,false,,AIX EN PROVENCE LOISIR,"https://monenfant.fr/que-recherchez-vous?structure=ALSH&location=Aix-en-Provence,%20Bouches-du-Rh%C3%B4ne,%20Provence-Alpes-C%C3%B4te%20d%27Azur,%20FRA&x=5.447381703606&y=43.529801070774&radius=30000"
620e1da7-d2c5-4732-8226-319a62d56577,22350178,ALSH,,PSC MERC COMMUNE VITROLLES - LES PINS,http://www.vitrolles13.fr,0442797749,,dir.periscolaire.loisirs@ville-vitrolles13.fr,5 Allée Des Glycines 13127 VITROLLES,VITROLLES,18410,,,false,,AIX EN PROVENCE LOISIR,"https://monenfant.fr/que-recherchez-vous?structure=ALSH&location=Aix-en-Provence,%20Bouches-du-Rh%C3%B4ne,%20Provence-Alpes-C%C3%B4te%20d%27Azur,%20FRA&x=5.447381703606&y=43.529801070774&radius=30000"
f42087d1-36b7-4af9-9560-ede95ab695c9,22249991,ALSH,,PSC MERC COMMUNE VITROLLES  JULES RAIMU',http://www.vitrolles13.fr,0442797749,,dir.periscolaire.loisirs@ville-vitrolles13.fr, Rue Joseph Béranger 13127 VITROLLES,VITROLLES,18448,,,false,,AIX EN PROVENCE LOISIR,"https://monenfant.fr/que-recherchez-vous?structure=ALSH&location=Aix-en-Provence,%20Bouches-du-Rh%C3%B4ne,%20Provence-Alpes-C%C3%B4te%20d%27Azur,%20FRA&x=5.447381703606&y=43.529801070774&radius=30000"
a7a9e772-64d7-4040-8bbc-288c47c51ce4,21443797,ALSH,,ESC LES P'TITS LOUPS,,0631296744,,clshpuyloubier@club.fr, Avenue de Pourrières 13114 PUYLOUBIER,PUYLOUBIER,18521,,,false,,AIX EN PROVENCE LOISIR,"https://monenfant.fr/que-recherchez-vous?structure=ALSH&location=Aix-en-Provence,%20Bouches-du-Rh%C3%B4ne,%20Provence-Alpes-C%C3%B4te%20d%27Azur,%20FRA&x=5.447381703606&y=43.529801070774&radius=30000"
2e534b2d-6b50-4912-90dd-527f3448de08,39901421,ALSH,,MERCREDI  LES P'TITS LOUPS PUYLOUBIER,,0631296744,,clshpuyloubier@club.fr, Avenue de Pourrières 13114 PUYLOUBIER,PUYLOUBIER,18521,,,false,,AIX EN PROVENCE LOISIR,"https://monenfant.fr/que-recherchez-vous?structure=ALSH&location=Aix-en-Provence,%20Bouches-du-Rh%C3%B4ne,%20Provence-Alpes-C%C3%B4te%20d%27Azur,%20FRA&x=5.447381703606&y=43.529801070774&radius=30000"
9ea84f53-ebb5-4508-8bce-8207c4a729b1,22370148,ALSH,,ADO LE BARTAS AVES VITROLLES -11/17 ANS,http://www.assoaves.fr,0442891320,,salyens.direction@assoaves.fr, Quartier La Petite Garrigue 13127 VITROLLES,VITROLLES,18539,,,false,,AIX EN PROVENCE LOISIR,"https://monenfant.fr/que-recherchez-vous?structure=ALSH&location=Aix-en-Provence,%20Bouches-du-Rh%C3%B4ne,%20Provence-Alpes-C%C3%B4te%20d%27Azur,%20FRA&x=5.447381703606&y=43.529801070774&radius=30000"
94f121b0-ea17-42c5-83aa-ace055e5e0e7,33611951,ALSH,,ESC LA MARTINE 13015,,0966885721,,cslamartine2@wanadoo.fr, Boulevard du Bosphore 13015 MARSEILLE,MARSEILLE,18622,,,false,,AIX EN PROVENCE LOISIR,"https://monenfant.fr/que-recherchez-vous?structure=ALSH&location=Aix-en-Provence,%20Bouches-du-Rh%C3%B4ne,%20Provence-Alpes-C%C3%B4te%20d%27Azur,%20FRA&x=5.447381703606&y=43.529801070774&radius=30000"
d58b56ab-541a-4a4d-a3bb-0b27decffc97,40297737,ALSH,,MERC CS  LA MARTINE 13015,,0966885721,,cslamartine2@wanadoo.fr, Boulevard du Bosphore 13015 MARSEILLE,MARSEILLE,18622,,,false,,AIX EN PROVENCE LOISIR,"https://monenfant.fr/que-recherchez-vous?structure=ALSH&location=Aix-en-Provence,%20Bouches-du-Rh%C3%B4ne,%20Provence-Alpes-C%C3%B4te%20d%27Azur,%20FRA&x=5.447381703606&y=43.529801070774&radius=30000"
42782073-99a8-4129-8753-ae0507d72be3,22212427,ALSH,,ESC COMMUNE DE ROGNAC - LE MASET',http://www.ville-rognac.fr,0442871592,,,21 Avenue des cyprès 13340 ROGNAC,ROGNAC,18639,,,false,,AIX EN PROVENCE LOISIR,"https://monenfant.fr/que-recherchez-vous?structure=ALSH&location=Aix-en-Provence,%20Bouches-du-Rh%C3%B4ne,%20Provence-Alpes-C%C3%B4te%20d%27Azur,%20FRA&x=5.447381703606&y=43.529801070774&radius=30000"
b727f1b2-c231-46b5-aceb-532e82643b36,40000336,ALSH,,MERC COMMUNE DE ROGNAC - LE MASET',http://www.ville-rognac.fr,0442871592,,,21 Avenue des cyprès 13340 ROGNAC,ROGNAC,18639,,,false,,AIX EN PROVENCE LOISIR,"https://monenfant.fr/que-recherchez-vous?structure=ALSH&location=Aix-en-Provence,%20Bouches-du-Rh%C3%B4ne,%20Provence-Alpes-C%C3%B4te%20d%27Azur,%20FRA&x=5.447381703606&y=43.529801070774&radius=30000"
11081d23-c6d4-42d3-9b81-51df913ad782,22250103,ALSH,,PSC MERC COMMUNE VITROLLES - PLAN DE LA COUR',http://www.vitrolles13.fr,0442797749,,dir.periscolaire.loisirs@ville-vitrolles13.fr, Rue René Cassin 13127 VITROLLES,VITROLLES,18697,,,false,,AIX EN PROVENCE LOISIR,"https://monenfant.fr/que-recherchez-vous?structure=ALSH&location=Aix-en-Provence,%20Bouches-du-Rh%C3%B4ne,%20Provence-Alpes-C%C3%B4te%20d%27Azur,%20FRA&x=5.447381703606&y=43.529801070774&radius=30000"
ca52dc6a-8bad-43b8-9df3-b8c5a9970b79,41028729,ALSH,,ESC MAIRIE 8EME SECTEUR 13015  - LE CHALET,,0491607614,,lpilet@marseille.fr,20 Rue VERT CLOS 13015 MARSEILLE,MARSEILLE,18755,,,false,,AIX EN PROVENCE LOISIR,"https://monenfant.fr/que-recherchez-vous?structure=ALSH&location=Aix-en-Provence,%20Bouches-du-Rh%C3%B4ne,%20Provence-Alpes-C%C3%B4te%20d%27Azur,%20FRA&x=5.447381703606&y=43.529801070774&radius=30000"
42070a5b-7b9b-4818-98d9-df878ef3c0cb,41028772,ALSH,,PSC MERC MAIRIE 8EME SECTEUR 13015  - LE CHALET,,0491607614,,lpilet@marseille.fr,20 Rue VERT CLOS 13015 MARSEILLE,MARSEILLE,18755,,,false,,AIX EN PROVENCE LOISIR,"https://monenfant.fr/que-recherchez-vous?structure=ALSH&location=Aix-en-Provence,%20Bouches-du-Rh%C3%B4ne,%20Provence-Alpes-C%C3%B4te%20d%27Azur,%20FRA&x=5.447381703606&y=43.529801070774&radius=30000"
d9856cef-aec0-4121-bf0c-7f5f0d064447,10672295,ALSH,,"ALSH ""MULTISPORTS""",,0490795103,,n.petrot@mairie-pertuis.fr,  Hotel de Ville - Mairie de Pertuis Direction des Sports 84120 PERTUIS,PERTUIS,18858,,,false,,AIX EN PROVENCE LOISIR,"https://monenfant.fr/que-recherchez-vous?structure=ALSH&location=Aix-en-Provence,%20Bouches-du-Rh%C3%B4ne,%20Provence-Alpes-C%C3%B4te%20d%27Azur,%20FRA&x=5.447381703606&y=43.529801070774&radius=30000"
f8687a88-3439-4e28-b4bc-15e91ba4023e,10994538,ALSH,,"ALSH ""PRIMAIRE 6 À 12 ANS""",,0490794516,,jerome.soussi@mairie-pertuis.fr,  Mairie de Pertuis 84120 PERTUIS,PERTUIS,18858,,,false,,AIX EN PROVENCE LOISIR,"https://monenfant.fr/que-recherchez-vous?structure=ALSH&location=Aix-en-Provence,%20Bouches-du-Rh%C3%B4ne,%20Provence-Alpes-C%C3%B4te%20d%27Azur,%20FRA&x=5.447381703606&y=43.529801070774&radius=30000"
e9975778-1e64-4d87-b5a7-9e4baa789ddb,10673413,ALSH,,"ALSH ""SPORT ETÉ""",,0490794516,,jerome.soussi@mairie-pertuis.fr,  Mairie de Pertuis 84120 PERTUIS,PERTUIS,18858,,,false,,AIX EN PROVENCE LOISIR,"https://monenfant.fr/que-recherchez-vous?structure=ALSH&location=Aix-en-Provence,%20Bouches-du-Rh%C3%B4ne,%20Provence-Alpes-C%C3%B4te%20d%27Azur,%20FRA&x=5.447381703606&y=43.529801070774&radius=30000"
76cc3d2f-8dae-44b8-b9ab-7949d97672d3,10994624,ALSH,,ALSH MATERNEL PÉRISCOLAIRE,,0490794516,,a.verhaeghe@mairie-pertuis.fr,  Mairie de Pertuis 84120 PERTUIS,PERTUIS,18858,,,false,,AIX EN PROVENCE LOISIR,"https://monenfant.fr/que-recherchez-vous?structure=ALSH&location=Aix-en-Provence,%20Bouches-du-Rh%C3%B4ne,%20Provence-Alpes-C%C3%B4te%20d%27Azur,%20FRA&x=5.447381703606&y=43.529801070774&radius=30000"
9285a333-6bd1-42d4-845c-972fcde970ae,40297231,ALSH,,13-ADO AJ -CCO-13015 - ALSH  LA SAVINE,http://www.ccocl13.fr,0495064065,,bami@ccocl13.fr,25 Boulevard de la Savine 13015 MARSEILLE,MARSEILLE,19115,,,false,,AIX EN PROVENCE LOISIR,"https://monenfant.fr/que-recherchez-vous?structure=ALSH&location=Aix-en-Provence,%20Bouches-du-Rh%C3%B4ne,%20Provence-Alpes-C%C3%B4te%20d%27Azur,%20FRA&x=5.447381703606&y=43.529801070774&radius=30000"
85b6bb93-c0c2-46d0-88e8-6a4753270548,22894782,ALSH,,13-ESC-CCO-13015 - ALSH ENFANTS LA SAVINE,http://www.ccocl13.fr,0495064065,,bami@ccocl13.fr,25 Boulevard de la Savine 13015 MARSEILLE,MARSEILLE,19115,,,false,,AIX EN PROVENCE LOISIR,"https://monenfant.fr/que-recherchez-vous?structure=ALSH&location=Aix-en-Provence,%20Bouches-du-Rh%C3%B4ne,%20Provence-Alpes-C%C3%B4te%20d%27Azur,%20FRA&x=5.447381703606&y=43.529801070774&radius=30000"
50095de1-beb3-4aa0-8c7a-9fd67087544d,40297188,ALSH,,13-MERC-CCO-13015 - ALSH ENFANTS LA SAVINE,http://www.ccocl13.fr,0495064065,,bami@ccocl13.fr,25 Boulevard de la Savine 13015 MARSEILLE,MARSEILLE,19115,,,false,,AIX EN PROVENCE LOISIR,"https://monenfant.fr/que-recherchez-vous?structure=ALSH&location=Aix-en-Provence,%20Bouches-du-Rh%C3%B4ne,%20Provence-Alpes-C%C3%B4te%20d%27Azur,%20FRA&x=5.447381703606&y=43.529801070774&radius=30000"
05ae5ad2-975a-4e33-b798-bd27fe000584,40854642,ALSH,,PSC SOIR-FAIL-13013- MATERNELLE ET ELEMENTAIRE LA PARADE,http://www.laligue13.fr,0613416202,,referent7@laligue13.fr,79 Chemin DE PALAMA 13013 MARSEILLE,MARSEILLE,19157,,,false,,AIX EN PROVENCE LOISIR,"https://monenfant.fr/que-recherchez-vous?structure=ALSH&location=Aix-en-Provence,%20Bouches-du-Rh%C3%B4ne,%20Provence-Alpes-C%C3%B4te%20d%27Azur,%20FRA&x=5.447381703606&y=43.529801070774&radius=30000"
73e34d7f-6ddd-483e-b55e-8e8d253a1132,21596688,ALSH,,13-ADO-LEC GS-JOUQUES - CENTRE ANIMATION JEUNES,http://lecgs.org,0699357391,,jeunesse-jouques@lecgs.org,3 Boulevard de la République 13490 JOUQUES,JOUQUES,19285,,,false,,AIX EN PROVENCE LOISIR,"https://monenfant.fr/que-recherchez-vous?structure=ALSH&location=Aix-en-Provence,%20Bouches-du-Rh%C3%B4ne,%20Provence-Alpes-C%C3%B4te%20d%27Azur,%20FRA&x=5.447381703606&y=43.529801070774&radius=30000"
0d4dc59f-4db9-4feb-b0fc-bf860b2d31ca,10998150,ALSH,,ESC BEDELIN PEYPIN -  CENTRE DE LOISIRS,,0442324041,,clsh.peypin@wanadoo.fr, Quartier Bedelin - Auberge Neuve 13124 PEYPIN,PEYPIN,19300,,,false,,AIX EN PROVENCE LOISIR,"https://monenfant.fr/que-recherchez-vous?structure=ALSH&location=Aix-en-Provence,%20Bouches-du-Rh%C3%B4ne,%20Provence-Alpes-C%C3%B4te%20d%27Azur,%20FRA&x=5.447381703606&y=43.529801070774&radius=30000"
4ac23cd5-f467-448d-9075-73a29ab15c34,39770668,ALSH,,PSC BEDELIN PEYPIN - CENTRE DE LOISIRS,,0442324041,,clsh.peypin@wanadoo.fr, Quartier Bedelin - Auberge Neuve 13124 PEYPIN,PEYPIN,19300,,,false,,AIX EN PROVENCE LOISIR,"https://monenfant.fr/que-recherchez-vous?structure=ALSH&location=Aix-en-Provence,%20Bouches-du-Rh%C3%B4ne,%20Provence-Alpes-C%C3%B4te%20d%27Azur,%20FRA&x=5.447381703606&y=43.529801070774&radius=30000"
9ba0aac2-1b1a-43c2-ba2e-f7178feaf7c9,40297430,ALSH,,13-ESC-IFAC PCE-13015  - CS GRAND SAINT-ANTOINE /MPT PLAN D'AOU- THOLLON,http://www.ccocl13.fr,0491515593,,accueil.saint-antoine@ccocl13.fr,12 Boulevard Commandant Thollon 13015 MARSEILLE,MARSEILLE,19304,,,false,,AIX EN PROVENCE LOISIR,"https://monenfant.fr/que-recherchez-vous?structure=ALSH&location=Aix-en-Provence,%20Bouches-du-Rh%C3%B4ne,%20Provence-Alpes-C%C3%B4te%20d%27Azur,%20FRA&x=5.447381703606&y=43.529801070774&radius=30000"
799a9101-14d1-4494-87fe-047c6c25edcc,40297520,ALSH,,13-PSC-IFAC PCE-13015  - CS GRAND SAINT-ANTOINE /MPT PLAN D'AOU- THOLLON,http://www.ccocl13.fr,0491515593,,accueil.saint-antoine@ccocl13.fr,12 Boulevard Commandant Thollon 13015 MARSEILLE,MARSEILLE,19304,,,false,,AIX EN PROVENCE LOISIR,"https://monenfant.fr/que-recherchez-vous?structure=ALSH&location=Aix-en-Provence,%20Bouches-du-Rh%C3%B4ne,%20Provence-Alpes-C%C3%B4te%20d%27Azur,%20FRA&x=5.447381703606&y=43.529801070774&radius=30000"
1727d6e2-14b8-4f58-8079-1c816322e600,10999483,ALSH,,ESC LA GARDERIE JOUQUES,,0442676695,,lesptitslou13490@hotmail.fr,3 Avenue de la gare 13490 JOUQUES,JOUQUES,19336,,,false,,AIX EN PROVENCE LOISIR,"https://monenfant.fr/que-recherchez-vous?structure=ALSH&location=Aix-en-Provence,%20Bouches-du-Rh%C3%B4ne,%20Provence-Alpes-C%C3%B4te%20d%27Azur,%20FRA&x=5.447381703606&y=43.529801070774&radius=30000"
f87a5fe5-6ac3-4653-9bce-3417f8bcaabe,39772226,ALSH,,PSC LA GARDERIE JOUQUES,,0442676695,,lesptitslou13490@hotmail.fr,3 Avenue de la gare 13490 JOUQUES,JOUQUES,19336,,,false,,AIX EN PROVENCE LOISIR,"https://monenfant.fr/que-recherchez-vous?structure=ALSH&location=Aix-en-Provence,%20Bouches-du-Rh%C3%B4ne,%20Provence-Alpes-C%C3%B4te%20d%27Azur,%20FRA&x=5.447381703606&y=43.529801070774&radius=30000"
2c7ff8cd-6cb0-49f1-a315-14ff6641c7ed,22895540,ALSH,,13-ADO-IFAC PCE-13015  - GRAND SAINT-ANTOINE,http://www.ccocl13.fr,0491515593,,accueil.saint-antoine@ccocl13.fr, Boulevard Commandant Thollon 13015 MARSEILLE,MARSEILLE,19365,,,false,,AIX EN PROVENCE LOISIR,"https://monenfant.fr/que-recherchez-vous?structure=ALSH&location=Aix-en-Provence,%20Bouches-du-Rh%C3%B4ne,%20Provence-Alpes-C%C3%B4te%20d%27Azur,%20FRA&x=5.447381703606&y=43.529801070774&radius=30000"
80375056-2f47-4dc2-9ba2-8f0e9a5a5460,39996207,ALSH,,ADO PATRONAGE ALLAUCH,,0621675304,,patronageallauch@gmail.com,495 Avenue Leï Rima 13190 ALLAUCH,ALLAUCH,19417,,,false,,AIX EN PROVENCE LOISIR,"https://monenfant.fr/que-recherchez-vous?structure=ALSH&location=Aix-en-Provence,%20Bouches-du-Rh%C3%B4ne,%20Provence-Alpes-C%C3%B4te%20d%27Azur,%20FRA&x=5.447381703606&y=43.529801070774&radius=30000"
94b1b1b3-19b4-41fc-9d7c-638beded7af0,21438298,ALSH,,ESC PATRONAGE ALLAUCH,,0621675304,,patronageallauch@gmail.com,495 Avenue Leï Rima 13190 ALLAUCH,ALLAUCH,19417,,,false,,AIX EN PROVENCE LOISIR,"https://monenfant.fr/que-recherchez-vous?structure=ALSH&location=Aix-en-Provence,%20Bouches-du-Rh%C3%B4ne,%20Provence-Alpes-C%C3%B4te%20d%27Azur,%20FRA&x=5.447381703606&y=43.529801070774&radius=30000"
170a0e79-f739-4866-a0bb-bb47f0ab2299,39996164,ALSH,,PSC MERC PATRONAGE ALLAUCH,,0621675304,,patronageallauch@gmail.com,495 Avenue Leï Rima 13190 ALLAUCH,ALLAUCH,19417,,,false,,AIX EN PROVENCE LOISIR,"https://monenfant.fr/que-recherchez-vous?structure=ALSH&location=Aix-en-Provence,%20Bouches-du-Rh%C3%B4ne,%20Provence-Alpes-C%C3%B4te%20d%27Azur,%20FRA&x=5.447381703606&y=43.529801070774&radius=30000"
dbb70a43-8f44-4183-92d3-90d948af479f,21762165,ALSH,,'ESC MAIRIE 8EME SECTEUR 13015  - VERDURON BAS',,0491517134,,nlecomte@marseille.fr,11 Allée des Vignes 13015 MARSEILLE,MARSEILLE,19466,,,false,,AIX EN PROVENCE LOISIR,"https://monenfant.fr/que-recherchez-vous?structure=ALSH&location=Aix-en-Provence,%20Bouches-du-Rh%C3%B4ne,%20Provence-Alpes-C%C3%B4te%20d%27Azur,%20FRA&x=5.447381703606&y=43.529801070774&radius=30000"
f479e620-1948-45b4-9019-b65461cb92a1,41028838,ALSH,,PSC MERC  MAIRIE 8EME SECTEUR 13015  - VERDURON BAS',,0491517134,,nlecomte@marseille.fr,11 Allée des Vignes 13015 MARSEILLE,MARSEILLE,19466,,,false,,AIX EN PROVENCE LOISIR,"https://monenfant.fr/que-recherchez-vous?structure=ALSH&location=Aix-en-Provence,%20Bouches-du-Rh%C3%B4ne,%20Provence-Alpes-C%C3%B4te%20d%27Azur,%20FRA&x=5.447381703606&y=43.529801070774&radius=30000"
a1bab85e-507d-4045-8a20-16c8b4512b7b,40854570,ALSH,,PSC SOIR-FAIL-13013-  MATERNELLE ET ELEMENTAIRE LA BATARELLE,http://www.laligue13.fr,0613411260,,referent8@laligue13.fr,38 Rue DE LISSANDRE 13013 MARSEILLE,MARSEILLE,19542,,,false,,AIX EN PROVENCE LOISIR,"https://monenfant.fr/que-recherchez-vous?structure=ALSH&location=Aix-en-Provence,%20Bouches-du-Rh%C3%B4ne,%20Provence-Alpes-C%C3%B4te%20d%27Azur,%20FRA&x=5.447381703606&y=43.529801070774&radius=30000"
1e2155d6-dbbc-46a3-bba4-3fc71b79817f,40854987,ALSH,,PSC SOIR-FAIL-13013- ELEMENTAIRE ST MITRE,http://www.laligue13.fr,0613411260,,referent8@laligue13.fr,38 Rue DE LISSANDRE 13013 MARSEILLE,MARSEILLE,19542,,,false,,AIX EN PROVENCE LOISIR,"https://monenfant.fr/que-recherchez-vous?structure=ALSH&location=Aix-en-Provence,%20Bouches-du-Rh%C3%B4ne,%20Provence-Alpes-C%C3%B4te%20d%27Azur,%20FRA&x=5.447381703606&y=43.529801070774&radius=30000"
d460f1da-b5af-4def-b1af-698f5d59be32,22889349,ALSH,,13-ADO AJ-CCO-13015 - ALSH LA BRICARDE,http://www.ccocl13.fr,0491513176,,belaid.aroun@ccocl13.fr,159 Boulevard Henri Barnier 13015 MARSEILLE,MARSEILLE,19576,,,false,,AIX EN PROVENCE LOISIR,"https://monenfant.fr/que-recherchez-vous?structure=ALSH&location=Aix-en-Provence,%20Bouches-du-Rh%C3%B4ne,%20Provence-Alpes-C%C3%B4te%20d%27Azur,%20FRA&x=5.447381703606&y=43.529801070774&radius=30000"
0a9c0170-4fda-42aa-aeef-813e381888c1,40297274,ALSH,,13-ESC-CCO-13015 - ALSH ENFANTS LA BRICARDE,http://www.ccocl13.fr,0491513176,,belaid.aroun@ccocl13.fr,159 Boulevard Henri Barnier 13015 MARSEILLE,MARSEILLE,19576,,,false,,AIX EN PROVENCE LOISIR,"https://monenfant.fr/que-recherchez-vous?structure=ALSH&location=Aix-en-Provence,%20Bouches-du-Rh%C3%B4ne,%20Provence-Alpes-C%C3%B4te%20d%27Azur,%20FRA&x=5.447381703606&y=43.529801070774&radius=30000"
30e44c9b-2f99-4a3c-bdf2-22e99c2c5682,40297324,ALSH,,13-MERC-CCO-13015 - ALSH ENFANTS LA BRICARDE,http://www.ccocl13.fr,0491513176,,belaid.aroun@ccocl13.fr,159 Boulevard Henri Barnier 13015 MARSEILLE,MARSEILLE,19576,,,false,,AIX EN PROVENCE LOISIR,"https://monenfant.fr/que-recherchez-vous?structure=ALSH&location=Aix-en-Provence,%20Bouches-du-Rh%C3%B4ne,%20Provence-Alpes-C%C3%B4te%20d%27Azur,%20FRA&x=5.447381703606&y=43.529801070774&radius=30000"
2d5748aa-7e2d-4ab5-86f8-7d1bf6ea6099,21603386,ALSH,,13-ESC-LEC GS-JOUQUES -ACCUEIL DE LOISIRS,http://lecgs.org,0665150581,,enfance-jouques@lecgs.org, Impasse du Petit Colombier 13490 JOUQUES,JOUQUES,19660,,,false,,AIX EN PROVENCE LOISIR,"https://monenfant.fr/que-recherchez-vous?structure=ALSH&location=Aix-en-Provence,%20Bouches-du-Rh%C3%B4ne,%20Provence-Alpes-C%C3%B4te%20d%27Azur,%20FRA&x=5.447381703606&y=43.529801070774&radius=30000"
4d849bb8-f8aa-4526-87e8-9dd699474e4e,39645470,ALSH,,13-PSC MERC -LEC GS-JOUQUES - ACCUEIL DE LOISIRS,http://lecgs.org,0665150581,,enfance-jouques@lecgs.org, Impasse du Petit Colombier 13490 JOUQUES,JOUQUES,19660,,,false,,AIX EN PROVENCE LOISIR,"https://monenfant.fr/que-recherchez-vous?structure=ALSH&location=Aix-en-Provence,%20Bouches-du-Rh%C3%B4ne,%20Provence-Alpes-C%C3%B4te%20d%27Azur,%20FRA&x=5.447381703606&y=43.529801070774&radius=30000"
36de5653-2fb5-4a7c-b746-5e2c78a55767,10790718,ALSH,,ESC MAIRIE 7EME SECTEUR 13013 - CHATEAU GOMBERT,,0491685231,,,17 Avenue Paul Dalbret 13013 MARSEILLE,MARSEILLE,19802,,,false,,AIX EN PROVENCE LOISIR,"https://monenfant.fr/que-recherchez-vous?structure=ALSH&location=Aix-en-Provence,%20Bouches-du-Rh%C3%B4ne,%20Provence-Alpes-C%C3%B4te%20d%27Azur,%20FRA&x=5.447381703606&y=43.529801070774&radius=30000"
da858dcb-442a-4905-a75e-2d6ea1bda4e3,27878001,ALSH,,ESC COMMUNE DE LAMBESC - ECOLE PRIM JACQUES PREVERT,http://www.ifac.asso.fr/lambesc,0761777440,,contact.lambesc@utse.ifac.asso.fr,2 Impasse Prévert 13410 LAMBESC,LAMBESC,19906,,,false,,AIX EN PROVENCE LOISIR,"https://monenfant.fr/que-recherchez-vous?structure=ALSH&location=Aix-en-Provence,%20Bouches-du-Rh%C3%B4ne,%20Provence-Alpes-C%C3%B4te%20d%27Azur,%20FRA&x=5.447381703606&y=43.529801070774&radius=30000"
f506a696-2253-4b2c-836d-52ae10f63fba,40316460,ALSH,,PSC MERC COMMUNE DE LAMBESC - ECOLE PRIM JACQUES PREVERT,http://www.ifac.asso.fr/lambesc,0761777440,,contact.lambesc@utse.ifac.asso.fr,2 Impasse Prévert 13410 LAMBESC,LAMBESC,19906,,,false,,AIX EN PROVENCE LOISIR,"https://monenfant.fr/que-recherchez-vous?structure=ALSH&location=Aix-en-Provence,%20Bouches-du-Rh%C3%B4ne,%20Provence-Alpes-C%C3%B4te%20d%27Azur,%20FRA&x=5.447381703606&y=43.529801070774&radius=30000"
2790d8d2-d24e-4117-a06f-b428b7420ce9,10772142,ALSH,,ESC MAIRIE 7EME SECTEUR 13013 -  LA BATARELLE,,0491632084,,,1 Chemin des Grives 13013 MARSEILLE,MARSEILLE,19932,,,false,,AIX EN PROVENCE LOISIR,"https://monenfant.fr/que-recherchez-vous?structure=ALSH&location=Aix-en-Provence,%20Bouches-du-Rh%C3%B4ne,%20Provence-Alpes-C%C3%B4te%20d%27Azur,%20FRA&x=5.447381703606&y=43.529801070774&radius=30000"
8eb98f8c-ba40-42d4-831a-6f99ed60fd68,39477441,ALSH,,MERCREDI  MAIRIE 7EME SECTEUR 13013 -  LA BATARELLE,,0491632084,,,1 Chemin des Grives 13013 MARSEILLE,MARSEILLE,19932,,,false,,AIX EN PROVENCE LOISIR,"https://monenfant.fr/que-recherchez-vous?structure=ALSH&location=Aix-en-Provence,%20Bouches-du-Rh%C3%B4ne,%20Provence-Alpes-C%C3%B4te%20d%27Azur,%20FRA&x=5.447381703606&y=43.529801070774&radius=30000"
ba571bec-149b-4dfd-a40a-b3a2297da823,40854172,ALSH,,PSC SOIR-FAIL-13013- MATERNELLE ET ELEMENTAIRE CHATEAU GOMBERT,http://www.laligue13.fr,0612785614,,referent29@laligue13.fr,38 Boulevard DURBEC 13013 MARSEILLE,MARSEILLE,19966,,,false,,AIX EN PROVENCE LOISIR,"https://monenfant.fr/que-recherchez-vous?structure=ALSH&location=Aix-en-Provence,%20Bouches-du-Rh%C3%B4ne,%20Provence-Alpes-C%C3%B4te%20d%27Azur,%20FRA&x=5.447381703606&y=43.529801070774&radius=30000"
c5bc0b8d-bf88-4a9c-906b-6e425645411c,27877940,ALSH,,ESC COMMUNE DE LAMBESC - MATER LES EUREUILS,http://www.ifac.asso.fr/lambesc,0761777418,,contact.lambesc@utse.ifac.asso.fr, Allée Jean Aicard 13410 LAMBESC,LAMBESC,20010,,,false,,AIX EN PROVENCE LOISIR,"https://monenfant.fr/que-recherchez-vous?structure=ALSH&location=Aix-en-Provence,%20Bouches-du-Rh%C3%B4ne,%20Provence-Alpes-C%C3%B4te%20d%27Azur,%20FRA&x=5.447381703606&y=43.529801070774&radius=30000"
9b675874-8853-4550-8447-9a36c9a277a7,40316417,ALSH,,PSC MERC  COMMUNE DE LAMBESC - MATER LES EUREUILS,http://www.ifac.asso.fr/lambesc,0761777418,,contact.lambesc@utse.ifac.asso.fr, Allée Jean Aicard 13410 LAMBESC,LAMBESC,20010,,,false,,AIX EN PROVENCE LOISIR,"https://monenfant.fr/que-recherchez-vous?structure=ALSH&location=Aix-en-Provence,%20Bouches-du-Rh%C3%B4ne,%20Provence-Alpes-C%C3%B4te%20d%27Azur,%20FRA&x=5.447381703606&y=43.529801070774&radius=30000"
8b6fc317-da1f-4055-9bd5-82edef569381,21328195,ALSH,,ESC COMMUNE ALLAUCH  - ACCUEIL DE LOISIRS D'ALLAUCH,,0486674664,,, Chemin DES GONAGUES 13190 ALLAUCH,ALLAUCH,20057,,,false,,AIX EN PROVENCE LOISIR,"https://monenfant.fr/que-recherchez-vous?structure=ALSH&location=Aix-en-Provence,%20Bouches-du-Rh%C3%B4ne,%20Provence-Alpes-C%C3%B4te%20d%27Azur,%20FRA&x=5.447381703606&y=43.529801070774&radius=30000"
4571e7fb-623e-415d-a2f7-ad534f3967df,39800423,ALSH,,MERC COMMUNE ALLAUCH  -,,0486674664,,, Chemin DES GONAGUES 13190 ALLAUCH,ALLAUCH,20057,,,false,,AIX EN PROVENCE LOISIR,"https://monenfant.fr/que-recherchez-vous?structure=ALSH&location=Aix-en-Provence,%20Bouches-du-Rh%C3%B4ne,%20Provence-Alpes-C%C3%B4te%20d%27Azur,%20FRA&x=5.447381703606&y=43.529801070774&radius=30000"
e57a43d6-186e-4f02-8405-76fe19d61572,10673757,ALSH,,"ALSH ""CENTRE COMMUNAL DE LOISIRS DE VILLELAURE""",,0490098383,,villelaure@fr.oleane.com,BP1 Place Général de Gaulle - BP1 84530 VILLELAURE,VILLELAURE,20070,,,false,,AIX EN PROVENCE LOISIR,"https://monenfant.fr/que-recherchez-vous?structure=ALSH&location=Aix-en-Provence,%20Bouches-du-Rh%C3%B4ne,%20Provence-Alpes-C%C3%B4te%20d%27Azur,%20FRA&x=5.447381703606&y=43.529801070774&radius=30000"
465bd350-4d03-4816-80fd-f9962a5ab52e,40855081,ALSH,,PSC SOIR-FAIL-13013- MATERNELLE LES PRAIRIES,http://www.laligue13.fr,0613411260,,referent8@laligue13.fr,40 Chemin RURAL DE ST MITRE E FOUR DE BUZE 13013 MARSEILLE,MARSEILLE,20489,,,false,,AIX EN PROVENCE LOISIR,"https://monenfant.fr/que-recherchez-vous?structure=ALSH&location=Aix-en-Provence,%20Bouches-du-Rh%C3%B4ne,%20Provence-Alpes-C%C3%B4te%20d%27Azur,%20FRA&x=5.447381703606&y=43.529801070774&radius=30000"
51f66df4-6672-4eb7-9ab9-87cac407f348,10786074,ALSH,,ADO COMMUNE LA FARE LES OLIVIERS -  MAISON DES JEUNES,,0622371928,,portail-famille@lafarelesoliviers.fr,45 Chemin du Grand Jas 13580 LA FARE LES OLIVIERS,LA FARE LES OLIVIERS,20512,,,false,,AIX EN PROVENCE LOISIR,"https://monenfant.fr/que-recherchez-vous?structure=ALSH&location=Aix-en-Provence,%20Bouches-du-Rh%C3%B4ne,%20Provence-Alpes-C%C3%B4te%20d%27Azur,%20FRA&x=5.447381703606&y=43.529801070774&radius=30000"
8dad9300-9a59-44a8-9b80-b0bf56b91519,21440966,ALSH,,AJ DEL RIO 13015  - 12/17 ANS,,0491605727,,centresocialdelrio@orange.fr,38 Avenue de la viste 13015 MARSEILLE,MARSEILLE,20634,,,false,,AIX EN PROVENCE LOISIR,"https://monenfant.fr/que-recherchez-vous?structure=ALSH&location=Aix-en-Provence,%20Bouches-du-Rh%C3%B4ne,%20Provence-Alpes-C%C3%B4te%20d%27Azur,%20FRA&x=5.447381703606&y=43.529801070774&radius=30000"
3572a249-5c36-4ce8-a3ac-2252b0a1fe9b,39872273,ALSH,,ESC DEL RIO 13015 - VISTE DEL RIO,,0491605727,,centresocialdelrio@orange.fr,38 Avenue de la viste 13015 MARSEILLE,MARSEILLE,20634,,,false,,AIX EN PROVENCE LOISIR,"https://monenfant.fr/que-recherchez-vous?structure=ALSH&location=Aix-en-Provence,%20Bouches-du-Rh%C3%B4ne,%20Provence-Alpes-C%C3%B4te%20d%27Azur,%20FRA&x=5.447381703606&y=43.529801070774&radius=30000"
e22f8d95-164d-45de-85eb-aa5d03388deb,39872547,ALSH,,PSC DEL RIO 13015 - VISTE DEL RIO,,0491605727,,centresocialdelrio@orange.fr,38 Avenue de la viste 13015 MARSEILLE,MARSEILLE,20634,,,false,,AIX EN PROVENCE LOISIR,"https://monenfant.fr/que-recherchez-vous?structure=ALSH&location=Aix-en-Provence,%20Bouches-du-Rh%C3%B4ne,%20Provence-Alpes-C%C3%B4te%20d%27Azur,%20FRA&x=5.447381703606&y=43.529801070774&radius=30000"
3af9a135-cf6a-4a92-8fe1-eaef14acd8ea,39800545,ALSH,,ADO COMMUNE ALLAUCH,https://www.allauch.com,0486674620,,, Chemin des rascous 13190 ALLAUCH,ALLAUCH,20661,,,false,,AIX EN PROVENCE LOISIR,"https://monenfant.fr/que-recherchez-vous?structure=ALSH&location=Aix-en-Provence,%20Bouches-du-Rh%C3%B4ne,%20Provence-Alpes-C%C3%B4te%20d%27Azur,%20FRA&x=5.447381703606&y=43.529801070774&radius=30000"
45eda119-5f11-4912-b726-f2554f904466,11033195,ALSH,,ESC LOISIRSALLAUCH LOISIRS,https://www.allauch.com,0486674620,,, Chemin des rascous 13190 ALLAUCH,ALLAUCH,20661,,,false,,AIX EN PROVENCE LOISIR,"https://monenfant.fr/que-recherchez-vous?structure=ALSH&location=Aix-en-Provence,%20Bouches-du-Rh%C3%B4ne,%20Provence-Alpes-C%C3%B4te%20d%27Azur,%20FRA&x=5.447381703606&y=43.529801070774&radius=30000"
46e53f24-a27a-4651-ac97-cab97e6d0833,39872363,ALSH,,ESC DEL RIO 13015 - VISTE BOUSQUET,,0491605727,,centresocialdelrio@orange.fr,38 Rue de la viste 13015 MARSEILLE,MARSEILLE,20705,,,false,,AIX EN PROVENCE LOISIR,"https://monenfant.fr/que-recherchez-vous?structure=ALSH&location=Aix-en-Provence,%20Bouches-du-Rh%C3%B4ne,%20Provence-Alpes-C%C3%B4te%20d%27Azur,%20FRA&x=5.447381703606&y=43.529801070774&radius=30000"
bc39e6ce-1f25-49e2-96ca-737097d3c2c3,39872504,ALSH,,PSC DEL RIO 13015 - VISTE BOUSQUET,,0491605727,,centresocialdelrio@orange.fr,38 Rue de la viste 13015 MARSEILLE,MARSEILLE,20705,,,false,,AIX EN PROVENCE LOISIR,"https://monenfant.fr/que-recherchez-vous?structure=ALSH&location=Aix-en-Provence,%20Bouches-du-Rh%C3%B4ne,%20Provence-Alpes-C%C3%B4te%20d%27Azur,%20FRA&x=5.447381703606&y=43.529801070774&radius=30000"
2353d3f3-d59d-41ee-8d8d-e3583908df45,40872985,ALSH,,13-ESC-FAIL-13015 - ACM ST JOSEPH FONTAINIEU / + 6 ANS,https://laligue13.fr/,0491696951,,centresocial.stjosephfontainieu@laligue13.fr,10 Avenue DU CASTELLAS 13015 MARSEILLE,MARSEILLE,20752,,,false,,AIX EN PROVENCE LOISIR,"https://monenfant.fr/que-recherchez-vous?structure=ALSH&location=Aix-en-Provence,%20Bouches-du-Rh%C3%B4ne,%20Provence-Alpes-C%C3%B4te%20d%27Azur,%20FRA&x=5.447381703606&y=43.529801070774&radius=30000"
39964e4d-326e-43ec-86cb-f61734a358ea,40262931,ALSH,,13-ADO -FAIL-13014 - ACM ST JOSEPH FONTAINIEU,https://laligue13.fr/,0491696951,,centresocial.stjosephfontainieu@laligue13.fr,40-42 Chemin De Fontainieu 13014 MARSEILLE,MARSEILLE,20782,,,false,,AIX EN PROVENCE LOISIR,"https://monenfant.fr/que-recherchez-vous?structure=ALSH&location=Aix-en-Provence,%20Bouches-du-Rh%C3%B4ne,%20Provence-Alpes-C%C3%B4te%20d%27Azur,%20FRA&x=5.447381703606&y=43.529801070774&radius=30000"
3df2a05c-fdef-44e2-a373-60410fb34fc9,10983874,ALSH,,13-ESC-FAIL-13014 - ACM ST JOSEPH FONTAINIEU,https://laligue13.fr/,0491696951,,centresocial.stjosephfontainieu@laligue13.fr,40-42 Chemin De Fontainieu 13014 MARSEILLE,MARSEILLE,20782,,,false,,AIX EN PROVENCE LOISIR,"https://monenfant.fr/que-recherchez-vous?structure=ALSH&location=Aix-en-Provence,%20Bouches-du-Rh%C3%B4ne,%20Provence-Alpes-C%C3%B4te%20d%27Azur,%20FRA&x=5.447381703606&y=43.529801070774&radius=30000"
85b1622b-1cdb-4e59-899b-8c45282ffd0a,40262704,ALSH,,13-MERC -FAIL-13014 - ACM ST JOSEPH FONTAINIEU,https://laligue13.fr/,0491696951,,centresocial.stjosephfontainieu@laligue13.fr,40-42 Chemin De Fontainieu 13014 MARSEILLE,MARSEILLE,20782,,,false,,AIX EN PROVENCE LOISIR,"https://monenfant.fr/que-recherchez-vous?structure=ALSH&location=Aix-en-Provence,%20Bouches-du-Rh%C3%B4ne,%20Provence-Alpes-C%C3%B4te%20d%27Azur,%20FRA&x=5.447381703606&y=43.529801070774&radius=30000"
5e31cfea-900e-465b-a168-7cbf31b94d04,39767779,ALSH,,PSC MERC LA FARE LES OLIVIERS - PAUL DOUMER,https://www.lafarelesoliviers.com/,0490454642,,portail-famille@lafarelesoliviers.fr,1 Avenue des vignons 13580 LA FARE LES OLIVIERS,LA FARE LES OLIVIERS,20857,,,false,,AIX EN PROVENCE LOISIR,"https://monenfant.fr/que-recherchez-vous?structure=ALSH&location=Aix-en-Provence,%20Bouches-du-Rh%C3%B4ne,%20Provence-Alpes-C%C3%B4te%20d%27Azur,%20FRA&x=5.447381703606&y=43.529801070774&radius=30000"
1f85c30e-595c-478c-835e-5217ca52678a,21438398,ALSH,,ESC MAIRIE 8EME SECTEUR 13015  - LES AYGALADES,,0491607794,,kkasmi@marseille.fr,28 Boulevard de la Padouane 13015 MARSEILLE,MARSEILLE,20881,,,false,,AIX EN PROVENCE LOISIR,"https://monenfant.fr/que-recherchez-vous?structure=ALSH&location=Aix-en-Provence,%20Bouches-du-Rh%C3%B4ne,%20Provence-Alpes-C%C3%B4te%20d%27Azur,%20FRA&x=5.447381703606&y=43.529801070774&radius=30000"
e1d125b6-2c40-4f45-aa66-3d1355eec397,21442892,ALSH,,ESC COMMUNE TRETS -  ALSH LES COLOMBES,,0442612371,,charles.lefebvre@utse.ifac.asso.fr, Rue DU REGAGNAS 13530 TRETS,TRETS,20905,,,false,,AIX EN PROVENCE LOISIR,"https://monenfant.fr/que-recherchez-vous?structure=ALSH&location=Aix-en-Provence,%20Bouches-du-Rh%C3%B4ne,%20Provence-Alpes-C%C3%B4te%20d%27Azur,%20FRA&x=5.447381703606&y=43.529801070774&radius=30000"
21704961-fae2-47bb-840f-de9d258ba195,39786351,ALSH,,MERC COMMUNE TRETS - LES COLOMBES,,0442612371,,charles.lefebvre@utse.ifac.asso.fr, Rue DU REGAGNAS 13530 TRETS,TRETS,20905,,,false,,AIX EN PROVENCE LOISIR,"https://monenfant.fr/que-recherchez-vous?structure=ALSH&location=Aix-en-Provence,%20Bouches-du-Rh%C3%B4ne,%20Provence-Alpes-C%C3%B4te%20d%27Azur,%20FRA&x=5.447381703606&y=43.529801070774&radius=30000"
8fb361a9-b6b3-4467-a293-9defb0edd053,21442764,ALSH,,ADO AJ COMMUNE TRETS,https://www.trets.fr/vivre-trets/jeunesse/,0442612371,,charles.lefebvre@utse.ifac.asso.fr,48 Avenue Mirabeau 13530 TRETS,TRETS,20928,,,false,,AIX EN PROVENCE LOISIR,"https://monenfant.fr/que-recherchez-vous?structure=ALSH&location=Aix-en-Provence,%20Bouches-du-Rh%C3%B4ne,%20Provence-Alpes-C%C3%B4te%20d%27Azur,%20FRA&x=5.447381703606&y=43.529801070774&radius=30000"
5dba651c-5aa3-4a6d-a48a-1ecac05b7c8e,10828808,ALSH,,ADO MJC PLAN DE CUQUES - ADOS 11/17 ANS,http://www.mjcplandecuques.fr/,0491077354,,mjcpolejeunesse@free.fr, Rue jean baptiste michel 13380 PLAN DE CUQUES,PLAN DE CUQUES,20928,,,false,,AIX EN PROVENCE LOISIR,"https://monenfant.fr/que-recherchez-vous?structure=ALSH&location=Aix-en-Provence,%20Bouches-du-Rh%C3%B4ne,%20Provence-Alpes-C%C3%B4te%20d%27Azur,%20FRA&x=5.447381703606&y=43.529801070774&radius=30000"
188650ea-1dee-4414-adbc-800ff6eef9f9,40853106,ALSH,,PSC SOIR-FAIL-13016 - MATERNELLE ET ELEMENTAIRE  SAINT HENRI RAPHEL,http://www.laligue13.fr,0624837990,,referent27@laligue13.fr,16 Place RAPHEL 13016 MARSEILLE,MARSEILLE,20969,,,false,,AIX EN PROVENCE LOISIR,"https://monenfant.fr/que-recherchez-vous?structure=ALSH&location=Aix-en-Provence,%20Bouches-du-Rh%C3%B4ne,%20Provence-Alpes-C%C3%B4te%20d%27Azur,%20FRA&x=5.447381703606&y=43.529801070774&radius=30000"
66e29efa-2dab-4087-b124-727a50ad3b58,10828851,ALSH,,ESC MJC PLAN DE CUQUES -  LE BOCAGE,http://www.mjcplandecuques.fr/,0491649895,,mjcplandecuques@free.fr, Avenue Engelskirchen 13380 PLAN DE CUQUES,PLAN DE CUQUES,20975,,,false,,AIX EN PROVENCE LOISIR,"https://monenfant.fr/que-recherchez-vous?structure=ALSH&location=Aix-en-Provence,%20Bouches-du-Rh%C3%B4ne,%20Provence-Alpes-C%C3%B4te%20d%27Azur,%20FRA&x=5.447381703606&y=43.529801070774&radius=30000"
bcda2ade-6d5c-47ec-9749-4315b943acfc,40316257,ALSH,,MERC MJC PLAN DE CUQUES -  LE BOCAGE,http://www.mjcplandecuques.fr/,0491649895,,mjcplandecuques@free.fr, Avenue Engelskirchen 13380 PLAN DE CUQUES,PLAN DE CUQUES,20975,,,false,,AIX EN PROVENCE LOISIR,"https://monenfant.fr/que-recherchez-vous?structure=ALSH&location=Aix-en-Provence,%20Bouches-du-Rh%C3%B4ne,%20Provence-Alpes-C%C3%B4te%20d%27Azur,%20FRA&x=5.447381703606&y=43.529801070774&radius=30000"
31bf28d8-3694-45fe-8cf9-c5a1e50b2116,11000902,ALSH,,ESC COMMUNE ST VICTORET - CENTRE AÉRÉ BERNADETTE ET GEORGES ROUX,,0442752781,,responsablecentreaere@mairiesaintvictoret.fr, Boulevard Paul Liotard 13730 ST VICTORET,ST VICTORET,21017,,,false,,AIX EN PROVENCE LOISIR,"https://monenfant.fr/que-recherchez-vous?structure=ALSH&location=Aix-en-Provence,%20Bouches-du-Rh%C3%B4ne,%20Provence-Alpes-C%C3%B4te%20d%27Azur,%20FRA&x=5.447381703606&y=43.529801070774&radius=30000"
36d40bb0-6125-4197-8caa-8b952df90a60,40319058,ALSH,,MERC  COMMUNE ST VICTORET - CENTRE AÉRÉ BERNADETTE ET GEORGES ROUX,,0442752781,,responsablecentreaere@mairiesaintvictoret.fr, Boulevard Paul Liotard 13730 ST VICTORET,ST VICTORET,21017,,,false,,AIX EN PROVENCE LOISIR,"https://monenfant.fr/que-recherchez-vous?structure=ALSH&location=Aix-en-Provence,%20Bouches-du-Rh%C3%B4ne,%20Provence-Alpes-C%C3%B4te%20d%27Azur,%20FRA&x=5.447381703606&y=43.529801070774&radius=30000"
392c85c4-73db-4d61-843a-fe13afd1bf6e,40853361,ALSH,,PSC SOIR-FAIL-13016 - MATERNELLE SAINT ANDRE BOISSEAU,http://www.laligue13.fr,0624837990,,referent27@laligue13.fr,2 Rue BOISSEAU 13016 MARSEILLE,MARSEILLE,21059,,,false,,AIX EN PROVENCE LOISIR,"https://monenfant.fr/que-recherchez-vous?structure=ALSH&location=Aix-en-Provence,%20Bouches-du-Rh%C3%B4ne,%20Provence-Alpes-C%C3%B4te%20d%27Azur,%20FRA&x=5.447381703606&y=43.529801070774&radius=30000"
73a03417-2337-434c-9a03-d0cdf8662da0,10777345,ALSH,,ESC ST HENRI 13016 -6/17 ANS,,0771060227,,uneautreimage13016@gmail.com,5 Chemin DU PASSET 13016 MARSEILLE,MARSEILLE,21070,,,false,,AIX EN PROVENCE LOISIR,"https://monenfant.fr/que-recherchez-vous?structure=ALSH&location=Aix-en-Provence,%20Bouches-du-Rh%C3%B4ne,%20Provence-Alpes-C%C3%B4te%20d%27Azur,%20FRA&x=5.447381703606&y=43.529801070774&radius=30000"
581eb411-1d96-4feb-9ce6-15c845efa9e3,40301263,ALSH,,MERC  ST HENRI 13016 -6/17 ANS,,0771060227,,uneautreimage13016@gmail.com,5 Chemin DU PASSET 13016 MARSEILLE,MARSEILLE,21070,,,false,,AIX EN PROVENCE LOISIR,"https://monenfant.fr/que-recherchez-vous?structure=ALSH&location=Aix-en-Provence,%20Bouches-du-Rh%C3%B4ne,%20Provence-Alpes-C%C3%B4te%20d%27Azur,%20FRA&x=5.447381703606&y=43.529801070774&radius=30000"
61c8226c-dac9-44a6-ac9c-91b5e70e95f7,21561437,ALSH,,ESC MAIRIE 8EME SECTEUR 13016  - SAINT ANDRE',,0491464932,,pauguste@marseille.fr,11 Boulevard Jean Labro 13016 MARSEILLE,MARSEILLE,21076,,,false,,AIX EN PROVENCE LOISIR,"https://monenfant.fr/que-recherchez-vous?structure=ALSH&location=Aix-en-Provence,%20Bouches-du-Rh%C3%B4ne,%20Provence-Alpes-C%C3%B4te%20d%27Azur,%20FRA&x=5.447381703606&y=43.529801070774&radius=30000"
268cdf67-922e-4338-8a72-3449fec49c97,41029350,ALSH,,PSC MERCMAIRIE 8EME SECTEUR 13016  - SAINT ANDRE',,0491464932,,pauguste@marseille.fr,11 Boulevard Jean Labro 13016 MARSEILLE,MARSEILLE,21076,,,false,,AIX EN PROVENCE LOISIR,"https://monenfant.fr/que-recherchez-vous?structure=ALSH&location=Aix-en-Provence,%20Bouches-du-Rh%C3%B4ne,%20Provence-Alpes-C%C3%B4te%20d%27Azur,%20FRA&x=5.447381703606&y=43.529801070774&radius=30000"
0dceddc3-e81a-4fbc-ad55-044e951751a8,10772400,ALSH,,ESC MAIRIE 7EME SECTEUR 13014 - BUSSERINE,,0491983744,,, Boulevard jourdan Prolongé 13014 MARSEILLE,MARSEILLE,21196,,,false,,AIX EN PROVENCE LOISIR,"https://monenfant.fr/que-recherchez-vous?structure=ALSH&location=Aix-en-Provence,%20Bouches-du-Rh%C3%B4ne,%20Provence-Alpes-C%C3%B4te%20d%27Azur,%20FRA&x=5.447381703606&y=43.529801070774&radius=30000"
a37d2a73-942c-4279-9c21-9eb0a7fb9269,22434769,ALSH,,13-ADO-FAIL-13016 - ADO  BASSIN DE SÈON,http://www.laligue13.fr,0680689596,,nadia.chaher@laligue13.fr,1 Rue Jean Jacques Vernazza 13016 MARSEILLE,MARSEILLE,21213,,,false,,AIX EN PROVENCE LOISIR,"https://monenfant.fr/que-recherchez-vous?structure=ALSH&location=Aix-en-Provence,%20Bouches-du-Rh%C3%B4ne,%20Provence-Alpes-C%C3%B4te%20d%27Azur,%20FRA&x=5.447381703606&y=43.529801070774&radius=30000"
a0622c43-90e4-4880-bcf0-6799aa10a170,10999526,ALSH,,13-ESC-IFAC-LA DESTROUSSE,https://www.ail-ladestrousse.fr/,0674652037,,alshail.destrousse@gmail.com, Place De la Mairie 13112 LA DESTROUSSE,LA DESTROUSSE,21213,,,false,,AIX EN PROVENCE LOISIR,"https://monenfant.fr/que-recherchez-vous?structure=ALSH&location=Aix-en-Provence,%20Bouches-du-Rh%C3%B4ne,%20Provence-Alpes-C%C3%B4te%20d%27Azur,%20FRA&x=5.447381703606&y=43.529801070774&radius=30000"
ec46ad26-6ba0-4852-a869-29876f3cddb1,39759150,ALSH,,13-MERC-IFAC-LA DESTROUSSE,https://www.ail-ladestrousse.fr/,0674652037,,alshail.destrousse@gmail.com, Place De la Mairie 13112 LA DESTROUSSE,LA DESTROUSSE,21213,,,false,,AIX EN PROVENCE LOISIR,"https://monenfant.fr/que-recherchez-vous?structure=ALSH&location=Aix-en-Provence,%20Bouches-du-Rh%C3%B4ne,%20Provence-Alpes-C%C3%B4te%20d%27Azur,%20FRA&x=5.447381703606&y=43.529801070774&radius=30000"
ed040b03-bce4-49f3-9efa-5ce42b2679f9,10774163,ALSH,,ESC MAIRIE 7EME SECTEUR 13014 - ST JOSEPH,,0491554232,,,72 Rue PAUL COXE 13014 MARSEILLE,MARSEILLE,21306,,,false,,AIX EN PROVENCE LOISIR,"https://monenfant.fr/que-recherchez-vous?structure=ALSH&location=Aix-en-Provence,%20Bouches-du-Rh%C3%B4ne,%20Provence-Alpes-C%C3%B4te%20d%27Azur,%20FRA&x=5.447381703606&y=43.529801070774&radius=30000"
18c4ae0b-298d-4edb-b7ea-8ab526b0ca17,39618851,ALSH,,MERC  MAIRIE 7EME SECTEUR 13014 - ST JOSEPH,,0491554232,,,72 Rue PAUL COXE 13014 MARSEILLE,MARSEILLE,21306,,,false,,AIX EN PROVENCE LOISIR,"https://monenfant.fr/que-recherchez-vous?structure=ALSH&location=Aix-en-Provence,%20Bouches-du-Rh%C3%B4ne,%20Provence-Alpes-C%C3%B4te%20d%27Azur,%20FRA&x=5.447381703606&y=43.529801070774&radius=30000"
421979c6-2f5b-4d8e-a75b-04be389f3dc0,40853220,ALSH,,PSC SOIR-FAIL-13016 - MATERNELLE SAINT HENRI 2 (NOUVELLE),http://www.laligue13.fr,0624837990,,referent27@laligue13.fr, Chemin de Saint Henri 13016 MARSEILLE,MARSEILLE,21336,,,false,,AIX EN PROVENCE LOISIR,"https://monenfant.fr/que-recherchez-vous?structure=ALSH&location=Aix-en-Provence,%20Bouches-du-Rh%C3%B4ne,%20Provence-Alpes-C%C3%B4te%20d%27Azur,%20FRA&x=5.447381703606&y=43.529801070774&radius=30000"
5f1b21ee-d200-4701-8a8a-737d030de06f,40840466,ALSH,,PSC SOIR-FAIL-13016 - ECOLE MATERNELLE ET ELÉMENTAIRE ESTAQUE GARE,,0624837990,,referent38@laligue13.fr,33 Boulevard FENOUIL 13016 MARSEILLE,MARSEILLE,21353,,,false,,AIX EN PROVENCE LOISIR,"https://monenfant.fr/que-recherchez-vous?structure=ALSH&location=Aix-en-Provence,%20Bouches-du-Rh%C3%B4ne,%20Provence-Alpes-C%C3%B4te%20d%27Azur,%20FRA&x=5.447381703606&y=43.529801070774&radius=30000"
c161fe39-ad30-4235-8619-082f25df7b0a,21559335,ALSH,,ESC MAIRIE 8EME SECTEUR 13016  - 'MOUREPIANE',,0491516424,,kona@marseille.fr,18 Boulevard Poussardin 13016 MARSEILLE,MARSEILLE,21387,,,false,,AIX EN PROVENCE LOISIR,"https://monenfant.fr/que-recherchez-vous?structure=ALSH&location=Aix-en-Provence,%20Bouches-du-Rh%C3%B4ne,%20Provence-Alpes-C%C3%B4te%20d%27Azur,%20FRA&x=5.447381703606&y=43.529801070774&radius=30000"
9f5d0097-566c-47a2-859f-426828005251,41029092,ALSH,,PSC MERC MAIRIE 8EME SECTEUR 13016  - 'MOUREPIANE',,0491516424,,kona@marseille.fr,18 Boulevard Poussardin 13016 MARSEILLE,MARSEILLE,21387,,,false,,AIX EN PROVENCE LOISIR,"https://monenfant.fr/que-recherchez-vous?structure=ALSH&location=Aix-en-Provence,%20Bouches-du-Rh%C3%B4ne,%20Provence-Alpes-C%C3%B4te%20d%27Azur,%20FRA&x=5.447381703606&y=43.529801070774&radius=30000"
35cf6b7e-3b1c-49f5-9c40-52a40a1b5a28,39789116,ALSH,,ESC COMMUNE TRETS - EDMOND BRUN,,0442612371,,charles.lefebvre@utse.ifac.asso.fr, Rue DOCTEUR VILLEMUS 13530 TRETS,TRETS,21436,,,false,,AIX EN PROVENCE LOISIR,"https://monenfant.fr/que-recherchez-vous?structure=ALSH&location=Aix-en-Provence,%20Bouches-du-Rh%C3%B4ne,%20Provence-Alpes-C%C3%B4te%20d%27Azur,%20FRA&x=5.447381703606&y=43.529801070774&radius=30000"
de262751-0184-4b74-a97d-92741fe63d7e,40873073,ALSH,,ESC-FAIL-13016 - ECOLE  ESTAQUE GARE,,0624837990,,referent38@laligue13.fr,3343 Boulevard FENOUIL 13016 MARSEILLE,MARSEILLE,21438,,,false,,AIX EN PROVENCE LOISIR,"https://monenfant.fr/que-recherchez-vous?structure=ALSH&location=Aix-en-Provence,%20Bouches-du-Rh%C3%B4ne,%20Provence-Alpes-C%C3%B4te%20d%27Azur,%20FRA&x=5.447381703606&y=43.529801070774&radius=30000"
ef8d2650-87e1-429a-86e2-4cd4eee4759c,40873118,ALSH,,MERC-FAIL-13016 - ECOLE  ESTAQUE GARE,,0624837990,,referent38@laligue13.fr,3343 Boulevard FENOUIL 13016 MARSEILLE,MARSEILLE,21438,,,false,,AIX EN PROVENCE LOISIR,"https://monenfant.fr/que-recherchez-vous?structure=ALSH&location=Aix-en-Provence,%20Bouches-du-Rh%C3%B4ne,%20Provence-Alpes-C%C3%B4te%20d%27Azur,%20FRA&x=5.447381703606&y=43.529801070774&radius=30000"
109f6ceb-8ca3-4852-8159-12e6f9ec60ba,21520642,ALSH,,ADO AJ EPISEC 13013   ECHELLE 13,http://www.episec.fr,0491122160,,mpt.echelletreize@episec.fr,203 Chemin Notre dame de la consolation 13013 MARSEILLE,MARSEILLE,21487,,,false,,AIX EN PROVENCE LOISIR,"https://monenfant.fr/que-recherchez-vous?structure=ALSH&location=Aix-en-Provence,%20Bouches-du-Rh%C3%B4ne,%20Provence-Alpes-C%C3%B4te%20d%27Azur,%20FRA&x=5.447381703606&y=43.529801070774&radius=30000"
21b06020-64ee-4832-9400-383f55d7f5db,39920214,ALSH,,ESC EPISEC 13013  -  ECHELLE 13,http://www.episec.fr,0491122160,,mpt.echelletreize@episec.fr,203 Chemin Notre dame de la consolation 13013 MARSEILLE,MARSEILLE,21487,,,false,,AIX EN PROVENCE LOISIR,"https://monenfant.fr/que-recherchez-vous?structure=ALSH&location=Aix-en-Provence,%20Bouches-du-Rh%C3%B4ne,%20Provence-Alpes-C%C3%B4te%20d%27Azur,%20FRA&x=5.447381703606&y=43.529801070774&radius=30000"
4cf808c8-f3b5-4ff0-8417-5ae58d46297b,39920257,ALSH,,MERC EPISEC 13013  -  ECHELLE 13,http://www.episec.fr,0491122160,,mpt.echelletreize@episec.fr,203 Chemin Notre dame de la consolation 13013 MARSEILLE,MARSEILLE,21487,,,false,,AIX EN PROVENCE LOISIR,"https://monenfant.fr/que-recherchez-vous?structure=ALSH&location=Aix-en-Provence,%20Bouches-du-Rh%C3%B4ne,%20Provence-Alpes-C%C3%B4te%20d%27Azur,%20FRA&x=5.447381703606&y=43.529801070774&radius=30000"
07ff5de2-a879-429d-a2c3-e903532200c3,40842499,ALSH,,PSC SOIR-FAIL-13016 -ECOLE ELÉMENTAIRE ESTAQUE PLAGE,http://www.laligue13.fr,0624837990,,referent4@laligue13.fr,2 Rue de la convention 13016 MARSEILLE,MARSEILLE,21512,,,false,,AIX EN PROVENCE LOISIR,"https://monenfant.fr/que-recherchez-vous?structure=ALSH&location=Aix-en-Provence,%20Bouches-du-Rh%C3%B4ne,%20Provence-Alpes-C%C3%B4te%20d%27Azur,%20FRA&x=5.447381703606&y=43.529801070774&radius=30000"
a77e0728-419e-4c92-9161-76cdf4038c79,21340091,ALSH,,ESC ESTAQUE PATRONAGE 13016 - ACM,http://plusavenirlepatronage.org/lestaque,0781847071,,patro.estaque@gmail.com,1 bis Rue de la Convention 13016 MARSEILLE,MARSEILLE,21543,,,false,,AIX EN PROVENCE LOISIR,"https://monenfant.fr/que-recherchez-vous?structure=ALSH&location=Aix-en-Provence,%20Bouches-du-Rh%C3%B4ne,%20Provence-Alpes-C%C3%B4te%20d%27Azur,%20FRA&x=5.447381703606&y=43.529801070774&radius=30000"
72f45c23-4a9e-4421-8d04-72ac6b26cd92,39805939,ALSH,,PSC MERC  ESTAQUE PATRONAGE 13016 - ACM,http://plusavenirlepatronage.org/lestaque,0781847071,,patro.estaque@gmail.com,1 bis Rue de la Convention 13016 MARSEILLE,MARSEILLE,21543,,,false,,AIX EN PROVENCE LOISIR,"https://monenfant.fr/que-recherchez-vous?structure=ALSH&location=Aix-en-Provence,%20Bouches-du-Rh%C3%B4ne,%20Provence-Alpes-C%C3%B4te%20d%27Azur,%20FRA&x=5.447381703606&y=43.529801070774&radius=30000"
8a364ac2-96cb-4ce1-850c-8d092e1527c9,40297907,ALSH,,13-ADO -FAIL-13015 - CS LES MUSARDISES,http://www.laligue13.fr,0491600445,,accueil-cslesmusardises@laligue13.fr,32 Rue des Musardises 13015 MARSEILLE,MARSEILLE,21548,,,false,,AIX EN PROVENCE LOISIR,"https://monenfant.fr/que-recherchez-vous?structure=ALSH&location=Aix-en-Provence,%20Bouches-du-Rh%C3%B4ne,%20Provence-Alpes-C%C3%B4te%20d%27Azur,%20FRA&x=5.447381703606&y=43.529801070774&radius=30000"
4b0fe2d8-e985-4d11-8a2a-59ab8c8dfa6b,22379203,ALSH,,13-ESC-FAIL-13015 - CS LES MUSARDISES,http://www.laligue13.fr,0491600445,,accueil-cslesmusardises@laligue13.fr,32 Rue des Musardises 13015 MARSEILLE,MARSEILLE,21548,,,false,,AIX EN PROVENCE LOISIR,"https://monenfant.fr/que-recherchez-vous?structure=ALSH&location=Aix-en-Provence,%20Bouches-du-Rh%C3%B4ne,%20Provence-Alpes-C%C3%B4te%20d%27Azur,%20FRA&x=5.447381703606&y=43.529801070774&radius=30000"
e4b48601-91a8-471e-93e5-7301388bb203,21442833,ALSH,,ESC COMMUNE TRETS - ALSH PTIT SOLEIL,https://www.trets.fr/vivre-trets/jeunesse/,0442612371,,sheherazade.mante@utse.ifac.asso.fr, Rue FERNAND CHAUVIN 13530 TRETS,TRETS,21580,,,false,,AIX EN PROVENCE LOISIR,"https://monenfant.fr/que-recherchez-vous?structure=ALSH&location=Aix-en-Provence,%20Bouches-du-Rh%C3%B4ne,%20Provence-Alpes-C%C3%B4te%20d%27Azur,%20FRA&x=5.447381703606&y=43.529801070774&radius=30000"
da610edd-ce39-4dfb-b262-3d73f86d4895,39784261,ALSH,,MERC COMMUNE TRETS - ALSH PTIT SOLEIL,https://www.trets.fr/vivre-trets/jeunesse/,0442612371,,sheherazade.mante@utse.ifac.asso.fr, Rue FERNAND CHAUVIN 13530 TRETS,TRETS,21580,,,false,,AIX EN PROVENCE LOISIR,"https://monenfant.fr/que-recherchez-vous?structure=ALSH&location=Aix-en-Provence,%20Bouches-du-Rh%C3%B4ne,%20Provence-Alpes-C%C3%B4te%20d%27Azur,%20FRA&x=5.447381703606&y=43.529801070774&radius=30000"
12d45a43-4464-4706-ad61-5ae7d4972cea,39620034,ALSH,,ESC MAIRIE 7EME SECTEUR 13014 -  MERLAN,,0491632075,,,63 Avenue du Merlan 13014 MARSEILLE,MARSEILLE,21647,,,false,,AIX EN PROVENCE LOISIR,"https://monenfant.fr/que-recherchez-vous?structure=ALSH&location=Aix-en-Provence,%20Bouches-du-Rh%C3%B4ne,%20Provence-Alpes-C%C3%B4te%20d%27Azur,%20FRA&x=5.447381703606&y=43.529801070774&radius=30000"
85795d88-a270-4a1b-9c27-a27e13d787ed,10774249,ALSH,,MERC MAIRIE 7EME SECTEUR 13014 -  MERLAN,,0491632075,,,63 Avenue du Merlan 13014 MARSEILLE,MARSEILLE,21647,,,false,,AIX EN PROVENCE LOISIR,"https://monenfant.fr/que-recherchez-vous?structure=ALSH&location=Aix-en-Provence,%20Bouches-du-Rh%C3%B4ne,%20Provence-Alpes-C%C3%B4te%20d%27Azur,%20FRA&x=5.447381703606&y=43.529801070774&radius=30000"
222d5c12-918d-437f-a30d-2b1a8d09841a,40266359,ALSH,,13-ADO-CCO-13014 - ALSH ENFANTS STE MARTHE,http://www.ccocl13.fr,0491544468,,accueil.sainte-marthe@ccocl13.fr,1 Rue Etienne Dolet 13014 MARSEILLE,MARSEILLE,21731,,,false,,AIX EN PROVENCE LOISIR,"https://monenfant.fr/que-recherchez-vous?structure=ALSH&location=Aix-en-Provence,%20Bouches-du-Rh%C3%B4ne,%20Provence-Alpes-C%C3%B4te%20d%27Azur,%20FRA&x=5.447381703606&y=43.529801070774&radius=30000"
663335f6-e76d-4be4-8692-b7e99482948f,22899954,ALSH,,13-ESC-CCO-13014 - ALSH ENFANTS STE MARTHE,http://www.ccocl13.fr,0491544468,,accueil.sainte-marthe@ccocl13.fr,1 Rue Etienne Dolet 13014 MARSEILLE,MARSEILLE,21731,,,false,,AIX EN PROVENCE LOISIR,"https://monenfant.fr/que-recherchez-vous?structure=ALSH&location=Aix-en-Provence,%20Bouches-du-Rh%C3%B4ne,%20Provence-Alpes-C%C3%B4te%20d%27Azur,%20FRA&x=5.447381703606&y=43.529801070774&radius=30000"
d3ffc983-1893-4228-99bb-3f291bc26280,40265760,ALSH,,13-MERC-CCO-13014 - ALSH ENFANTS STE MARTHE,http://www.ccocl13.fr,0491544468,,accueil.sainte-marthe@ccocl13.fr,1 Rue Etienne Dolet 13014 MARSEILLE,MARSEILLE,21731,,,false,,AIX EN PROVENCE LOISIR,"https://monenfant.fr/que-recherchez-vous?structure=ALSH&location=Aix-en-Provence,%20Bouches-du-Rh%C3%B4ne,%20Provence-Alpes-C%C3%B4te%20d%27Azur,%20FRA&x=5.447381703606&y=43.529801070774&radius=30000"
63d4a99f-2199-4abd-9460-2dd5048aa707,39789202,ALSH,,ESC COMMUNE TRETS - LES COLOMBES,,0442612371,,charles.lefebvre@utse.ifac.asso.fr, Avenue MARX DORMOY 13530 TRETS,TRETS,21741,,,false,,AIX EN PROVENCE LOISIR,"https://monenfant.fr/que-recherchez-vous?structure=ALSH&location=Aix-en-Provence,%20Bouches-du-Rh%C3%B4ne,%20Provence-Alpes-C%C3%B4te%20d%27Azur,%20FRA&x=5.447381703606&y=43.529801070774&radius=30000"
4faf993a-982e-441d-a4ab-0ad871c5b74a,40853310,ALSH,,PSC SOIR-FAIL-13016 - MATERNELLE ESTAQUE RIAUX,http://www.laligue13.fr,0635265642,,referent4@laligue13.fr, Boulevard DE LA FALAISE 13016 MARSEILLE,MARSEILLE,21763,,,false,,AIX EN PROVENCE LOISIR,"https://monenfant.fr/que-recherchez-vous?structure=ALSH&location=Aix-en-Provence,%20Bouches-du-Rh%C3%B4ne,%20Provence-Alpes-C%C3%B4te%20d%27Azur,%20FRA&x=5.447381703606&y=43.529801070774&radius=30000"
cf69d80a-3d78-42e2-8e08-f64be94d73ef,40854743,ALSH,,PSC SOIR-FAIL-13013- MATERNELLE ET ELEMENTAIRE ROSE SAUVAGINE,http://www.laligue13.fr,0618008865,,referent18@laligue13.fr,38 Avenue MERLEAU PONTY 13013 MARSEILLE,MARSEILLE,21765,,,false,,AIX EN PROVENCE LOISIR,"https://monenfant.fr/que-recherchez-vous?structure=ALSH&location=Aix-en-Provence,%20Bouches-du-Rh%C3%B4ne,%20Provence-Alpes-C%C3%B4te%20d%27Azur,%20FRA&x=5.447381703606&y=43.529801070774&radius=30000"
7a8e1c42-d5ed-4eaf-b7c1-234c2dc4e0a6,40250921,ALSH,,13-ADO-CCO-13013 - ALSH ST JEROME,http://www.ccocl13.fr,0491065662,,accueil.saint-jerome@ccocl13.fr,8 Traverse Charles Susini 13013 MARSEILLE,MARSEILLE,21802,,,false,,AIX EN PROVENCE LOISIR,"https://monenfant.fr/que-recherchez-vous?structure=ALSH&location=Aix-en-Provence,%20Bouches-du-Rh%C3%B4ne,%20Provence-Alpes-C%C3%B4te%20d%27Azur,%20FRA&x=5.447381703606&y=43.529801070774&radius=30000"
8d8e7e6e-0127-4f36-86a1-bbcbfb3a560e,23255731,ALSH,,13-ESC-CCO-13013 - ALSH ST JEROME,http://www.ccocl13.fr,0491065662,,accueil.saint-jerome@ccocl13.fr,8 Traverse Charles Susini 13013 MARSEILLE,MARSEILLE,21802,,,false,,AIX EN PROVENCE LOISIR,"https://monenfant.fr/que-recherchez-vous?structure=ALSH&location=Aix-en-Provence,%20Bouches-du-Rh%C3%B4ne,%20Provence-Alpes-C%C3%B4te%20d%27Azur,%20FRA&x=5.447381703606&y=43.529801070774&radius=30000"
701edf87-8cf9-472d-8599-0cad7ef814ef,40250368,ALSH,,13-MERC-CCO-13013 - ALSH ST JEROME,http://www.ccocl13.fr,0491065662,,accueil.saint-jerome@ccocl13.fr,8 Traverse Charles Susini 13013 MARSEILLE,MARSEILLE,21802,,,false,,AIX EN PROVENCE LOISIR,"https://monenfant.fr/que-recherchez-vous?structure=ALSH&location=Aix-en-Provence,%20Bouches-du-Rh%C3%B4ne,%20Provence-Alpes-C%C3%B4te%20d%27Azur,%20FRA&x=5.447381703606&y=43.529801070774&radius=30000"
2f583daf-e11d-4c1d-add8-8beafefc2038,40866138,ALSH,,13-PSC SOIR -FAIL-13014 - MATERNELLE ET ELEMENTAIRE STE MARTHE,https://laligue13.fr/,0618006974,,referent17@laligue13.fr, Boulevard RICOUX 13014 MARSEILLE,MARSEILLE,21804,,,false,,AIX EN PROVENCE LOISIR,"https://monenfant.fr/que-recherchez-vous?structure=ALSH&location=Aix-en-Provence,%20Bouches-du-Rh%C3%B4ne,%20Provence-Alpes-C%C3%B4te%20d%27Azur,%20FRA&x=5.447381703606&y=43.529801070774&radius=30000"
fb62b5ff-f444-4ef8-b225-fe5e41cbbd4a,39956097,ALSH,,ADO AJ  EPISEC 13013 - VAL PLAN AJ,http://episec.fr,0491701339,,,14 Rue ANTONIN REGNIER 13013 MARSEILLE,MARSEILLE,21817,,,false,,AIX EN PROVENCE LOISIR,"https://monenfant.fr/que-recherchez-vous?structure=ALSH&location=Aix-en-Provence,%20Bouches-du-Rh%C3%B4ne,%20Provence-Alpes-C%C3%B4te%20d%27Azur,%20FRA&x=5.447381703606&y=43.529801070774&radius=30000"
72a3a86f-ecb6-4e39-90ff-09c7c9b82b2d,39949618,ALSH,,ESC EPISEC 13013 -  VAL PLAN LILOMINO,http://episec.fr,0491701339,,,82 Avenue DE LA CROIX ROUGE 13013 MARSEILLE,MARSEILLE,21878,,,false,,AIX EN PROVENCE LOISIR,"https://monenfant.fr/que-recherchez-vous?structure=ALSH&location=Aix-en-Provence,%20Bouches-du-Rh%C3%B4ne,%20Provence-Alpes-C%C3%B4te%20d%27Azur,%20FRA&x=5.447381703606&y=43.529801070774&radius=30000"
d66d1800-9038-46ea-a09c-14d727b9f2d7,23254923,ALSH,,MERC EPISEC 13013 - ACM LILOMINO VAL PLAN,http://episec.fr,0491701339,,,82 Avenue DE LA CROIX ROUGE 13013 MARSEILLE,MARSEILLE,21878,,,false,,AIX EN PROVENCE LOISIR,"https://monenfant.fr/que-recherchez-vous?structure=ALSH&location=Aix-en-Provence,%20Bouches-du-Rh%C3%B4ne,%20Provence-Alpes-C%C3%B4te%20d%27Azur,%20FRA&x=5.447381703606&y=43.529801070774&radius=30000"
73871f53-5434-4999-a461-ea98bcef2f21,40856377,ALSH,,PSC SOIR-FAIL-13013- MATERNELLE SAINT JEROME SUSINI,http://www.laligue13.fr,0618008865,,referent18@laligue13.fr,2 Traverse CHARLES SUSINI 13013 MARSEILLE,MARSEILLE,21897,,,false,,AIX EN PROVENCE LOISIR,"https://monenfant.fr/que-recherchez-vous?structure=ALSH&location=Aix-en-Provence,%20Bouches-du-Rh%C3%B4ne,%20Provence-Alpes-C%C3%B4te%20d%27Azur,%20FRA&x=5.447381703606&y=43.529801070774&radius=30000"
dc7bd493-5b9d-4c9e-8fd0-fbbd75f9385d,39807858,ALSH,,ADO AGA MFA 13014 - ACM 12/17 FLAMANTS IRIS,,0491218378,,csflamantsiris@orange.fr,10 Avenue Alexandre Ansaldi 13014 MARSEILLE,MARSEILLE,21910,,,false,,AIX EN PROVENCE LOISIR,"https://monenfant.fr/que-recherchez-vous?structure=ALSH&location=Aix-en-Provence,%20Bouches-du-Rh%C3%B4ne,%20Provence-Alpes-C%C3%B4te%20d%27Azur,%20FRA&x=5.447381703606&y=43.529801070774&radius=30000"
97b9f188-4980-4be5-ad66-85bc511a06f1,39807924,ALSH,,ESC AGA MFA 13014 - ACM 3/11 ANS FLAMANTS IRIS,,0491218378,,csflamantsiris@orange.fr,10 Avenue Alexandre Ansaldi 13014 MARSEILLE,MARSEILLE,21910,,,false,,AIX EN PROVENCE LOISIR,"https://monenfant.fr/que-recherchez-vous?structure=ALSH&location=Aix-en-Provence,%20Bouches-du-Rh%C3%B4ne,%20Provence-Alpes-C%C3%B4te%20d%27Azur,%20FRA&x=5.447381703606&y=43.529801070774&radius=30000"
8a0bfe0b-4d4d-4949-b5cf-8e64724016ad,21343184,ALSH,,MERC AGA MFA 13014  - ACM LES FLAMANTS – IRIS',,0491218378,,csflamantsiris@orange.fr,10 Avenue Alexandre Ansaldi 13014 MARSEILLE,MARSEILLE,21910,,,false,,AIX EN PROVENCE LOISIR,"https://monenfant.fr/que-recherchez-vous?structure=ALSH&location=Aix-en-Provence,%20Bouches-du-Rh%C3%B4ne,%20Provence-Alpes-C%C3%B4te%20d%27Azur,%20FRA&x=5.447381703606&y=43.529801070774&radius=30000"
e14c409a-56e7-4f7a-9fa9-a99c734e9025,40252537,ALSH,,ESC SYNERGIE 13013 -  CROIX ROUGE CAMPAGNE,,0491798536,,contact@synergiefamily.fr,14 Avenue fournacle 13013 MARSEILLE,MARSEILLE,21979,,,false,,AIX EN PROVENCE LOISIR,"https://monenfant.fr/que-recherchez-vous?structure=ALSH&location=Aix-en-Provence,%20Bouches-du-Rh%C3%B4ne,%20Provence-Alpes-C%C3%B4te%20d%27Azur,%20FRA&x=5.447381703606&y=43.529801070774&radius=30000"
4899758f-e024-4248-a8c7-5f0a5c27f988,40228233,ALSH,,13-ADO-FAIL-13013 -  LES LILAS,https://laligue13.fr,0496153851,,accueil-csleslilas@laligue13.fr,21 Avenue CHARLES CAMOINS 13013 MARSEILLE,MARSEILLE,22025,,,false,,AIX EN PROVENCE LOISIR,"https://monenfant.fr/que-recherchez-vous?structure=ALSH&location=Aix-en-Provence,%20Bouches-du-Rh%C3%B4ne,%20Provence-Alpes-C%C3%B4te%20d%27Azur,%20FRA&x=5.447381703606&y=43.529801070774&radius=30000"
775a9d7c-70b7-4f8b-8780-57b1049640d0,22073472,ALSH,,ESC COMMUNE ALLAUCH  - 'LES PETITS PRINCES',http://allauch.espace-famille.net,0491070841,,, Avenue marcel pagnol 13190 ALLAUCH,ALLAUCH,22041,,,false,,AIX EN PROVENCE LOISIR,"https://monenfant.fr/que-recherchez-vous?structure=ALSH&location=Aix-en-Provence,%20Bouches-du-Rh%C3%B4ne,%20Provence-Alpes-C%C3%B4te%20d%27Azur,%20FRA&x=5.447381703606&y=43.529801070774&radius=30000"
da8934be-2b88-4bed-bea7-dca149cec71b,22072895,ALSH,,ESC COMMUNE ALLAUCH - ST EXUPERY,http://allauch.espace-famille.net,0491070841,,, Boulevard marcel pagnol 13190 ALLAUCH,ALLAUCH,22041,,,false,,AIX EN PROVENCE LOISIR,"https://monenfant.fr/que-recherchez-vous?structure=ALSH&location=Aix-en-Provence,%20Bouches-du-Rh%C3%B4ne,%20Provence-Alpes-C%C3%B4te%20d%27Azur,%20FRA&x=5.447381703606&y=43.529801070774&radius=30000"
11911d59-4fc5-4421-95ab-39944603d00e,39789159,ALSH,,MERC COMMUNE TRETS - ALSH IRIS,https://www.trets.fr/vivre-trets/jeunesse/,0442612371,,sheherazade.mante@utse.ifac.asso.fr, Chemin DE ST JEAN 13530 TRETS,TRETS,22109,,,false,,AIX EN PROVENCE LOISIR,"https://monenfant.fr/que-recherchez-vous?structure=ALSH&location=Aix-en-Provence,%20Bouches-du-Rh%C3%B4ne,%20Provence-Alpes-C%C3%B4te%20d%27Azur,%20FRA&x=5.447381703606&y=43.529801070774&radius=30000"
03076d4a-d0db-4554-8e29-011484534466,22143158,ALSH,,ADO COMMUNE DE MARIGNANE - 12/17 ANS,,0442883029,,centreaere@ville-marignane.fr,2 Rue de provence 13700 MARIGNANE,MARIGNANE,22174,,,false,,AIX EN PROVENCE LOISIR,"https://monenfant.fr/que-recherchez-vous?structure=ALSH&location=Aix-en-Provence,%20Bouches-du-Rh%C3%B4ne,%20Provence-Alpes-C%C3%B4te%20d%27Azur,%20FRA&x=5.447381703606&y=43.529801070774&radius=30000"
11716479-6302-46e9-b374-cd87161adb5d,40855145,ALSH,,PSC SOIR-FAIL-13013- MATERNELLE ROSE ST THEODORE,http://www.laligue13.fr,0613419808,,referent8@laligue13.fr,5 Allée DES CHARDONNERETS 13013 MARSEILLE,MARSEILLE,22187,,,false,,AIX EN PROVENCE LOISIR,"https://monenfant.fr/que-recherchez-vous?structure=ALSH&location=Aix-en-Provence,%20Bouches-du-Rh%C3%B4ne,%20Provence-Alpes-C%C3%B4te%20d%27Azur,%20FRA&x=5.447381703606&y=43.529801070774&radius=30000"
6ca22d57-5b11-408a-b9ba-963960aaf4c2,10790675,ALSH,,ESC MAIRIE 7EME SECTEUR 13013 - PELABON,,0491061230,,,10 Place Pelabon 13013 MARSEILLE,MARSEILLE,22215,,,false,,AIX EN PROVENCE LOISIR,"https://monenfant.fr/que-recherchez-vous?structure=ALSH&location=Aix-en-Provence,%20Bouches-du-Rh%C3%B4ne,%20Provence-Alpes-C%C3%B4te%20d%27Azur,%20FRA&x=5.447381703606&y=43.529801070774&radius=30000"
49d55a7d-6303-4eae-af8f-6bb03e3c431f,39620472,ALSH,,MERC  MAIRIE 7EME SECTEUR 13013 - PELABON,,0491061230,,,10 Place Pelabon 13013 MARSEILLE,MARSEILLE,22215,,,false,,AIX EN PROVENCE LOISIR,"https://monenfant.fr/que-recherchez-vous?structure=ALSH&location=Aix-en-Provence,%20Bouches-du-Rh%C3%B4ne,%20Provence-Alpes-C%C3%B4te%20d%27Azur,%20FRA&x=5.447381703606&y=43.529801070774&radius=30000"
6f1250e6-8ae5-43f7-b144-a19fa41c8ae1,40854786,ALSH,,PSC SOIR-FAIL-13013- ELEMENTAIRE ST JEROME VILLAGE 1,http://www.laligue13.fr,0618008865,,referent18@laligue13.fr,15 Avenue SAINT JEROME 13013 MARSEILLE,MARSEILLE,22227,,,false,,AIX EN PROVENCE LOISIR,"https://monenfant.fr/que-recherchez-vous?structure=ALSH&location=Aix-en-Provence,%20Bouches-du-Rh%C3%B4ne,%20Provence-Alpes-C%C3%B4te%20d%27Azur,%20FRA&x=5.447381703606&y=43.529801070774&radius=30000"
8e9c7041-819d-47fe-8250-24675a783a9e,33656094,ALSH,,13-ESC-FAIL-13013 - ECOLE  ST JÉRÔME LES LILAS,https://laligue13.fr,0496153851,,accueil-csleslilas@laligue13.fr,2 Rue fernand leger 13013 MARSEILLE,MARSEILLE,22228,,,false,,AIX EN PROVENCE LOISIR,"https://monenfant.fr/que-recherchez-vous?structure=ALSH&location=Aix-en-Provence,%20Bouches-du-Rh%C3%B4ne,%20Provence-Alpes-C%C3%B4te%20d%27Azur,%20FRA&x=5.447381703606&y=43.529801070774&radius=30000"
9305cadc-d5d9-421b-bbb1-71d6488233ad,40866078,ALSH,,13-PSC SOIR -FAIL-13014 - MATERNELLE ET ELEMENTAIRE LLA VISITATION,https://laligue13.fr/,0612785721,,referent30@laligue13.fr,80 Avenue IBRAHIM ALI 13014 MARSEILLE,MARSEILLE,22292,,,false,,AIX EN PROVENCE LOISIR,"https://monenfant.fr/que-recherchez-vous?structure=ALSH&location=Aix-en-Provence,%20Bouches-du-Rh%C3%B4ne,%20Provence-Alpes-C%C3%B4te%20d%27Azur,%20FRA&x=5.447381703606&y=43.529801070774&radius=30000"
75f0b0b3-4089-4e49-8289-e8e67e2b7169,40855998,ALSH,,PSC SOIR-FAIL-13013- MATERNELLE SAINT JEROME PLACE,http://www.laligue13.fr,0618008865,,referent18@laligue13.fr, Boulevard AUPHAN 13013 MARSEILLE,MARSEILLE,22322,,,false,,AIX EN PROVENCE LOISIR,"https://monenfant.fr/que-recherchez-vous?structure=ALSH&location=Aix-en-Provence,%20Bouches-du-Rh%C3%B4ne,%20Provence-Alpes-C%C3%B4te%20d%27Azur,%20FRA&x=5.447381703606&y=43.529801070774&radius=30000"
f95e8d65-ea81-4f0b-a940-2e711952b222,40856875,ALSH,,PSC SOIR-FAIL-13013- MATERNELLE SAINT JEROME VILLAGE,http://www.laligue13.fr,0618008865,,referent18@laligue13.fr,20 Rue DES POLYTRES 13013 MARSEILLE,MARSEILLE,22334,,,false,,AIX EN PROVENCE LOISIR,"https://monenfant.fr/que-recherchez-vous?structure=ALSH&location=Aix-en-Provence,%20Bouches-du-Rh%C3%B4ne,%20Provence-Alpes-C%C3%B4te%20d%27Azur,%20FRA&x=5.447381703606&y=43.529801070774&radius=30000"
75753d9b-744e-4b67-86cc-09699eee1613,40854830,ALSH,,PSC SOIR-FAIL-13013- ELEMENTAIRE ST JEROME VILLAGE 2,http://www.laligue13.fr,0618008865,,referent18@laligue13.fr,41 Avenue SAINT JEROME 13013 MARSEILLE,MARSEILLE,22361,,,false,,AIX EN PROVENCE LOISIR,"https://monenfant.fr/que-recherchez-vous?structure=ALSH&location=Aix-en-Provence,%20Bouches-du-Rh%C3%B4ne,%20Provence-Alpes-C%C3%B4te%20d%27Azur,%20FRA&x=5.447381703606&y=43.529801070774&radius=30000"
8ea81d04-3451-4597-82c2-f3188ca9e885,22142908,ALSH,,ESC COMMUNE DE MARIGNANE - GUYNEMER',,0442883029,,centreaere@ville-marignane.fr, Rue Henri Guillaumet 13700 MARIGNANE,MARIGNANE,22393,,,false,,AIX EN PROVENCE LOISIR,"https://monenfant.fr/que-recherchez-vous?structure=ALSH&location=Aix-en-Provence,%20Bouches-du-Rh%C3%B4ne,%20Provence-Alpes-C%C3%B4te%20d%27Azur,%20FRA&x=5.447381703606&y=43.529801070774&radius=30000"
066fc307-4824-43fb-9a33-eb151fd62974,39998631,ALSH,,MERC COMMUNE DE MARIGNANE - GUYNEMER MERCREDI 3/12 ANS,,0442883029,,centreaere@ville-marignane.fr, Rue Henri Guillaumet 13700 MARIGNANE,MARIGNANE,22393,,,false,,AIX EN PROVENCE LOISIR,"https://monenfant.fr/que-recherchez-vous?structure=ALSH&location=Aix-en-Provence,%20Bouches-du-Rh%C3%B4ne,%20Provence-Alpes-C%C3%B4te%20d%27Azur,%20FRA&x=5.447381703606&y=43.529801070774&radius=30000"
68691673-4343-46f5-aa63-f3bb1d742c07,10772959,ALSH,,ESC MAIRIE 7EME SECTEUR 13013 -  SAINT JEROME,,0491664312,,,32 Avenue Saint Jérôme 13013 MARSEILLE,MARSEILLE,22397,,,false,,AIX EN PROVENCE LOISIR,"https://monenfant.fr/que-recherchez-vous?structure=ALSH&location=Aix-en-Provence,%20Bouches-du-Rh%C3%B4ne,%20Provence-Alpes-C%C3%B4te%20d%27Azur,%20FRA&x=5.447381703606&y=43.529801070774&radius=30000"
774cb751-9db0-438a-8272-b16e52adafbd,25114418,ALSH,,ESC 1000 POTES 13015 - ACM ENFANTS,http://www.marseillenord-handball.Fr,0651916146,,les1000potes@gmail.com,360 Chemin de la Madrague Ville 13015 MARSEILLE,MARSEILLE,22449,,,false,,AIX EN PROVENCE LOISIR,"https://monenfant.fr/que-recherchez-vous?structure=ALSH&location=Aix-en-Provence,%20Bouches-du-Rh%C3%B4ne,%20Provence-Alpes-C%C3%B4te%20d%27Azur,%20FRA&x=5.447381703606&y=43.529801070774&radius=30000"
f746cb6d-756a-4b6f-93dc-26093197a006,40297785,ALSH,,MERC LES  1000 POTES 13015 -,http://www.marseillenord-handball.Fr,0651916146,,les1000potes@gmail.com,360 Chemin de la Madrague Ville 13015 MARSEILLE,MARSEILLE,22449,,,false,,AIX EN PROVENCE LOISIR,"https://monenfant.fr/que-recherchez-vous?structure=ALSH&location=Aix-en-Provence,%20Bouches-du-Rh%C3%B4ne,%20Provence-Alpes-C%C3%B4te%20d%27Azur,%20FRA&x=5.447381703606&y=43.529801070774&radius=30000"
07033904-fe06-479e-9f10-ff2cd63e694f,23254070,ALSH,,ESC OEUVRE DON BOSCO SEVIGNE 13013,,0491662275,,oeuvredonbosco@sevigne-db13.com,24 Chemin du Merlan à la Rose 13013 MARSEILLE,MARSEILLE,22452,,,false,,AIX EN PROVENCE LOISIR,"https://monenfant.fr/que-recherchez-vous?structure=ALSH&location=Aix-en-Provence,%20Bouches-du-Rh%C3%B4ne,%20Provence-Alpes-C%C3%B4te%20d%27Azur,%20FRA&x=5.447381703606&y=43.529801070774&radius=30000"
b0d6fece-5c26-4f3d-941f-ba0dfcb96f0a,40249582,ALSH,,MERC OEUVRE DON BOSCO SEVIGNE 13013,,0491662275,,oeuvredonbosco@sevigne-db13.com,24 Chemin du Merlan à la Rose 13013 MARSEILLE,MARSEILLE,22452,,,false,,AIX EN PROVENCE LOISIR,"https://monenfant.fr/que-recherchez-vous?structure=ALSH&location=Aix-en-Provence,%20Bouches-du-Rh%C3%B4ne,%20Provence-Alpes-C%C3%B4te%20d%27Azur,%20FRA&x=5.447381703606&y=43.529801070774&radius=30000"
aabd0d60-5705-40f1-9ecc-4f92a05dd455,10774120,ALSH,,ESC MAIRIE 7EME SECTEUR 13014  - FONT OBSCURE,,0491980837,,,50 Avenue Prosper Mérimée 13014 MARSEILLE,MARSEILLE,22552,,,false,,AIX EN PROVENCE LOISIR,"https://monenfant.fr/que-recherchez-vous?structure=ALSH&location=Aix-en-Provence,%20Bouches-du-Rh%C3%B4ne,%20Provence-Alpes-C%C3%B4te%20d%27Azur,%20FRA&x=5.447381703606&y=43.529801070774&radius=30000"
a7a60967-0df2-494b-858e-6fba8ab3e611,39477147,ALSH,,MERC MAIRIE 7EME SECTEUR 13014  - FONT OBSCURE,,0491980837,,,50 Avenue Prosper Mérimée 13014 MARSEILLE,MARSEILLE,22552,,,false,,AIX EN PROVENCE LOISIR,"https://monenfant.fr/que-recherchez-vous?structure=ALSH&location=Aix-en-Provence,%20Bouches-du-Rh%C3%B4ne,%20Provence-Alpes-C%C3%B4te%20d%27Azur,%20FRA&x=5.447381703606&y=43.529801070774&radius=30000"
acfe60b0-a80c-4e3e-8033-204b97d5e27e,39809142,ALSH,,ESC AGA MFA 13014 - ESP ENFANCE FAMILLE  FOND VERT,http://mfa1314.fr/,0491023575,,espace-fontvert@orange.fr,218 Chemin de Ste Marthe 13014 MARSEILLE,MARSEILLE,22601,,,false,,AIX EN PROVENCE LOISIR,"https://monenfant.fr/que-recherchez-vous?structure=ALSH&location=Aix-en-Provence,%20Bouches-du-Rh%C3%B4ne,%20Provence-Alpes-C%C3%B4te%20d%27Azur,%20FRA&x=5.447381703606&y=43.529801070774&radius=30000"
3e9508af-b0ec-4fac-9694-7d9247e226e7,21343247,ALSH,,MERC AGA MFA 13014 - ESP ENFANCE FAMILLE  FOND VERT,http://mfa1314.fr/,0491023575,,espace-fontvert@orange.fr,218 Chemin de Ste Marthe 13014 MARSEILLE,MARSEILLE,22601,,,false,,AIX EN PROVENCE LOISIR,"https://monenfant.fr/que-recherchez-vous?structure=ALSH&location=Aix-en-Provence,%20Bouches-du-Rh%C3%B4ne,%20Provence-Alpes-C%C3%B4te%20d%27Azur,%20FRA&x=5.447381703606&y=43.529801070774&radius=30000"
1417a16e-86f5-444a-894a-723e94fc5d79,11479637,ALSH,,ADO AGA MFA 13014 - CLUB JUNIOR 12/17 ANS,,0491023575,,mfa-gestion@orange.fr, Avenue Salvador Allende 13014 MARSEILLE,MARSEILLE,22652,,,false,,AIX EN PROVENCE LOISIR,"https://monenfant.fr/que-recherchez-vous?structure=ALSH&location=Aix-en-Provence,%20Bouches-du-Rh%C3%B4ne,%20Provence-Alpes-C%C3%B4te%20d%27Azur,%20FRA&x=5.447381703606&y=43.529801070774&radius=30000"
6e945b9e-ee9b-4a07-8e3e-e91fd99bc1e1,10800737,ALSH,,"ESC COMMUNE BERRE L ETANG - ALSH ""JOLIOT CURIE""",https://www.berreletang.fr/,0442740696,,cl.joliot-curie@berre-l-etang.fr, Avenue JOLIOT CURIE 13130 BERRE L ETANG,BERRE L ETANG,22698,,,false,,AIX EN PROVENCE LOISIR,"https://monenfant.fr/que-recherchez-vous?structure=ALSH&location=Aix-en-Provence,%20Bouches-du-Rh%C3%B4ne,%20Provence-Alpes-C%C3%B4te%20d%27Azur,%20FRA&x=5.447381703606&y=43.529801070774&radius=30000"
b1bceb91-75fc-4f8c-a5f5-d028202bc72d,40306911,ALSH,,"PSC COMMUNE BERRE L ETANG - ALSH ""JOLIOT CURIE""",https://www.berreletang.fr/,0442740696,,cl.joliot-curie@berre-l-etang.fr, Avenue JOLIOT CURIE 13130 BERRE L ETANG,BERRE L ETANG,22698,,,false,,AIX EN PROVENCE LOISIR,"https://monenfant.fr/que-recherchez-vous?structure=ALSH&location=Aix-en-Provence,%20Bouches-du-Rh%C3%B4ne,%20Provence-Alpes-C%C3%B4te%20d%27Azur,%20FRA&x=5.447381703606&y=43.529801070774&radius=30000"
6c7c87f2-4d0d-4ed2-9367-5c27ec51f76b,39872861,ALSH,,ADO FRAIS VALLON 13013 - ACM 12-17 ANS,http://www.centresocialfraisvallon.org,0491667935,,centresocialfraisvallon@wanadoo.fr,53 Avenue frais vallon 13013 MARSEILLE,MARSEILLE,22705,,,false,,AIX EN PROVENCE LOISIR,"https://monenfant.fr/que-recherchez-vous?structure=ALSH&location=Aix-en-Provence,%20Bouches-du-Rh%C3%B4ne,%20Provence-Alpes-C%C3%B4te%20d%27Azur,%20FRA&x=5.447381703606&y=43.529801070774&radius=30000"
0f05d87a-5a97-4b54-9ff7-0e3b1534146f,10800866,ALSH,,"ESC COMMUNE BERRE L ETANG - ALSH ""LE BEALET""",https://www.berreletang.fr/,0442854808,,cl.bealet@berre-l-etang.fr, Boulevard FERNAND LEGER 13130 BERRE L ETANG,BERRE L ETANG,22722,,,false,,AIX EN PROVENCE LOISIR,"https://monenfant.fr/que-recherchez-vous?structure=ALSH&location=Aix-en-Provence,%20Bouches-du-Rh%C3%B4ne,%20Provence-Alpes-C%C3%B4te%20d%27Azur,%20FRA&x=5.447381703606&y=43.529801070774&radius=30000"
9c7bd6a3-7cef-474d-9e19-abf72b01a82a,40306771,ALSH,,"PSC COMMUNE BERRE L ETANG - ALSH ""LE BEALET""",https://www.berreletang.fr/,0442854808,,cl.bealet@berre-l-etang.fr, Boulevard FERNAND LEGER 13130 BERRE L ETANG,BERRE L ETANG,22722,,,false,,AIX EN PROVENCE LOISIR,"https://monenfant.fr/que-recherchez-vous?structure=ALSH&location=Aix-en-Provence,%20Bouches-du-Rh%C3%B4ne,%20Provence-Alpes-C%C3%B4te%20d%27Azur,%20FRA&x=5.447381703606&y=43.529801070774&radius=30000"
b6480aa3-5ad1-434c-b700-8c85812138b2,21443348,ALSH,,ESC MAIRIE 8EME SECTEUR 13015  - DENIS PAPIN,,0491580150,,sdiroberto@marseille.fr,8 Boulevard DENIS PAPIN 13015 MARSEILLE,MARSEILLE,22763,,,false,,AIX EN PROVENCE LOISIR,"https://monenfant.fr/que-recherchez-vous?structure=ALSH&location=Aix-en-Provence,%20Bouches-du-Rh%C3%B4ne,%20Provence-Alpes-C%C3%B4te%20d%27Azur,%20FRA&x=5.447381703606&y=43.529801070774&radius=30000"
4e9e0553-0b90-49bc-bb62-c17c9b65ceaf,39858483,ALSH,,MERC MAIRIE 8EME SECTEUR 13015  - DENIS PAPIN,,0491580150,,sdiroberto@marseille.fr,8 Boulevard DENIS PAPIN 13015 MARSEILLE,MARSEILLE,22763,,,false,,AIX EN PROVENCE LOISIR,"https://monenfant.fr/que-recherchez-vous?structure=ALSH&location=Aix-en-Provence,%20Bouches-du-Rh%C3%B4ne,%20Provence-Alpes-C%C3%B4te%20d%27Azur,%20FRA&x=5.447381703606&y=43.529801070774&radius=30000"
4f4f565a-8d5d-43e5-bad2-d8234f7de9fe,10921645,ALSH,,"ESC COMMUNE BERRE L ETANG- ALSH "" LANGEVIN """,https://www.berreletang.fr/,0442850614,,cl.langevin-maternelle@berre-l-etang.fr, Avenue PAUL LANGEVIN 13130 BERRE L ETANG,BERRE L ETANG,22799,,,false,,AIX EN PROVENCE LOISIR,"https://monenfant.fr/que-recherchez-vous?structure=ALSH&location=Aix-en-Provence,%20Bouches-du-Rh%C3%B4ne,%20Provence-Alpes-C%C3%B4te%20d%27Azur,%20FRA&x=5.447381703606&y=43.529801070774&radius=30000"
9d673ac7-7018-4c2a-8663-12276c9cb4db,40307071,ALSH,,"PSC COMMUNE BERRE L ETANG- ALSH "" LANGEVIN """,https://www.berreletang.fr/,0442850614,,cl.langevin-maternelle@berre-l-etang.fr, Avenue PAUL LANGEVIN 13130 BERRE L ETANG,BERRE L ETANG,22799,,,false,,AIX EN PROVENCE LOISIR,"https://monenfant.fr/que-recherchez-vous?structure=ALSH&location=Aix-en-Provence,%20Bouches-du-Rh%C3%B4ne,%20Provence-Alpes-C%C3%B4te%20d%27Azur,%20FRA&x=5.447381703606&y=43.529801070774&radius=30000"
2ade0d15-ce51-401c-b6ef-c4c8600a8c98,41130965,ALSH,,ADO MALPASSE - CENTRE SOCIAL DE MALPASSE,,0491666159,,centresocialmalpasse@orange.fr,7 Avenue Saint Paul 13013 MARSEILLE,MARSEILLE,22809,,,false,,AIX EN PROVENCE LOISIR,"https://monenfant.fr/que-recherchez-vous?structure=ALSH&location=Aix-en-Provence,%20Bouches-du-Rh%C3%B4ne,%20Provence-Alpes-C%C3%B4te%20d%27Azur,%20FRA&x=5.447381703606&y=43.529801070774&radius=30000"
7c29cdc5-640f-4a8c-a2a7-7975a8477181,41130829,ALSH,,ESC MALPASSE ENFANTS 13013 - CENTRE SOCIAL DE MALPASSE,,0491666159,,centresocialmalpasse@orange.fr,7 Avenue Saint Paul 13013 MARSEILLE,MARSEILLE,22809,,,false,,AIX EN PROVENCE LOISIR,"https://monenfant.fr/que-recherchez-vous?structure=ALSH&location=Aix-en-Provence,%20Bouches-du-Rh%C3%B4ne,%20Provence-Alpes-C%C3%B4te%20d%27Azur,%20FRA&x=5.447381703606&y=43.529801070774&radius=30000"
fe9097a2-54f4-492a-8a2d-2f7f620599fd,28021152,ALSH,,ESC MALPASSE ENFANTS 13013 - LES CEDRES MALPASSÉ,,0491666159,,centresocialmalpasse@orange.fr,7 Avenue Saint Paul 13013 MARSEILLE,MARSEILLE,22809,,,false,,AIX EN PROVENCE LOISIR,"https://monenfant.fr/que-recherchez-vous?structure=ALSH&location=Aix-en-Provence,%20Bouches-du-Rh%C3%B4ne,%20Provence-Alpes-C%C3%B4te%20d%27Azur,%20FRA&x=5.447381703606&y=43.529801070774&radius=30000"
2a37ae5c-cc65-4c56-b49b-74cde3affba0,40248641,ALSH,,MERC MALPASSE ENFANTS 13013 - LES CEDRES MALPASSÉ,,0491666159,,centresocialmalpasse@orange.fr,7 Avenue Saint Paul 13013 MARSEILLE,MARSEILLE,22809,,,false,,AIX EN PROVENCE LOISIR,"https://monenfant.fr/que-recherchez-vous?structure=ALSH&location=Aix-en-Provence,%20Bouches-du-Rh%C3%B4ne,%20Provence-Alpes-C%C3%B4te%20d%27Azur,%20FRA&x=5.447381703606&y=43.529801070774&radius=30000"
301d7b00-e690-4f4b-92a2-5609ce8ff3b4,41130874,ALSH,,PSC MALPASSE ENFANTS 13013 - CENTRE SOCIAL DE MALPASSE,,0491666159,,centresocialmalpasse@orange.fr,7 Avenue Saint Paul 13013 MARSEILLE,MARSEILLE,22809,,,false,,AIX EN PROVENCE LOISIR,"https://monenfant.fr/que-recherchez-vous?structure=ALSH&location=Aix-en-Provence,%20Bouches-du-Rh%C3%B4ne,%20Provence-Alpes-C%C3%B4te%20d%27Azur,%20FRA&x=5.447381703606&y=43.529801070774&radius=30000"
537ccd9c-19c2-43ee-bd86-a3aa0906f201,21760328,ALSH,,ESC MAIRIE 8EME SECTEUR 13015  - ST LOUIS',,0491607614,,lpilet@marseille.fr,24 Avenue du Rove 13015 MARSEILLE,MARSEILLE,22829,,,false,,AIX EN PROVENCE LOISIR,"https://monenfant.fr/que-recherchez-vous?structure=ALSH&location=Aix-en-Provence,%20Bouches-du-Rh%C3%B4ne,%20Provence-Alpes-C%C3%B4te%20d%27Azur,%20FRA&x=5.447381703606&y=43.529801070774&radius=30000"
af7345d0-55fa-4124-b68e-2bafedb86c6f,41028600,ALSH,,PSC MERC MAIRIE 8EME SECTEUR 13015  - ST LOUIS,,0491607614,,lpilet@marseille.fr,24 Avenue du Rove 13015 MARSEILLE,MARSEILLE,22829,,,false,,AIX EN PROVENCE LOISIR,"https://monenfant.fr/que-recherchez-vous?structure=ALSH&location=Aix-en-Provence,%20Bouches-du-Rh%C3%B4ne,%20Provence-Alpes-C%C3%B4te%20d%27Azur,%20FRA&x=5.447381703606&y=43.529801070774&radius=30000"
c4e37ad6-4939-40f8-b176-38971dc79026,21345139,ALSH,,"ADO OBJECTIF PROMO DURANCE LA ROQUE - ""LES CORDELLES""",,0442504701,,chrscentrematernel@frf-chaumiere.fr, Voie Carraire des Trissonnes 13640 LA ROQUE D ANTHERON,LA ROQUE D ANTHERON,22854,,,false,,AIX EN PROVENCE LOISIR,"https://monenfant.fr/que-recherchez-vous?structure=ALSH&location=Aix-en-Provence,%20Bouches-du-Rh%C3%B4ne,%20Provence-Alpes-C%C3%B4te%20d%27Azur,%20FRA&x=5.447381703606&y=43.529801070774&radius=30000"
50db6bc7-ea41-4257-9f85-ed7a34c850bd,40318511,ALSH,,"ESC  OBJECTIF PROMO DURANCE LA ROQUE - ""LES CORDELLES""",,0442504701,,chrscentrematernel@frf-chaumiere.fr, Voie Carraire des Trissonnes 13640 LA ROQUE D ANTHERON,LA ROQUE D ANTHERON,22854,,,false,,AIX EN PROVENCE LOISIR,"https://monenfant.fr/que-recherchez-vous?structure=ALSH&location=Aix-en-Provence,%20Bouches-du-Rh%C3%B4ne,%20Provence-Alpes-C%C3%B4te%20d%27Azur,%20FRA&x=5.447381703606&y=43.529801070774&radius=30000"
0fb986af-0707-4917-ae36-6faacea07150,40318554,ALSH,,"PSC MERC  OBJECTIF PROMO DURANCE LA ROQUE - ""LES CORDELLES""",,0442504701,,chrscentrematernel@frf-chaumiere.fr, Voie Carraire des Trissonnes 13640 LA ROQUE D ANTHERON,LA ROQUE D ANTHERON,22854,,,false,,AIX EN PROVENCE LOISIR,"https://monenfant.fr/que-recherchez-vous?structure=ALSH&location=Aix-en-Provence,%20Bouches-du-Rh%C3%B4ne,%20Provence-Alpes-C%C3%B4te%20d%27Azur,%20FRA&x=5.447381703606&y=43.529801070774&radius=30000"
9b0afd7f-312e-4eef-90d6-3a565218da2c,10772056,ALSH,,ESC MAIRIE 7EME SECTEUR 13014 - CANET LAROUSSE,,0491675969,,, Boulevard Larousse 13014 MARSEILLE,MARSEILLE,22857,,,false,,AIX EN PROVENCE LOISIR,"https://monenfant.fr/que-recherchez-vous?structure=ALSH&location=Aix-en-Provence,%20Bouches-du-Rh%C3%B4ne,%20Provence-Alpes-C%C3%B4te%20d%27Azur,%20FRA&x=5.447381703606&y=43.529801070774&radius=30000"
a52b8718-9f48-4cfc-813b-9ae578f52726,39476879,ALSH,,PSC MAIRIE 7EME SECTEUR 13014 - CANET LAROUSSE,,0491675969,,, Boulevard Larousse 13014 MARSEILLE,MARSEILLE,22857,,,false,,AIX EN PROVENCE LOISIR,"https://monenfant.fr/que-recherchez-vous?structure=ALSH&location=Aix-en-Provence,%20Bouches-du-Rh%C3%B4ne,%20Provence-Alpes-C%C3%B4te%20d%27Azur,%20FRA&x=5.447381703606&y=43.529801070774&radius=30000"
172b8f71-d0c6-4cc2-859e-76098c14e8cd,10796953,ALSH,,ESC MAIRIE 7EME SECTEUR 13013 -  LA MAURELLE,,0491702551,,,81 Avenue Maurelle 13013 MARSEILLE,MARSEILLE,22910,,,false,,AIX EN PROVENCE LOISIR,"https://monenfant.fr/que-recherchez-vous?structure=ALSH&location=Aix-en-Provence,%20Bouches-du-Rh%C3%B4ne,%20Provence-Alpes-C%C3%B4te%20d%27Azur,%20FRA&x=5.447381703606&y=43.529801070774&radius=30000"
32fa09a9-d5ac-4516-bbe1-8901544a4487,41210846,ALSH,,ESC GRAND CANET 13014 - GROUPE SCOLAIRE CANET LAROUSSE,,0750590977,,direction@csgrandcanet.fr,26 Boulevard DE LA MAISON BLANCHE 13014 MARSEILLE,MARSEILLE,22914,,,false,,AIX EN PROVENCE LOISIR,"https://monenfant.fr/que-recherchez-vous?structure=ALSH&location=Aix-en-Provence,%20Bouches-du-Rh%C3%B4ne,%20Provence-Alpes-C%C3%B4te%20d%27Azur,%20FRA&x=5.447381703606&y=43.529801070774&radius=30000"
0ce08c85-f869-4815-86c9-4e6ab999e3c5,39807150,ALSH,,ADO AFAC BOIS LEMAITRE 13012 -  BOIS LEMAITRE,,0491932669,,afac.marseille@free.fr,37 Avenue Roger Salzmann 13012 MARSEILLE,MARSEILLE,23012,,,false,,AIX EN PROVENCE LOISIR,"https://monenfant.fr/que-recherchez-vous?structure=ALSH&location=Aix-en-Provence,%20Bouches-du-Rh%C3%B4ne,%20Provence-Alpes-C%C3%B4te%20d%27Azur,%20FRA&x=5.447381703606&y=43.529801070774&radius=30000"
e76f03c8-ba4e-4670-a83b-5af656c83e2d,10741052,ALSH,,ESC AFAC BOIS LEMAITRE 13012 -  BOIS LEMAITRE,,0491932669,,afac.marseille@free.fr,37 Avenue Roger Salzmann 13012 MARSEILLE,MARSEILLE,23012,,,false,,AIX EN PROVENCE LOISIR,"https://monenfant.fr/que-recherchez-vous?structure=ALSH&location=Aix-en-Provence,%20Bouches-du-Rh%C3%B4ne,%20Provence-Alpes-C%C3%B4te%20d%27Azur,%20FRA&x=5.447381703606&y=43.529801070774&radius=30000"
e165d11e-d47c-4d38-b652-72d9bcc23380,39807010,ALSH,,MERC AFAC BOIS LEMAITRE 13012 -  BOIS LEMAITRE,,0491932669,,afac.marseille@free.fr,37 Avenue Roger Salzmann 13012 MARSEILLE,MARSEILLE,23012,,,false,,AIX EN PROVENCE LOISIR,"https://monenfant.fr/que-recherchez-vous?structure=ALSH&location=Aix-en-Provence,%20Bouches-du-Rh%C3%B4ne,%20Provence-Alpes-C%C3%B4te%20d%27Azur,%20FRA&x=5.447381703606&y=43.529801070774&radius=30000"
2a2c24e0-3905-469b-8405-b95accafe7e3,22142092,ALSH,,ESC COMMUNE DE MARIGNANE - CENTRE DE LOISIRS SAINT-PIERRE,,0442883029,,centreaere@ville-marignane.fr,22 Chemin Saint Pierre 13700 MARIGNANE,MARIGNANE,23094,,,false,,AIX EN PROVENCE LOISIR,"https://monenfant.fr/que-recherchez-vous?structure=ALSH&location=Aix-en-Provence,%20Bouches-du-Rh%C3%B4ne,%20Provence-Alpes-C%C3%B4te%20d%27Azur,%20FRA&x=5.447381703606&y=43.529801070774&radius=30000"
c16286e4-ff92-4cca-be3e-d70f19d625d9,10800694,ALSH,,"ESC COMMUNE BERRE L ETANG - ALSH ""CASANOVA""",https://www.berreletang.fr/,0442740831,,cl.casanova@berre-l-etang.fr, Impasse DE L'AVIATION 13130 BERRE L ETANG,BERRE L ETANG,23207,,,false,,AIX EN PROVENCE LOISIR,"https://monenfant.fr/que-recherchez-vous?structure=ALSH&location=Aix-en-Provence,%20Bouches-du-Rh%C3%B4ne,%20Provence-Alpes-C%C3%B4te%20d%27Azur,%20FRA&x=5.447381703606&y=43.529801070774&radius=30000"
3f9a3ec1-62a6-43a0-936b-0b1220538acf,40306493,ALSH,,"PSC COMMUNE BERRE L ETANG - ALSH ""CASANOVA""",https://www.berreletang.fr/,0442740831,,cl.casanova@berre-l-etang.fr, Impasse DE L'AVIATION 13130 BERRE L ETANG,BERRE L ETANG,23207,,,false,,AIX EN PROVENCE LOISIR,"https://monenfant.fr/que-recherchez-vous?structure=ALSH&location=Aix-en-Provence,%20Bouches-du-Rh%C3%B4ne,%20Provence-Alpes-C%C3%B4te%20d%27Azur,%20FRA&x=5.447381703606&y=43.529801070774&radius=30000"
ba25c2c6-4a5a-4173-8936-f2e8090f0d18,22510585,ALSH,,13- AJ ADO LA MAURELLE 13013 - SYNERGIE,,0491798536,,contact@synergiefamily.fr,20 Rue Marius Briata 13013 MARSEILLE,MARSEILLE,23217,,,false,,AIX EN PROVENCE LOISIR,"https://monenfant.fr/que-recherchez-vous?structure=ALSH&location=Aix-en-Provence,%20Bouches-du-Rh%C3%B4ne,%20Provence-Alpes-C%C3%B4te%20d%27Azur,%20FRA&x=5.447381703606&y=43.529801070774&radius=30000"
92952a91-a735-43f7-9768-192cb13756f6,40254307,ALSH,,MERC MAIRIE 7EME SECTEUR 13013 -  MPT LA MAURELLE,,0491702551,,,20 Rue MARIUS BRIATA 13013 MARSEILLE,MARSEILLE,23217,,,false,,AIX EN PROVENCE LOISIR,"https://monenfant.fr/que-recherchez-vous?structure=ALSH&location=Aix-en-Provence,%20Bouches-du-Rh%C3%B4ne,%20Provence-Alpes-C%C3%B4te%20d%27Azur,%20FRA&x=5.447381703606&y=43.529801070774&radius=30000"
3ba9e029-a9fd-4837-ace7-7c4ddfab04c7,11007008,ALSH,,ESC MAIRIE 7EME SECTEUR 13013  - SAINT JUST BELLEVUE,,0491671475,,cs-stjust@orange.fr,58 Avenue Corot 13013 MARSEILLE,MARSEILLE,23260,,,false,,AIX EN PROVENCE LOISIR,"https://monenfant.fr/que-recherchez-vous?structure=ALSH&location=Aix-en-Provence,%20Bouches-du-Rh%C3%B4ne,%20Provence-Alpes-C%C3%B4te%20d%27Azur,%20FRA&x=5.447381703606&y=43.529801070774&radius=30000"
5eb9f1af-2466-4511-9335-02d58460c1c1,11001074,ALSH,,MERCREDI  MAIRIE 7EME SECTEUR 13013 - SAINT JUST BELLEVUE,,0491671475,,cs-stjust@orange.fr,58 Avenue Corot 13013 MARSEILLE,MARSEILLE,23260,,,false,,AIX EN PROVENCE LOISIR,"https://monenfant.fr/que-recherchez-vous?structure=ALSH&location=Aix-en-Provence,%20Bouches-du-Rh%C3%B4ne,%20Provence-Alpes-C%C3%B4te%20d%27Azur,%20FRA&x=5.447381703606&y=43.529801070774&radius=30000"
502c4b47-e795-4d4c-b7cd-8f2256c01975,35944396,ALSH,,CLUB JEUNES LE TRANSFO,https://www.letransfo-jeunes.fr,0490779875,,cj.letransfo@cotelub-spl.fr,262 Boulevard de Verdun 84240 LA TOUR D AIGUES,LA TOUR D AIGUES,23293,,,false,,AIX EN PROVENCE LOISIR,"https://monenfant.fr/que-recherchez-vous?structure=ALSH&location=Aix-en-Provence,%20Bouches-du-Rh%C3%B4ne,%20Provence-Alpes-C%C3%B4te%20d%27Azur,%20FRA&x=5.447381703606&y=43.529801070774&radius=30000"
2e1ec74c-c8bb-4855-be64-c96b7682e37f,10772314,ALSH,,ESC MAIRIE 7EME SECTEUR 13014 - MARINE BLEUE,,0491982273,,, Boulevard Charles Moretti 13014 MARSEILLE,MARSEILLE,23337,,,false,,AIX EN PROVENCE LOISIR,"https://monenfant.fr/que-recherchez-vous?structure=ALSH&location=Aix-en-Provence,%20Bouches-du-Rh%C3%B4ne,%20Provence-Alpes-C%C3%B4te%20d%27Azur,%20FRA&x=5.447381703606&y=43.529801070774&radius=30000"
b47f22ff-1591-460e-bb32-f0c6080cc7ea,22350509,ALSH,,13-ESC-UFCV-AURIOL-  LES PETITS LOUPS,https://portail-animation.ufcv.fr/accueil-loisirs-auriol,0442088070,,al.auriol@ufcv.fr, Avenue Jean Maffre - Château de la Bardeline 13390 AURIOL,AURIOL,23399,,,false,,AIX EN PROVENCE LOISIR,"https://monenfant.fr/que-recherchez-vous?structure=ALSH&location=Aix-en-Provence,%20Bouches-du-Rh%C3%B4ne,%20Provence-Alpes-C%C3%B4te%20d%27Azur,%20FRA&x=5.447381703606&y=43.529801070774&radius=30000"
d8e9bb0e-b1ef-421d-8ccd-8f02ae9ec281,40316348,ALSH,,13-MERC -UFCV-AURIOL-  LES PETITS LOUPS,https://portail-animation.ufcv.fr/accueil-loisirs-auriol,0442088070,,al.auriol@ufcv.fr, Avenue Jean Maffre - Château de la Bardeline 13390 AURIOL,AURIOL,23399,,,false,,AIX EN PROVENCE LOISIR,"https://monenfant.fr/que-recherchez-vous?structure=ALSH&location=Aix-en-Provence,%20Bouches-du-Rh%C3%B4ne,%20Provence-Alpes-C%C3%B4te%20d%27Azur,%20FRA&x=5.447381703606&y=43.529801070774&radius=30000"
ae411f7b-2378-4f80-bf8b-fc7dd6f64815,10671994,ALSH,,"ALSH ""CENTRE SOCIAL L'AIGUIER""",,0490072300,,centresocialtourdaigues@wanadoo.fr, Rue du Parc 84240 LA TOUR D AIGUES,LA TOUR D AIGUES,23411,,,false,,AIX EN PROVENCE LOISIR,"https://monenfant.fr/que-recherchez-vous?structure=ALSH&location=Aix-en-Provence,%20Bouches-du-Rh%C3%B4ne,%20Provence-Alpes-C%C3%B4te%20d%27Azur,%20FRA&x=5.447381703606&y=43.529801070774&radius=30000"
7b7a6764-8c7b-4771-b5b5-0cdb766ca43b,10671908,ALSH,,"ALSH ""CENTRE SOCIAL L'AIGUIER""",,0490072300,,centresocialtourdaigues@wanadoo.fr, Rue du Parc 84240 LA TOUR D AIGUES,LA TOUR D AIGUES,23411,,,false,,AIX EN PROVENCE LOISIR,"https://monenfant.fr/que-recherchez-vous?structure=ALSH&location=Aix-en-Provence,%20Bouches-du-Rh%C3%B4ne,%20Provence-Alpes-C%C3%B4te%20d%27Azur,%20FRA&x=5.447381703606&y=43.529801070774&radius=30000"
2f5b8014-a6af-4b45-83b8-ff876ca936b0,10985809,ALSH,,ALSH MATERNELLES- PRIMAIRES POURRIERES A POURRIERES,,0673627632,,ingrid.lepage@odelvar.com,1 Rue MARIUS CAIUS 83910 POURRIERES,POURRIERES,23441,,,false,,AIX EN PROVENCE LOISIR,"https://monenfant.fr/que-recherchez-vous?structure=ALSH&location=Aix-en-Provence,%20Bouches-du-Rh%C3%B4ne,%20Provence-Alpes-C%C3%B4te%20d%27Azur,%20FRA&x=5.447381703606&y=43.529801070774&radius=30000"
3f3cbac8-228e-4dfe-8b3d-0f035818bbb7,40862030,ALSH,,13-PSC SOIR -FAIL-13014 - MATERNELLE ET ELEMENTAIRE CLAIR SOLEIL,https://laligue13.fr/,0779265767,,referent32@laligue13.fr,49 Boulevard CHARLES MORETTI 13014 MARSEILLE,MARSEILLE,23453,,,false,,AIX EN PROVENCE LOISIR,"https://monenfant.fr/que-recherchez-vous?structure=ALSH&location=Aix-en-Provence,%20Bouches-du-Rh%C3%B4ne,%20Provence-Alpes-C%C3%B4te%20d%27Azur,%20FRA&x=5.447381703606&y=43.529801070774&radius=30000"
e626d07d-191d-4284-b73b-a72392a74940,10905133,ALSH,,ESC COMMUNE DE GIGNAC - LES VIGUIÈRES'COMPLEXE SPORTIF,http://www.gignaclanerthe.fr,0771446178,,, Avenue Jan Pallach 13180 GIGNAC LA NERTHE,GIGNAC LA NERTHE,23453,,,false,,AIX EN PROVENCE LOISIR,"https://monenfant.fr/que-recherchez-vous?structure=ALSH&location=Aix-en-Provence,%20Bouches-du-Rh%C3%B4ne,%20Provence-Alpes-C%C3%B4te%20d%27Azur,%20FRA&x=5.447381703606&y=43.529801070774&radius=30000"
ece3b799-4364-4be8-890d-e39144724e86,39997567,ALSH,,PSC COMMUNE DE GIGNAC - GROUPE SCOLAIRE MARCEL PAGNOL,http://www.gignaclanerthe.fr,0771446178,,, Avenue Jan Pallach 13180 GIGNAC LA NERTHE,GIGNAC LA NERTHE,23453,,,false,,AIX EN PROVENCE LOISIR,"https://monenfant.fr/que-recherchez-vous?structure=ALSH&location=Aix-en-Provence,%20Bouches-du-Rh%C3%B4ne,%20Provence-Alpes-C%C3%B4te%20d%27Azur,%20FRA&x=5.447381703606&y=43.529801070774&radius=30000"
5efabe18-010d-441c-8d1d-cdddcc3e28eb,41031715,ALSH,,ESC COMMUNE LA ROQUE D ANTHERON - LES FEUILLANTINES,https://www.ville-laroquedantheron.fr,0442957070,,mde@ville-laroquedantheron.fr, Rue casimir mouton 13640 LA ROQUE D ANTHERON,LA ROQUE D ANTHERON,23485,,,false,,AIX EN PROVENCE LOISIR,"https://monenfant.fr/que-recherchez-vous?structure=ALSH&location=Aix-en-Provence,%20Bouches-du-Rh%C3%B4ne,%20Provence-Alpes-C%C3%B4te%20d%27Azur,%20FRA&x=5.447381703606&y=43.529801070774&radius=30000"
dbcebf46-0490-481c-939f-2cf67563df04,41031760,ALSH,,PSC MERC COMMUNE LA ROQUE D ANTHERON - LES FEUILLANTINES,https://www.ville-laroquedantheron.fr,0442957070,,mde@ville-laroquedantheron.fr, Rue casimir mouton 13640 LA ROQUE D ANTHERON,LA ROQUE D ANTHERON,23485,,,false,,AIX EN PROVENCE LOISIR,"https://monenfant.fr/que-recherchez-vous?structure=ALSH&location=Aix-en-Provence,%20Bouches-du-Rh%C3%B4ne,%20Provence-Alpes-C%C3%B4te%20d%27Azur,%20FRA&x=5.447381703606&y=43.529801070774&radius=30000"
e181efe4-e85c-45bd-ad4c-9deeafb795fc,21431652,ALSH,,ADO AJ ST GABRIEL 13014  - ST GABRIEL (14-17ANS),http://www.centresocial-saintgabriel.org,0491673203,,stgabriel1@orange.fr,12 Rue RICHARD 13014 MARSEILLE,MARSEILLE,23490,,,false,,AIX EN PROVENCE LOISIR,"https://monenfant.fr/que-recherchez-vous?structure=ALSH&location=Aix-en-Provence,%20Bouches-du-Rh%C3%B4ne,%20Provence-Alpes-C%C3%B4te%20d%27Azur,%20FRA&x=5.447381703606&y=43.529801070774&radius=30000"
cc8efced-90a9-4f04-a756-6cf96871dd55,39828066,ALSH,,ESC CS ST GABRIEL 13014  - ACM,http://www.centresocial-saintgabriel.org,0491673203,,stgabriel1@orange.fr,12 Rue RICHARD 13014 MARSEILLE,MARSEILLE,23490,,,false,,AIX EN PROVENCE LOISIR,"https://monenfant.fr/que-recherchez-vous?structure=ALSH&location=Aix-en-Provence,%20Bouches-du-Rh%C3%B4ne,%20Provence-Alpes-C%C3%B4te%20d%27Azur,%20FRA&x=5.447381703606&y=43.529801070774&radius=30000"
f522191c-e3f5-4ee2-b00f-08a73b2d72d5,40954995,ALSH,,ESC CS ST GABRIEL 13014 - ACM MATERNELLE SINONCELLI,http://centresocial-stgabriel.org,0491673203,,stgabriel1@orange.fr,12 Rue RICHARD 13014 MARSEILLE,MARSEILLE,23490,,,false,,AIX EN PROVENCE LOISIR,"https://monenfant.fr/que-recherchez-vous?structure=ALSH&location=Aix-en-Provence,%20Bouches-du-Rh%C3%B4ne,%20Provence-Alpes-C%C3%B4te%20d%27Azur,%20FRA&x=5.447381703606&y=43.529801070774&radius=30000"
a3befefe-5286-4441-8828-24439a2843a6,39828111,ALSH,,PSC  CS ST GABRIEL 13014  - ACM,http://www.centresocial-saintgabriel.org,0491673203,,stgabriel1@orange.fr,12 Rue RICHARD 13014 MARSEILLE,MARSEILLE,23490,,,false,,AIX EN PROVENCE LOISIR,"https://monenfant.fr/que-recherchez-vous?structure=ALSH&location=Aix-en-Provence,%20Bouches-du-Rh%C3%B4ne,%20Provence-Alpes-C%C3%B4te%20d%27Azur,%20FRA&x=5.447381703606&y=43.529801070774&radius=30000"
080f6391-0b78-45cd-ada7-979fb3fb998d,40955040,ALSH,,PSC CS ST GABRIEL 13014 - ACM MATERNELLE SINONCELLI,http://centresocial-stgabriel.org,0491673203,,stgabriel1@orange.fr,12 Rue RICHARD 13014 MARSEILLE,MARSEILLE,23490,,,false,,AIX EN PROVENCE LOISIR,"https://monenfant.fr/que-recherchez-vous?structure=ALSH&location=Aix-en-Provence,%20Bouches-du-Rh%C3%B4ne,%20Provence-Alpes-C%C3%B4te%20d%27Azur,%20FRA&x=5.447381703606&y=43.529801070774&radius=30000"
cc0f3e93-8e37-4927-8801-9f2f71d16536,40855038,ALSH,,PSC SOIR-FAIL-13013- MATERNELLE MALPASSE LES FLORALIES,http://www.laligue13.fr,0613419808,,referent3@laligue13.fr,81 Boulevard BARRY 13013 MARSEILLE,MARSEILLE,23510,,,false,,AIX EN PROVENCE LOISIR,"https://monenfant.fr/que-recherchez-vous?structure=ALSH&location=Aix-en-Provence,%20Bouches-du-Rh%C3%B4ne,%20Provence-Alpes-C%C3%B4te%20d%27Azur,%20FRA&x=5.447381703606&y=43.529801070774&radius=30000"
3e206540-9b0d-4aed-92c0-137641095844,39619916,ALSH,,ESC MAIRIE 7EME SECTEUR 13014 -  TRUPHEME,,0491585870,,,23 Boulevard Truphème 13014 MARSEILLE,MARSEILLE,23517,,,false,,AIX EN PROVENCE LOISIR,"https://monenfant.fr/que-recherchez-vous?structure=ALSH&location=Aix-en-Provence,%20Bouches-du-Rh%C3%B4ne,%20Provence-Alpes-C%C3%B4te%20d%27Azur,%20FRA&x=5.447381703606&y=43.529801070774&radius=30000"
86b14513-0824-49ae-ac17-b940a1265405,10774206,ALSH,,MERC MAIRIE 7EME SECTEUR 13014 -  TRUPHEME,,0491585870,,,23 Boulevard Truphème 13014 MARSEILLE,MARSEILLE,23517,,,false,,AIX EN PROVENCE LOISIR,"https://monenfant.fr/que-recherchez-vous?structure=ALSH&location=Aix-en-Provence,%20Bouches-du-Rh%C3%B4ne,%20Provence-Alpes-C%C3%B4te%20d%27Azur,%20FRA&x=5.447381703606&y=43.529801070774&radius=30000"
28bfd5e0-55f7-4fa3-9887-77d9bf5263a6,10763800,ALSH,,"ALSH ""ATELIER EDUCATIF""",,0490681326,,mairie@cadenet.com,16 Cours Voltaire 84160 CADENET,CADENET,23592,,,false,,AIX EN PROVENCE LOISIR,"https://monenfant.fr/que-recherchez-vous?structure=ALSH&location=Aix-en-Provence,%20Bouches-du-Rh%C3%B4ne,%20Provence-Alpes-C%C3%B4te%20d%27Azur,%20FRA&x=5.447381703606&y=43.529801070774&radius=30000"
c5515228-acdc-46fd-9421-22a3bcdaf1f3,10666576,ALSH,,"ALSH ""LA RÉCRÉ DU MERCREDI""",,0490681326,,mairie@cadenet.com,16 Cours Voltaire 84160 CADENET,CADENET,23592,,,false,,AIX EN PROVENCE LOISIR,"https://monenfant.fr/que-recherchez-vous?structure=ALSH&location=Aix-en-Provence,%20Bouches-du-Rh%C3%B4ne,%20Provence-Alpes-C%C3%B4te%20d%27Azur,%20FRA&x=5.447381703606&y=43.529801070774&radius=30000"
260cd63c-852e-4f3c-b2ba-c53d990cd41f,10763757,ALSH,,"ALSH ""LES CÈDRES""",,0490681326,,mairie@cadenet.com,16 Cours Voltaire 84160 CADENET,CADENET,23592,,,false,,AIX EN PROVENCE LOISIR,"https://monenfant.fr/que-recherchez-vous?structure=ALSH&location=Aix-en-Provence,%20Bouches-du-Rh%C3%B4ne,%20Provence-Alpes-C%C3%B4te%20d%27Azur,%20FRA&x=5.447381703606&y=43.529801070774&radius=30000"
1067b8e4-0812-4c69-b0dd-327fb14f003e,10763843,ALSH,,"ALSH ""MÉLINA MERCOURI""",,0490681326,,mairie@cadenet.com,16 Cours Voltaire 84160 CADENET,CADENET,23592,,,false,,AIX EN PROVENCE LOISIR,"https://monenfant.fr/que-recherchez-vous?structure=ALSH&location=Aix-en-Provence,%20Bouches-du-Rh%C3%B4ne,%20Provence-Alpes-C%C3%B4te%20d%27Azur,%20FRA&x=5.447381703606&y=43.529801070774&radius=30000"
09aeeb76-5524-406d-af34-6cf56d773c0c,21438804,ALSH,,ESC MAIRIE 6EME SECTEUR 13012 -  MONTOLIVET,http://www.marseillemairie11-12.fr/services/animations/accueil-de-loisirs-sans-hebergement-acm-239.html,0491708230,,cma-acme-montolivet11-12@marseille.fr,355 Avenue De Montolivet 13012 MARSEILLE,MARSEILLE,23601,,,false,,AIX EN PROVENCE LOISIR,"https://monenfant.fr/que-recherchez-vous?structure=ALSH&location=Aix-en-Provence,%20Bouches-du-Rh%C3%B4ne,%20Provence-Alpes-C%C3%B4te%20d%27Azur,%20FRA&x=5.447381703606&y=43.529801070774&radius=30000"
458c45c6-ec40-4033-b449-b32190e775db,39866667,ALSH,,MERC MAIRIE 6EME SECTEUR 13012 -  MONTOLIVET,http://www.marseillemairie11-12.fr/services/animations/accueil-de-loisirs-sans-hebergement-acm-239.html,0491708230,,cma-acme-montolivet11-12@marseille.fr,355 Avenue De Montolivet 13012 MARSEILLE,MARSEILLE,23601,,,false,,AIX EN PROVENCE LOISIR,"https://monenfant.fr/que-recherchez-vous?structure=ALSH&location=Aix-en-Provence,%20Bouches-du-Rh%C3%B4ne,%20Provence-Alpes-C%C3%B4te%20d%27Azur,%20FRA&x=5.447381703606&y=43.529801070774&radius=30000"
e333b6a4-ce14-4277-8b7a-9ee05bf44032,35944596,ALSH,,CLUB JEUNES LE KIOSK',,0752024459,,clubjeuneslekiosk@cotelub-spl.fr, Rue Tournante 84160 CADENET,CADENET,23605,,,false,,AIX EN PROVENCE LOISIR,"https://monenfant.fr/que-recherchez-vous?structure=ALSH&location=Aix-en-Provence,%20Bouches-du-Rh%C3%B4ne,%20Provence-Alpes-C%C3%B4te%20d%27Azur,%20FRA&x=5.447381703606&y=43.529801070774&radius=30000"
1d8fa4df-bfea-4434-a5ab-877ec9ddd4e4,10680723,ALSH,,"ALSH ""LI GRIGRI""",,0667526322,,mairie@cadenet.com,  BP 37 84160 CADENET,CADENET,23611,,,false,,AIX EN PROVENCE LOISIR,"https://monenfant.fr/que-recherchez-vous?structure=ALSH&location=Aix-en-Provence,%20Bouches-du-Rh%C3%B4ne,%20Provence-Alpes-C%C3%B4te%20d%27Azur,%20FRA&x=5.447381703606&y=43.529801070774&radius=30000"
d0de3260-9a2c-407a-acbb-2ec13835f4f0,40854923,ALSH,,PSC SOIR-FAIL-13013- ELEMENTAIRE ST JUST CENTRE 2,http://www.laligue13.fr,0613415031,,referent1@laligue13.fr,16-18 Rue SAINT GEORGES 13013 MARSEILLE,MARSEILLE,23630,,,false,,AIX EN PROVENCE LOISIR,"https://monenfant.fr/que-recherchez-vous?structure=ALSH&location=Aix-en-Provence,%20Bouches-du-Rh%C3%B4ne,%20Provence-Alpes-C%C3%B4te%20d%27Azur,%20FRA&x=5.447381703606&y=43.529801070774&radius=30000"
f8e7c631-d67a-415e-ac00-55414a18c128,28244510,ALSH,,13-ADO-UFCV-AURIOL - LOISIRS JEUNES  STEPHAN AUZIE,https://portail-animation.ufcv.fr/espace-jeune-auriol/,0442088070,,al.auriol@ufcv.fr, Avenue Jean Maffre 13390 AURIOL,AURIOL,23639,,,false,,AIX EN PROVENCE LOISIR,"https://monenfant.fr/que-recherchez-vous?structure=ALSH&location=Aix-en-Provence,%20Bouches-du-Rh%C3%B4ne,%20Provence-Alpes-C%C3%B4te%20d%27Azur,%20FRA&x=5.447381703606&y=43.529801070774&radius=30000"
b373b5aa-2e50-452f-a7b5-51e6a7f124cc,40854873,ALSH,,PSC SOIR-FAIL-13013- ELEMENTAIRE ST JUST CENTRE 1,http://www.laligue13.fr,0613415031,,referent1@laligue13.fr,14 Rue SAINT GEORGES 13013 MARSEILLE,MARSEILLE,23639,,,false,,AIX EN PROVENCE LOISIR,"https://monenfant.fr/que-recherchez-vous?structure=ALSH&location=Aix-en-Provence,%20Bouches-du-Rh%C3%B4ne,%20Provence-Alpes-C%C3%B4te%20d%27Azur,%20FRA&x=5.447381703606&y=43.529801070774&radius=30000"
94f77099-809a-46a7-a09a-bbf5ffc188b8,40857163,ALSH,,PSC SOIR-FAIL-13013- MATERNELLE  ST JUST CENTRE,http://www.laligue13.fr,0613415031,,referent1@laligue13.fr,12 Rue SAINT GEORGES 13013 MARSEILLE,MARSEILLE,23660,,,false,,AIX EN PROVENCE LOISIR,"https://monenfant.fr/que-recherchez-vous?structure=ALSH&location=Aix-en-Provence,%20Bouches-du-Rh%C3%B4ne,%20Provence-Alpes-C%C3%B4te%20d%27Azur,%20FRA&x=5.447381703606&y=43.529801070774&radius=30000"
9b47a72b-7ef4-42a9-8003-f06b61478884,40313716,ALSH,,MERCREDI  COMMUNE ROQUEVAIRE - ESPACE RESSOURCE JEUNE,http://ville-de-roquevaire.fr/,0442723157,,eac@ville-roquevaire.fr,135 Boulevard PIOT 13360 ROQUEVAIRE,ROQUEVAIRE,23661,,,false,,AIX EN PROVENCE LOISIR,"https://monenfant.fr/que-recherchez-vous?structure=ALSH&location=Aix-en-Provence,%20Bouches-du-Rh%C3%B4ne,%20Provence-Alpes-C%C3%B4te%20d%27Azur,%20FRA&x=5.447381703606&y=43.529801070774&radius=30000"
2134e6c1-abf8-4893-8593-3b3d8060f8f0,22141248,ALSH,,ESC GROUPE SCOLAIRE F BESSOUS LE ROV,,0491468000,,s.damora@le-rove.fr,34 Rue Jacques Duclos 13740 LE ROVE,LE ROVE,23679,,,false,,AIX EN PROVENCE LOISIR,"https://monenfant.fr/que-recherchez-vous?structure=ALSH&location=Aix-en-Provence,%20Bouches-du-Rh%C3%B4ne,%20Provence-Alpes-C%C3%B4te%20d%27Azur,%20FRA&x=5.447381703606&y=43.529801070774&radius=30000"
39f7d7db-bce7-40e3-8ca2-3f6834e41cab,40866243,ALSH,,13-PSC SOIR -FAIL-13014 - MATERNELLE ST GABRIEL,https://laligue13.fr/,0779265767,,referent32@laligue13.fr,80 Chemin DE GIBBES 13014 MARSEILLE,MARSEILLE,23692,,,false,,AIX EN PROVENCE LOISIR,"https://monenfant.fr/que-recherchez-vous?structure=ALSH&location=Aix-en-Provence,%20Bouches-du-Rh%C3%B4ne,%20Provence-Alpes-C%C3%B4te%20d%27Azur,%20FRA&x=5.447381703606&y=43.529801070774&radius=30000"
edc32352-f756-483d-b979-f0658976b04e,40312930,ALSH,,ESC COMMUNE ROQUEVAIRE - ESPACE CLEMENT DAVID,http://ville-de-roquevaire.fr/,0484352604,,eac@ville-roquevaire.fr,84 Boulevard piot 13360 ROQUEVAIRE,ROQUEVAIRE,23697,,,false,,AIX EN PROVENCE LOISIR,"https://monenfant.fr/que-recherchez-vous?structure=ALSH&location=Aix-en-Provence,%20Bouches-du-Rh%C3%B4ne,%20Provence-Alpes-C%C3%B4te%20d%27Azur,%20FRA&x=5.447381703606&y=43.529801070774&radius=30000"
a84312bc-9dd4-4050-b6b8-2eac4840f43a,40312974,ALSH,,MERC COMMUNE ROQUEVAIRE - ESPACE CLEMENT DAVID,http://ville-de-roquevaire.fr/,0484352604,,eac@ville-roquevaire.fr,84 Boulevard piot 13360 ROQUEVAIRE,ROQUEVAIRE,23697,,,false,,AIX EN PROVENCE LOISIR,"https://monenfant.fr/que-recherchez-vous?structure=ALSH&location=Aix-en-Provence,%20Bouches-du-Rh%C3%B4ne,%20Provence-Alpes-C%C3%B4te%20d%27Azur,%20FRA&x=5.447381703606&y=43.529801070774&radius=30000"
8a25a222-df6b-43f4-9f71-a9653fd38bb1,40312537,ALSH,,ESC COMMUNE ROQUEVAIRE - ECOLE MATERNELLE QUINSOUNAIO,http://ville-de-roquevaire.fr/,0442329130,,eac@ville-roquevaire.fr, Avenue des Alliés 13360 ROQUEVAIRE,ROQUEVAIRE,23824,,,false,,AIX EN PROVENCE LOISIR,"https://monenfant.fr/que-recherchez-vous?structure=ALSH&location=Aix-en-Provence,%20Bouches-du-Rh%C3%B4ne,%20Provence-Alpes-C%C3%B4te%20d%27Azur,%20FRA&x=5.447381703606&y=43.529801070774&radius=30000"
27f43245-ab56-4bc0-a4b7-8430c48c3b16,40312580,ALSH,,MERCREDI  COMMUNE ROQUEVAIRE - ECOLE MATERNELLE QUINSOUNAIO,http://ville-de-roquevaire.fr/,0442329130,,eac@ville-roquevaire.fr, Avenue des Alliés 13360 ROQUEVAIRE,ROQUEVAIRE,23824,,,false,,AIX EN PROVENCE LOISIR,"https://monenfant.fr/que-recherchez-vous?structure=ALSH&location=Aix-en-Provence,%20Bouches-du-Rh%C3%B4ne,%20Provence-Alpes-C%C3%B4te%20d%27Azur,%20FRA&x=5.447381703606&y=43.529801070774&radius=30000"
924dd4c1-031b-4b4c-94f5-ffd9c226236b,11000257,ALSH,,ESC EPISEC 13012,http://www.episec.fr,0491887436,,mpt.troislucsvalentine@episec.fr,21 Traverse De La Malvina 13012 MARSEILLE,MARSEILLE,23898,,,false,,AIX EN PROVENCE LOISIR,"https://monenfant.fr/que-recherchez-vous?structure=ALSH&location=Aix-en-Provence,%20Bouches-du-Rh%C3%B4ne,%20Provence-Alpes-C%C3%B4te%20d%27Azur,%20FRA&x=5.447381703606&y=43.529801070774&radius=30000"
4f39d6fc-a12e-4d3c-b893-5505fb57a417,46098849,ALSH,,ECOLE ELEMENTAIRE PARC BELLEVUE,,0491582686,,,143 Rue Félix Pyat 13003 MARSEILLE,MARSEILLE,24168,,,false,,AIX EN PROVENCE LOISIR,"https://monenfant.fr/que-recherchez-vous?structure=ALSH&location=Aix-en-Provence,%20Bouches-du-Rh%C3%B4ne,%20Provence-Alpes-C%C3%B4te%20d%27Azur,%20FRA&x=5.447381703606&y=43.529801070774&radius=30000"
87eb7110-5ceb-4fe6-a9d0-7fcd97c3a5d8,39894598,ALSH,,"MERC  MAIRIE 3EME SECTEUR 13004 -  ACM  VELTEN, CHUTES LAVIE",,0491501450,,cmachuteslavie@marseille.fr,10 Boulevard Anatole France 13004 MARSEILLE,MARSEILLE,24290,,,false,,AIX EN PROVENCE LOISIR,"https://monenfant.fr/que-recherchez-vous?structure=ALSH&location=Aix-en-Provence,%20Bouches-du-Rh%C3%B4ne,%20Provence-Alpes-C%C3%B4te%20d%27Azur,%20FRA&x=5.447381703606&y=43.529801070774&radius=30000"
3e5829c0-2383-430d-8322-2dcd7f610c29,11032937,ALSH,,"ESC MAIRIE 3EME SECTEUR 13004 -  VELTEN, CHUTES LAVIE",,0491501450,,cmachuteslavie@marseille.fr,2 Boulevard Anatole France 13004 MARSEILLE,MARSEILLE,24323,,,false,,AIX EN PROVENCE LOISIR,"https://monenfant.fr/que-recherchez-vous?structure=ALSH&location=Aix-en-Provence,%20Bouches-du-Rh%C3%B4ne,%20Provence-Alpes-C%C3%B4te%20d%27Azur,%20FRA&x=5.447381703606&y=43.529801070774&radius=30000"
a0715374-1046-4fef-a5f1-f8ef4cd9be10,46071379,ALSH,,ECOLE ELEMENTAIRE EDOUARD VAILLANT,,0491026690,,,16 Rue Edouard Vaillant 13003 MARSEILLE,MARSEILLE,24345,,,false,,AIX EN PROVENCE LOISIR,"https://monenfant.fr/que-recherchez-vous?structure=ALSH&location=Aix-en-Provence,%20Bouches-du-Rh%C3%B4ne,%20Provence-Alpes-C%C3%B4te%20d%27Azur,%20FRA&x=5.447381703606&y=43.529801070774&radius=30000"
729117af-58be-4bbe-bf2f-caceed547414,24918439,ALSH,,ESC LES MINOTS DE LA FRAT 13003,http://labelledemai1.free.fr/,0491622809,,labelledemai1@free.fr,7 Boulevard BUREL 13003 MARSEILLE,MARSEILLE,24404,,,false,,AIX EN PROVENCE LOISIR,"https://monenfant.fr/que-recherchez-vous?structure=ALSH&location=Aix-en-Provence,%20Bouches-du-Rh%C3%B4ne,%20Provence-Alpes-C%C3%B4te%20d%27Azur,%20FRA&x=5.447381703606&y=43.529801070774&radius=30000"
226c5d8a-1b18-4642-846d-223b72827e76,40013179,ALSH,,MERC LES MINOTS DE LA FRAT 13003,http://labelledemai1.free.fr/,0491622809,,labelledemai1@free.fr,7 Boulevard BUREL 13003 MARSEILLE,MARSEILLE,24404,,,false,,AIX EN PROVENCE LOISIR,"https://monenfant.fr/que-recherchez-vous?structure=ALSH&location=Aix-en-Provence,%20Bouches-du-Rh%C3%B4ne,%20Provence-Alpes-C%C3%B4te%20d%27Azur,%20FRA&x=5.447381703606&y=43.529801070774&radius=30000"
a022e00b-e4fa-4dff-9d59-082c6afb7860,46099718,ALSH,,ECOLE ELÉMENTAIRE RÉVOLUTION VAILLANT,,0491025768,,,45 Rue Edouard Vaillant 13003 MARSEILLE,MARSEILLE,24406,,,false,,AIX EN PROVENCE LOISIR,"https://monenfant.fr/que-recherchez-vous?structure=ALSH&location=Aix-en-Provence,%20Bouches-du-Rh%C3%B4ne,%20Provence-Alpes-C%C3%B4te%20d%27Azur,%20FRA&x=5.447381703606&y=43.529801070774&radius=30000"
d0459c62-48bc-4093-ba31-27a877f7a1d2,46099924,ALSH,,ECOLE MATERNELLE RÉVOLUTION,,0491025768,,,45 Rue Edouard Vaillant 13003 MARSEILLE,MARSEILLE,24406,,,false,,AIX EN PROVENCE LOISIR,"https://monenfant.fr/que-recherchez-vous?structure=ALSH&location=Aix-en-Provence,%20Bouches-du-Rh%C3%B4ne,%20Provence-Alpes-C%C3%B4te%20d%27Azur,%20FRA&x=5.447381703606&y=43.529801070774&radius=30000"
28ccf1d9-4220-4092-8ab0-fa73e984d15d,40384342,ALSH,,ESC ANI 13012 (CENTRE DE LOISIRS ANI),,0491934122,,centreani@gmail.com,31 Rue de Calais 13012 MARSEILLE,MARSEILLE,24430,,,false,,AIX EN PROVENCE LOISIR,"https://monenfant.fr/que-recherchez-vous?structure=ALSH&location=Aix-en-Provence,%20Bouches-du-Rh%C3%B4ne,%20Provence-Alpes-C%C3%B4te%20d%27Azur,%20FRA&x=5.447381703606&y=43.529801070774&radius=30000"
61491b80-6572-40ea-81d6-eb465e87d7bc,21439821,ALSH,,MERC ANI 13012,,0491934122,,centreani@gmail.com,31 Rue de Calais 13012 MARSEILLE,MARSEILLE,24430,,,false,,AIX EN PROVENCE LOISIR,"https://monenfant.fr/que-recherchez-vous?structure=ALSH&location=Aix-en-Provence,%20Bouches-du-Rh%C3%B4ne,%20Provence-Alpes-C%C3%B4te%20d%27Azur,%20FRA&x=5.447381703606&y=43.529801070774&radius=30000"
545b6e0c-c37f-4fea-b937-19e3cd558327,46099618,ALSH,,ECOLE ELÉMENTAIRE RÉVOLUTION JET D'EAU,,0491501792,,,38 Rue du Jet d'Eau 13003 MARSEILLE,MARSEILLE,24458,,,false,,AIX EN PROVENCE LOISIR,"https://monenfant.fr/que-recherchez-vous?structure=ALSH&location=Aix-en-Provence,%20Bouches-du-Rh%C3%B4ne,%20Provence-Alpes-C%C3%B4te%20d%27Azur,%20FRA&x=5.447381703606&y=43.529801070774&radius=30000"
612d309e-5033-4f1e-ae15-001d1df0a300,40902292,ALSH,,13-PSC SOIR -FAIL-13004 - MATERNELLE ET ÉLEMENTAIRE EUGENE CAS 1&2,https://laligue13.fr/,0603252879,,referent20@laligue13.fr,217 Avenue DES CHARTREUX 13004 MARSEILLE,MARSEILLE,24480,,,false,,AIX EN PROVENCE LOISIR,"https://monenfant.fr/que-recherchez-vous?structure=ALSH&location=Aix-en-Provence,%20Bouches-du-Rh%C3%B4ne,%20Provence-Alpes-C%C3%B4te%20d%27Azur,%20FRA&x=5.447381703606&y=43.529801070774&radius=30000"
5481afc4-dcab-456a-b728-7a768bd1e3bd,40903025,ALSH,,13-PSC SOIR -FAIL-13004 -  MATERNELLECHUTES LAVIE HLM MED,https://laligue13.fr/,0624836446,,referent40@laligue13.fr,1 BIS Avenue DES CHUTES LAVIE 13004 MARSEILLE,MARSEILLE,24569,,,false,,AIX EN PROVENCE LOISIR,"https://monenfant.fr/que-recherchez-vous?structure=ALSH&location=Aix-en-Provence,%20Bouches-du-Rh%C3%B4ne,%20Provence-Alpes-C%C3%B4te%20d%27Azur,%20FRA&x=5.447381703606&y=43.529801070774&radius=30000"
5a9b51b1-d758-4d79-a895-19d808723491,46071530,ALSH,,ECOLE PRIMAIRE FÉLIX PYAT,,0491501124,,,54 Rue Félix Pyat 13003 MARSEILLE,MARSEILLE,24573,,,false,,AIX EN PROVENCE LOISIR,"https://monenfant.fr/que-recherchez-vous?structure=ALSH&location=Aix-en-Provence,%20Bouches-du-Rh%C3%B4ne,%20Provence-Alpes-C%C3%B4te%20d%27Azur,%20FRA&x=5.447381703606&y=43.529801070774&radius=30000"
a9ce3fa6-5862-4977-bb35-6e9929f6b62b,46098619,ALSH,,ECOLE PRIMAIRE FÉLIX PYAT,,0491501124,,,54 Rue Félix Pyat 13003 MARSEILLE,MARSEILLE,24573,,,false,,AIX EN PROVENCE LOISIR,"https://monenfant.fr/que-recherchez-vous?structure=ALSH&location=Aix-en-Provence,%20Bouches-du-Rh%C3%B4ne,%20Provence-Alpes-C%C3%B4te%20d%27Azur,%20FRA&x=5.447381703606&y=43.529801070774&radius=30000"
8e309cd8-e800-44e1-afcc-bd1445170841,11032851,ALSH,,13-AJ-LLM-13003 - CS  BELLE DE MAI ADOS,,0491625505,,belledemai@leolagrangepaca.org,6 Boulevard Boyer 13003 MARSEILLE,MARSEILLE,24630,,,false,,AIX EN PROVENCE LOISIR,"https://monenfant.fr/que-recherchez-vous?structure=ALSH&location=Aix-en-Provence,%20Bouches-du-Rh%C3%B4ne,%20Provence-Alpes-C%C3%B4te%20d%27Azur,%20FRA&x=5.447381703606&y=43.529801070774&radius=30000"
bf26cee5-ccfc-4c7c-9700-3b434596cd08,46069461,ALSH,,ECOLE EMENTAIRE BERNARD CADENAT,,0491503738,,,3 Place Bernard Cadenat 13003 MARSEILLE,MARSEILLE,24652,,,false,,AIX EN PROVENCE LOISIR,"https://monenfant.fr/que-recherchez-vous?structure=ALSH&location=Aix-en-Provence,%20Bouches-du-Rh%C3%B4ne,%20Provence-Alpes-C%C3%B4te%20d%27Azur,%20FRA&x=5.447381703606&y=43.529801070774&radius=30000"
bacec408-c83d-4eca-9453-ec116ac55678,40902752,ALSH,,13-PSC SOIR -FAIL-13004 -  ÉLEMENTAIRE PARDIGON BARBIER,https://laligue13.fr/,0624836446,,referent25@laligue13.fr,36 Boulevard PARDIGON 13004 MARSEILLE,MARSEILLE,24654,,,false,,AIX EN PROVENCE LOISIR,"https://monenfant.fr/que-recherchez-vous?structure=ALSH&location=Aix-en-Provence,%20Bouches-du-Rh%C3%B4ne,%20Provence-Alpes-C%C3%B4te%20d%27Azur,%20FRA&x=5.447381703606&y=43.529801070774&radius=30000"
51cc3bb9-de40-45e0-8071-ae4b7e13a3db,11032722,ALSH,,ADOS FAMILLES EN ACTION  13003 - CAL ST MAURONT,,0670230955,,famillesenaction.marseille@gmail.com,28 Rue FELIX PYAT 13003 MARSEILLE,MARSEILLE,24710,,,false,,AIX EN PROVENCE LOISIR,"https://monenfant.fr/que-recherchez-vous?structure=ALSH&location=Aix-en-Provence,%20Bouches-du-Rh%C3%B4ne,%20Provence-Alpes-C%C3%B4te%20d%27Azur,%20FRA&x=5.447381703606&y=43.529801070774&radius=30000"
4bdb8b5d-ab87-405f-b697-5b5117ea87ba,46068194,ALSH,,ECOLE MATERNELLE JOBIN CADENAT,,0491951452,,,7 Rue Jobin 13003 MARSEILLE,MARSEILLE,24712,,,false,,AIX EN PROVENCE LOISIR,"https://monenfant.fr/que-recherchez-vous?structure=ALSH&location=Aix-en-Provence,%20Bouches-du-Rh%C3%B4ne,%20Provence-Alpes-C%C3%B4te%20d%27Azur,%20FRA&x=5.447381703606&y=43.529801070774&radius=30000"
eff1a3c8-29d0-4b47-bf7f-d7919ead5d4b,39807101,ALSH,,ADO AFAC BOIS LEMAITRE 13012 -  LES LIERRES,,0491880100,,afac.secteurenfance@gmail.com,42 Avenue du 24 Avril 1915 13012 MARSEILLE,MARSEILLE,24715,,,false,,AIX EN PROVENCE LOISIR,"https://monenfant.fr/que-recherchez-vous?structure=ALSH&location=Aix-en-Provence,%20Bouches-du-Rh%C3%B4ne,%20Provence-Alpes-C%C3%B4te%20d%27Azur,%20FRA&x=5.447381703606&y=43.529801070774&radius=30000"
923c6820-002b-4630-8561-142ab138640a,10741009,ALSH,,ESC AFAC BOIS LEMAITRE 13012 -  LES LIERRES,,0491880100,,afac.secteurenfance@gmail.com,42 Avenue du 24 Avril 1915 13012 MARSEILLE,MARSEILLE,24715,,,false,,AIX EN PROVENCE LOISIR,"https://monenfant.fr/que-recherchez-vous?structure=ALSH&location=Aix-en-Provence,%20Bouches-du-Rh%C3%B4ne,%20Provence-Alpes-C%C3%B4te%20d%27Azur,%20FRA&x=5.447381703606&y=43.529801070774&radius=30000"
9c003dd8-7a2d-4fa2-8a82-5c6c37a1428f,39807053,ALSH,,MERC AFAC BOIS LEMAITRE 13012 -  LES LIERRES,,0491880100,,afac.secteurenfance@gmail.com,42 Avenue du 24 Avril 1915 13012 MARSEILLE,MARSEILLE,24715,,,false,,AIX EN PROVENCE LOISIR,"https://monenfant.fr/que-recherchez-vous?structure=ALSH&location=Aix-en-Provence,%20Bouches-du-Rh%C3%B4ne,%20Provence-Alpes-C%C3%B4te%20d%27Azur,%20FRA&x=5.447381703606&y=43.529801070774&radius=30000"
90209231-e611-49a7-a870-41e27613f6a5,40903177,ALSH,,13-PSC SOIR -FAIL-13004 -  MATERNELLE LONGCHAMPS,https://laligue13.fr/,0613417730,,referent2@laligue13.fr,2 Impasse MONTBARD 13004 MARSEILLE,MARSEILLE,24716,,,false,,AIX EN PROVENCE LOISIR,"https://monenfant.fr/que-recherchez-vous?structure=ALSH&location=Aix-en-Provence,%20Bouches-du-Rh%C3%B4ne,%20Provence-Alpes-C%C3%B4te%20d%27Azur,%20FRA&x=5.447381703606&y=43.529801070774&radius=30000"
b9a45632-c70b-48ca-a587-534a29ac5df2,40724610,ALSH,,ESC MAIRIE 2EME SECTEUR 13003 - CAL ST MAURONT,,0491508932,,mairie2-3@marseille.fr,26 Rue FELIX PIAT 13003 MARSEILLE,MARSEILLE,24726,,,false,,AIX EN PROVENCE LOISIR,"https://monenfant.fr/que-recherchez-vous?structure=ALSH&location=Aix-en-Provence,%20Bouches-du-Rh%C3%B4ne,%20Provence-Alpes-C%C3%B4te%20d%27Azur,%20FRA&x=5.447381703606&y=43.529801070774&radius=30000"
02352115-bd65-43a7-b450-4a5b3e850a5e,40724658,ALSH,,MERC MAIRIE 2EME SECTEUR 13003 - CAL ST MAURONT,,0491508932,,mairie2-3@marseille.fr,26 Rue FELIX PIAT 13003 MARSEILLE,MARSEILLE,24726,,,false,,AIX EN PROVENCE LOISIR,"https://monenfant.fr/que-recherchez-vous?structure=ALSH&location=Aix-en-Provence,%20Bouches-du-Rh%C3%B4ne,%20Provence-Alpes-C%C3%B4te%20d%27Azur,%20FRA&x=5.447381703606&y=43.529801070774&radius=30000"
59d4a815-0797-4309-b0eb-eed793c37017,40901662,ALSH,,13-PSC SOIR -FAIL-13004 - ELEMENTAIRE DAH DAH,https://laligue13.fr/,0624836446,,referent40@laligue13.fr,15 Boulevard DAH DAH 13004 MARSEILLE,MARSEILLE,24757,,,false,,AIX EN PROVENCE LOISIR,"https://monenfant.fr/que-recherchez-vous?structure=ALSH&location=Aix-en-Provence,%20Bouches-du-Rh%C3%B4ne,%20Provence-Alpes-C%C3%B4te%20d%27Azur,%20FRA&x=5.447381703606&y=43.529801070774&radius=30000"
b6d8f662-1eae-4252-9338-15ec2565c9a5,46099526,ALSH,,ECOLE PRIMAIRE RUFFI,,0491080915,,,92 Rue de Ruffi 13003 MARSEILLE,MARSEILLE,24762,,,false,,AIX EN PROVENCE LOISIR,"https://monenfant.fr/que-recherchez-vous?structure=ALSH&location=Aix-en-Provence,%20Bouches-du-Rh%C3%B4ne,%20Provence-Alpes-C%C3%B4te%20d%27Azur,%20FRA&x=5.447381703606&y=43.529801070774&radius=30000"
b317cc1a-e73f-40e8-9ed2-3a8acf7823af,22375846,ALSH,,PSC LA FRICHE MOM SUD 13003 PSC MERCREDI,,0627531723,,momfriche@momsud.com,41 Rue Jobin 13003 MARSEILLE,MARSEILLE,24894,,,false,,AIX EN PROVENCE LOISIR,"https://monenfant.fr/que-recherchez-vous?structure=ALSH&location=Aix-en-Provence,%20Bouches-du-Rh%C3%B4ne,%20Provence-Alpes-C%C3%B4te%20d%27Azur,%20FRA&x=5.447381703606&y=43.529801070774&radius=30000"
17d80ddd-80ca-4ef4-8b98-f3c3f4d36e31,40902341,ALSH,,13-PSC SOIR -FAIL-13004 - MATERNELLE ET ÉLEMENTAIRE FEUILLERAIE,https://laligue13.fr/,0618002565,,referent16@laligue13.fr,87 Boulevard DE ROUX 13004 MARSEILLE,MARSEILLE,24931,,,false,,AIX EN PROVENCE LOISIR,"https://monenfant.fr/que-recherchez-vous?structure=ALSH&location=Aix-en-Provence,%20Bouches-du-Rh%C3%B4ne,%20Provence-Alpes-C%C3%B4te%20d%27Azur,%20FRA&x=5.447381703606&y=43.529801070774&radius=30000"
d79a157d-2d8a-421a-9ed2-5efeab3ac63f,39867344,ALSH,,ADO MAIRIE 6EME SECTEUR 13012 -  ROSIÈRE,http://www.marseillemairie11-12.fr/services/animations/accueil-de-loisirs-sans-hebergement-acm-239.html,0491146164,,cma-acme-la-rosiere11-12@marseille.fr,40 Avenue de la rosiere 13012 MARSEILLE,MARSEILLE,24940,,,false,,AIX EN PROVENCE LOISIR,"https://monenfant.fr/que-recherchez-vous?structure=ALSH&location=Aix-en-Provence,%20Bouches-du-Rh%C3%B4ne,%20Provence-Alpes-C%C3%B4te%20d%27Azur,%20FRA&x=5.447381703606&y=43.529801070774&radius=30000"
4f56c81c-38fb-4b7b-a437-953467874423,21438847,ALSH,,ESC MAIRIE 6EME SECTEUR 13012 -  ROSIÈRE,http://www.marseillemairie11-12.fr/services/animations/accueil-de-loisirs-sans-hebergement-acm-239.html,0491146164,,cma-acme-la-rosiere11-12@marseille.fr,40 Avenue de la rosiere 13012 MARSEILLE,MARSEILLE,24940,,,false,,AIX EN PROVENCE LOISIR,"https://monenfant.fr/que-recherchez-vous?structure=ALSH&location=Aix-en-Provence,%20Bouches-du-Rh%C3%B4ne,%20Provence-Alpes-C%C3%B4te%20d%27Azur,%20FRA&x=5.447381703606&y=43.529801070774&radius=30000"
3626770c-1ac6-437f-bac8-fba96f652d39,39866387,ALSH,,MERC  MAIRIE 6EME SECTEUR 13012 -  ROSIÈRE,http://www.marseillemairie11-12.fr/services/animations/accueil-de-loisirs-sans-hebergement-acm-239.html,0491146164,,cma-acme-la-rosiere11-12@marseille.fr,40 Avenue de la rosiere 13012 MARSEILLE,MARSEILLE,24940,,,false,,AIX EN PROVENCE LOISIR,"https://monenfant.fr/que-recherchez-vous?structure=ALSH&location=Aix-en-Provence,%20Bouches-du-Rh%C3%B4ne,%20Provence-Alpes-C%C3%B4te%20d%27Azur,%20FRA&x=5.447381703606&y=43.529801070774&radius=30000"
cca357eb-6d2b-4c81-ab5b-e2231ba98523,40724496,ALSH,,ESC MAIRIE 2EME SECTEUR 13003 - CAL DES FONSCLOMBES,,0491847380,,mairie2-3@marseille.fr,7 Rue ANDRE CHAMSON 13003 MARSEILLE,MARSEILLE,24964,,,false,,AIX EN PROVENCE LOISIR,"https://monenfant.fr/que-recherchez-vous?structure=ALSH&location=Aix-en-Provence,%20Bouches-du-Rh%C3%B4ne,%20Provence-Alpes-C%C3%B4te%20d%27Azur,%20FRA&x=5.447381703606&y=43.529801070774&radius=30000"
178945cf-1651-4cfe-8f39-24099a040bfd,40724559,ALSH,,MERC MAIRIE 2EME SECTEUR 13003 - CAL DES FONSCLOMBES,,0491847380,,mairie2-3@marseille.fr,7 Rue ANDRE CHAMSON 13003 MARSEILLE,MARSEILLE,24964,,,false,,AIX EN PROVENCE LOISIR,"https://monenfant.fr/que-recherchez-vous?structure=ALSH&location=Aix-en-Provence,%20Bouches-du-Rh%C3%B4ne,%20Provence-Alpes-C%C3%B4te%20d%27Azur,%20FRA&x=5.447381703606&y=43.529801070774&radius=30000"
e37b6b89-b247-4cf9-b21b-851a8b210e9f,40901525,ALSH,,13-PSC SOIR -FAIL-13004 - MATERNELLE ET ELEMENTAIRE CHARTREUX,https://laligue13.fr/,0612782322,,referent31@laligue13.fr,117 Avenue DES CHARTREUX 13004 MARSEILLE,MARSEILLE,25032,,,false,,AIX EN PROVENCE LOISIR,"https://monenfant.fr/que-recherchez-vous?structure=ALSH&location=Aix-en-Provence,%20Bouches-du-Rh%C3%B4ne,%20Provence-Alpes-C%C3%B4te%20d%27Azur,%20FRA&x=5.447381703606&y=43.529801070774&radius=30000"
b5ac2969-09dd-4706-aecc-d41b5feb7f1a,46070722,ALSH,,ECOLE ELEMENTAIRE BUSSERADE MASSENA,,0491089904,,,3 Rue Masséna 13003 MARSEILLE,MARSEILLE,25052,,,false,,AIX EN PROVENCE LOISIR,"https://monenfant.fr/que-recherchez-vous?structure=ALSH&location=Aix-en-Provence,%20Bouches-du-Rh%C3%B4ne,%20Provence-Alpes-C%C3%B4te%20d%27Azur,%20FRA&x=5.447381703606&y=43.529801070774&radius=30000"
e5a0122b-ba1a-4708-8ef9-c49f25687abb,40902798,ALSH,,13-PSC SOIR -FAIL-13004 -  MATERNELLE ET ÉLEMENTAIRE SAINTE SOPHIE,https://laligue13.fr/,0618002565,,referent16@laligue13.fr,4 Rue SAINTE SOPHIE 13004 MARSEILLE,MARSEILLE,25071,,,false,,AIX EN PROVENCE LOISIR,"https://monenfant.fr/que-recherchez-vous?structure=ALSH&location=Aix-en-Provence,%20Bouches-du-Rh%C3%B4ne,%20Provence-Alpes-C%C3%B4te%20d%27Azur,%20FRA&x=5.447381703606&y=43.529801070774&radius=30000"
2600a1fb-4d69-4592-a1e6-26b4e87a68cb,40902698,ALSH,,13-PSC SOIR -FAIL-13004 -  ÉLEMENTAIRE LEVERRIER,https://laligue13.fr/,0603257968,,referent25@laligue13.fr,6 Place LEVERRIER 13004 MARSEILLE,MARSEILLE,25247,,,false,,AIX EN PROVENCE LOISIR,"https://monenfant.fr/que-recherchez-vous?structure=ALSH&location=Aix-en-Provence,%20Bouches-du-Rh%C3%B4ne,%20Provence-Alpes-C%C3%B4te%20d%27Azur,%20FRA&x=5.447381703606&y=43.529801070774&radius=30000"
9b3e49b5-e712-4532-a6dd-c091f8908d9b,22432677,ALSH,,13-ADO-FAIL-13003 - KLEBER,http://www.laligue13.fr,0491628240,,accueil-kleber@laligue13.fr,16 Rue Desaix 13003 MARSEILLE,MARSEILLE,25308,,,false,,AIX EN PROVENCE LOISIR,"https://monenfant.fr/que-recherchez-vous?structure=ALSH&location=Aix-en-Provence,%20Bouches-du-Rh%C3%B4ne,%20Provence-Alpes-C%C3%B4te%20d%27Azur,%20FRA&x=5.447381703606&y=43.529801070774&radius=30000"
36d1ddef-d9fa-4be8-a0ea-6d2f1a108baf,11000558,ALSH,,13-ADO-IFAC PCE-13012 -  SAINT BARNABÉ,,0491349098,,mpt.stbarnabe@ifac.asso.fr, Rue Gustave Salicis 13012 MARSEILLE,MARSEILLE,25341,,,false,,AIX EN PROVENCE LOISIR,"https://monenfant.fr/que-recherchez-vous?structure=ALSH&location=Aix-en-Provence,%20Bouches-du-Rh%C3%B4ne,%20Provence-Alpes-C%C3%B4te%20d%27Azur,%20FRA&x=5.447381703606&y=43.529801070774&radius=30000"
4ec64daf-285b-403f-81ea-a9a7f1709c22,39756484,ALSH,,13-ESC -IFAC PCE-13012 -  SAINT BARNABÉ,,0491349098,,mpt.stbarnabe@ifac.asso.fr, Rue Gustave Salicis 13012 MARSEILLE,MARSEILLE,25341,,,false,,AIX EN PROVENCE LOISIR,"https://monenfant.fr/que-recherchez-vous?structure=ALSH&location=Aix-en-Provence,%20Bouches-du-Rh%C3%B4ne,%20Provence-Alpes-C%C3%B4te%20d%27Azur,%20FRA&x=5.447381703606&y=43.529801070774&radius=30000"
2c73ce2b-b191-4ae6-b9f1-6f8fe35cc6a4,39756533,ALSH,,13-PSC MERC -IFAC PCE-13012 -  SAINT BARNABÉ,,0491349098,,mpt.stbarnabe@ifac.asso.fr, Rue Gustave Salicis 13012 MARSEILLE,MARSEILLE,25341,,,false,,AIX EN PROVENCE LOISIR,"https://monenfant.fr/que-recherchez-vous?structure=ALSH&location=Aix-en-Provence,%20Bouches-du-Rh%C3%B4ne,%20Provence-Alpes-C%C3%B4te%20d%27Azur,%20FRA&x=5.447381703606&y=43.529801070774&radius=30000"
030a3ce0-17f9-4455-8dba-e96523a89e34,40012799,ALSH,,13-ESC -FAIL-13003 - ACM KLEBER,http://www.laligue13.fr,0491628240,,accueil-kleber@laligue13.fr,26 Rue KLEBER 13003 MARSEILLE,MARSEILLE,25371,,,false,,AIX EN PROVENCE LOISIR,"https://monenfant.fr/que-recherchez-vous?structure=ALSH&location=Aix-en-Provence,%20Bouches-du-Rh%C3%B4ne,%20Provence-Alpes-C%C3%B4te%20d%27Azur,%20FRA&x=5.447381703606&y=43.529801070774&radius=30000"
a1e6454a-7326-49a9-9c59-0af4954257ab,40013072,ALSH,,13-MERC -FAIL-13003 - ACM KLEBER,http://www.laligue13.fr,0491628240,,accueil-kleber@laligue13.fr,26 Rue KLEBER 13003 MARSEILLE,MARSEILLE,25371,,,false,,AIX EN PROVENCE LOISIR,"https://monenfant.fr/que-recherchez-vous?structure=ALSH&location=Aix-en-Provence,%20Bouches-du-Rh%C3%B4ne,%20Provence-Alpes-C%C3%B4te%20d%27Azur,%20FRA&x=5.447381703606&y=43.529801070774&radius=30000"
eaf2dd8d-ce23-4480-98c9-36339a68b01b,45918834,ALSH,,ECOLE MATERNELLE DÉSIRÉE CLARY,,0491316649,,,24 Rue Désirée Clary 13002 MARSEILLE,MARSEILLE,25375,,,false,,AIX EN PROVENCE LOISIR,"https://monenfant.fr/que-recherchez-vous?structure=ALSH&location=Aix-en-Provence,%20Bouches-du-Rh%C3%B4ne,%20Provence-Alpes-C%C3%B4te%20d%27Azur,%20FRA&x=5.447381703606&y=43.529801070774&radius=30000"
709166cb-2789-4e3f-8e48-1bd3c15c0c0d,11000515,ALSH,,ESC SYNERGIE 13012 - ECOLE  LES CAILLOLS,http://www.synergiefamily.com/maison-pour-tous/les-caillols/,0491936027,,mpt.lescaillols@synergiefamily.com,32 Chemin Des Campanules 13012 MARSEILLE,MARSEILLE,25379,,,false,,AIX EN PROVENCE LOISIR,"https://monenfant.fr/que-recherchez-vous?structure=ALSH&location=Aix-en-Provence,%20Bouches-du-Rh%C3%B4ne,%20Provence-Alpes-C%C3%B4te%20d%27Azur,%20FRA&x=5.447381703606&y=43.529801070774&radius=30000"
05922f86-117c-4608-8377-e6cd4eadcff0,39967895,ALSH,,MERC SYNERGIE 13012 - ECOLE  LES CAILLOLS,http://www.synergiefamily.com/maison-pour-tous/les-caillols/,0491936027,,mpt.lescaillols@synergiefamily.com,32 Chemin Des Campanules 13012 MARSEILLE,MARSEILLE,25379,,,false,,AIX EN PROVENCE LOISIR,"https://monenfant.fr/que-recherchez-vous?structure=ALSH&location=Aix-en-Provence,%20Bouches-du-Rh%C3%B4ne,%20Provence-Alpes-C%C3%B4te%20d%27Azur,%20FRA&x=5.447381703606&y=43.529801070774&radius=30000"
4675c888-3786-41a3-b255-2ba8d2783035,46099467,ALSH,,ECOLE MATERNELLE PEYSSONNEL 2,,0491507623,,,26 Rue peyssonel 13003 MARSEILLE,MARSEILLE,25405,,,false,,AIX EN PROVENCE LOISIR,"https://monenfant.fr/que-recherchez-vous?structure=ALSH&location=Aix-en-Provence,%20Bouches-du-Rh%C3%B4ne,%20Provence-Alpes-C%C3%B4te%20d%27Azur,%20FRA&x=5.447381703606&y=43.529801070774&radius=30000"
4ef9883d-88ab-4e7c-965f-ccf7223e9bf8,46099218,ALSH,,ECOLE MATERNELLE PEYSSONNEL 1,,0491503762,,,22 Rue peyssonel 13003 MARSEILLE,MARSEILLE,25416,,,false,,AIX EN PROVENCE LOISIR,"https://monenfant.fr/que-recherchez-vous?structure=ALSH&location=Aix-en-Provence,%20Bouches-du-Rh%C3%B4ne,%20Provence-Alpes-C%C3%B4te%20d%27Azur,%20FRA&x=5.447381703606&y=43.529801070774&radius=30000"
5baccd23-6774-4749-bb70-216b902dd2ea,46098960,ALSH,,ECOLE MATERNELLE PEYSSONNEL,,0491507712,,,16 Rue peyssonel 13003 MARSEILLE,MARSEILLE,25447,,,false,,AIX EN PROVENCE LOISIR,"https://monenfant.fr/que-recherchez-vous?structure=ALSH&location=Aix-en-Provence,%20Bouches-du-Rh%C3%B4ne,%20Provence-Alpes-C%C3%B4te%20d%27Azur,%20FRA&x=5.447381703606&y=43.529801070774&radius=30000"
64a9d449-d0a4-4dd8-a602-b88d72d93733,46100868,ALSH,,ECOLE ELÉMENTAIRE SAINT CHARLES 2,,0491503953,,,36 Rue du 141ème RIA 13003 MARSEILLE,MARSEILLE,25457,,,false,,AIX EN PROVENCE LOISIR,"https://monenfant.fr/que-recherchez-vous?structure=ALSH&location=Aix-en-Provence,%20Bouches-du-Rh%C3%B4ne,%20Provence-Alpes-C%C3%B4te%20d%27Azur,%20FRA&x=5.447381703606&y=43.529801070774&radius=30000"
7e5bcf67-366c-4173-a80d-63b8025844f8,46100443,ALSH,,ECOLE ELÉMENTAIRE SAINT CHARLES 1,,0491502486,,,49 Rue Lucien Rolmer 13003 MARSEILLE,MARSEILLE,25508,,,false,,AIX EN PROVENCE LOISIR,"https://monenfant.fr/que-recherchez-vous?structure=ALSH&location=Aix-en-Provence,%20Bouches-du-Rh%C3%B4ne,%20Provence-Alpes-C%C3%B4te%20d%27Azur,%20FRA&x=5.447381703606&y=43.529801070774&radius=30000"
8208efd2-e895-4282-8b04-34b9f97049ab,46100020,ALSH,,ECOLE MATERNELLE SAINT CHARLES,,0491624887,,,49 Rue Lucien Rolmer 13003 MARSEILLE,MARSEILLE,25508,,,false,,AIX EN PROVENCE LOISIR,"https://monenfant.fr/que-recherchez-vous?structure=ALSH&location=Aix-en-Provence,%20Bouches-du-Rh%C3%B4ne,%20Provence-Alpes-C%C3%B4te%20d%27Azur,%20FRA&x=5.447381703606&y=43.529801070774&radius=30000"
fb8160f2-3e7b-414b-988c-f43136cf8c62,45916275,ALSH,,ECOLE ÉLÉMENTAIRE CHEVALIER PAUL CLARY,,0491934751,,,74 Rue Chevalier Paul 13002 MARSEILLE,MARSEILLE,25514,,,false,,AIX EN PROVENCE LOISIR,"https://monenfant.fr/que-recherchez-vous?structure=ALSH&location=Aix-en-Provence,%20Bouches-du-Rh%C3%B4ne,%20Provence-Alpes-C%C3%B4te%20d%27Azur,%20FRA&x=5.447381703606&y=43.529801070774&radius=30000"
b484dbda-fb61-4929-9d60-a241ebd98e99,40873640,ALSH,,13-PSC SOIR -FAIL-13011 - PRIMAIRE ACCATES LA VALENTINE,https://laligue13.fr/,0624830469,,referent41@laligue13.fr,83 Chemin DES ACCATES 13011 MARSEILLE,MARSEILLE,25531,,,false,,AIX EN PROVENCE LOISIR,"https://monenfant.fr/que-recherchez-vous?structure=ALSH&location=Aix-en-Provence,%20Bouches-du-Rh%C3%B4ne,%20Provence-Alpes-C%C3%B4te%20d%27Azur,%20FRA&x=5.447381703606&y=43.529801070774&radius=30000"
49d7b93d-ed18-4a2b-ae9b-807be855e60f,40901356,ALSH,,13-PSC SOIR -FAIL-13004 - MATERNELLE ET ELEMENTAIRE BOTINELLY,https://laligue13.fr/,0635266128,,referent14@laligue13.fr,23 Boulevard LOUIS BOTINELLY 13004 MARSEILLE,MARSEILLE,25578,,,false,,AIX EN PROVENCE LOISIR,"https://monenfant.fr/que-recherchez-vous?structure=ALSH&location=Aix-en-Provence,%20Bouches-du-Rh%C3%B4ne,%20Provence-Alpes-C%C3%B4te%20d%27Azur,%20FRA&x=5.447381703606&y=43.529801070774&radius=30000"
ba11f994-a408-4b89-9de6-d1b0204558e3,11009201,ALSH,,13-AJ-IFAC PCE-13004 - MPT FISSIAUX,,0491864545,,henri.guyonnet@ifac.asso.fr,2 Avenue Maréchal Foch 13004 MARSEILLE,MARSEILLE,25580,,,false,,AIX EN PROVENCE LOISIR,"https://monenfant.fr/que-recherchez-vous?structure=ALSH&location=Aix-en-Provence,%20Bouches-du-Rh%C3%B4ne,%20Provence-Alpes-C%C3%B4te%20d%27Azur,%20FRA&x=5.447381703606&y=43.529801070774&radius=30000"
5a00a09d-9188-4782-b9d0-e6e428112728,39757268,ALSH,,13-ESC -IFAC PCE-13004 - CENTRE FISSIAUX,,0491864545,,henri.guyonnet@ifac.asso.fr,2 Avenue Maréchal Foch 13004 MARSEILLE,MARSEILLE,25580,,,false,,AIX EN PROVENCE LOISIR,"https://monenfant.fr/que-recherchez-vous?structure=ALSH&location=Aix-en-Provence,%20Bouches-du-Rh%C3%B4ne,%20Provence-Alpes-C%C3%B4te%20d%27Azur,%20FRA&x=5.447381703606&y=43.529801070774&radius=30000"
a4094fc6-a87e-4b9b-a53f-aa8d9ee6ec99,39757317,ALSH,,13-MERC -IFAC PCE-13004 - CENTRE FISSIAUX,,0491864545,,henri.guyonnet@ifac.asso.fr,2 Avenue Maréchal Foch 13004 MARSEILLE,MARSEILLE,25580,,,false,,AIX EN PROVENCE LOISIR,"https://monenfant.fr/que-recherchez-vous?structure=ALSH&location=Aix-en-Provence,%20Bouches-du-Rh%C3%B4ne,%20Provence-Alpes-C%C3%B4te%20d%27Azur,%20FRA&x=5.447381703606&y=43.529801070774&radius=30000"
a7b80a0a-9765-4b0d-b8e3-7a4104342ea0,39894231,ALSH,,ADO CS STE ELISABETH 13012,http://www.cs-ste-elisabeth.fr/,0491346996,,cs.saintelisabeth@9business.fr,74 Rue beau prlolongée 13012 MARSEILLE,MARSEILLE,25610,,,false,,AIX EN PROVENCE LOISIR,"https://monenfant.fr/que-recherchez-vous?structure=ALSH&location=Aix-en-Provence,%20Bouches-du-Rh%C3%B4ne,%20Provence-Alpes-C%C3%B4te%20d%27Azur,%20FRA&x=5.447381703606&y=43.529801070774&radius=30000"
de30e9af-7f54-44ff-808a-a422e6f65280,10842525,ALSH,,ESC CS STE ELISABETH 13012,http://www.cs-ste-elisabeth.fr/,0491346996,,cs.saintelisabeth@9business.fr,74 Rue beau prlolongée 13012 MARSEILLE,MARSEILLE,25610,,,false,,AIX EN PROVENCE LOISIR,"https://monenfant.fr/que-recherchez-vous?structure=ALSH&location=Aix-en-Provence,%20Bouches-du-Rh%C3%B4ne,%20Provence-Alpes-C%C3%B4te%20d%27Azur,%20FRA&x=5.447381703606&y=43.529801070774&radius=30000"
bde332cf-9058-4511-af36-c9cf726d3305,39894274,ALSH,,MERC CS STE ELISABETH 13012,http://www.cs-ste-elisabeth.fr/,0491346996,,cs.saintelisabeth@9business.fr,74 Rue beau prlolongée 13012 MARSEILLE,MARSEILLE,25610,,,false,,AIX EN PROVENCE LOISIR,"https://monenfant.fr/que-recherchez-vous?structure=ALSH&location=Aix-en-Provence,%20Bouches-du-Rh%C3%B4ne,%20Provence-Alpes-C%C3%B4te%20d%27Azur,%20FRA&x=5.447381703606&y=43.529801070774&radius=30000"
3b6fd8ce-bdcc-4ec1-be97-7aed9a06b4d8,40902476,ALSH,,13-PSC SOIR -FAIL-13004 - MATERNELLE ET ÉLEMENTAIRE LA BLANCARDE,https://laligue13.fr/,0635266128,,referent14@laligue13.fr,74 Rue BEAU 13004 MARSEILLE,MARSEILLE,25623,,,false,,AIX EN PROVENCE LOISIR,"https://monenfant.fr/que-recherchez-vous?structure=ALSH&location=Aix-en-Provence,%20Bouches-du-Rh%C3%B4ne,%20Provence-Alpes-C%C3%B4te%20d%27Azur,%20FRA&x=5.447381703606&y=43.529801070774&radius=30000"
70c638ee-5de3-42fb-883f-315a3ea7cea8,22375640,ALSH,,ESC LA CABANE MOM SUD 13002,,0488914619,,lacabane@momsud.com,9 Quai du Lazaret 13002 MARSEILLE,MARSEILLE,25656,,,false,,AIX EN PROVENCE LOISIR,"https://monenfant.fr/que-recherchez-vous?structure=ALSH&location=Aix-en-Provence,%20Bouches-du-Rh%C3%B4ne,%20Provence-Alpes-C%C3%B4te%20d%27Azur,%20FRA&x=5.447381703606&y=43.529801070774&radius=30000"
0973336f-6710-47c7-b616-0b7fabbe781a,40012001,ALSH,,PSC MERC LA CABANE MOM SUD 13002,,0488914619,,lacabane@momsud.com,9 Quai du Lazaret 13002 MARSEILLE,MARSEILLE,25656,,,false,,AIX EN PROVENCE LOISIR,"https://monenfant.fr/que-recherchez-vous?structure=ALSH&location=Aix-en-Provence,%20Bouches-du-Rh%C3%B4ne,%20Provence-Alpes-C%C3%B4te%20d%27Azur,%20FRA&x=5.447381703606&y=43.529801070774&radius=30000"
8cdc19ea-33ad-4d33-8453-605e376c025e,40903374,ALSH,,13-PSC SOIR -FAIL-13004 -  PRIMAIRE MICHELET FOCH,https://laligue13.fr/,0612782322,,referent31@laligue13.fr,21 Avenue DU MARECHAL FOCH 13004 MARSEILLE,MARSEILLE,25706,,,false,,AIX EN PROVENCE LOISIR,"https://monenfant.fr/que-recherchez-vous?structure=ALSH&location=Aix-en-Provence,%20Bouches-du-Rh%C3%B4ne,%20Provence-Alpes-C%C3%B4te%20d%27Azur,%20FRA&x=5.447381703606&y=43.529801070774&radius=30000"
747ce68b-faeb-4fbf-b008-ee506c01d222,10973038,ALSH,,13-ESC-IFAC PCE-13011 -M PT  LES CAMOINS,,0491270692,,mpt.camoins@ifac.asso.fr,17 Chemin Des Mines 13011 MARSEILLE,MARSEILLE,25727,,,false,,AIX EN PROVENCE LOISIR,"https://monenfant.fr/que-recherchez-vous?structure=ALSH&location=Aix-en-Provence,%20Bouches-du-Rh%C3%B4ne,%20Provence-Alpes-C%C3%B4te%20d%27Azur,%20FRA&x=5.447381703606&y=43.529801070774&radius=30000"
c7fc25cc-0066-4299-95c6-0e84bacf1980,39699688,ALSH,,13-MERC-IFAC PCE-13011 -M PT  LES CAMOINS,,0491270692,,mpt.camoins@ifac.asso.fr,17 Chemin Des Mines 13011 MARSEILLE,MARSEILLE,25727,,,false,,AIX EN PROVENCE LOISIR,"https://monenfant.fr/que-recherchez-vous?structure=ALSH&location=Aix-en-Provence,%20Bouches-du-Rh%C3%B4ne,%20Provence-Alpes-C%C3%B4te%20d%27Azur,%20FRA&x=5.447381703606&y=43.529801070774&radius=30000"
c809a64a-30f2-4796-a82d-95c668b90858,46067001,ALSH,,ECOLE ELEMENTAIRE VINCENT LEBLANC,,0491912607,,,32 Rue Vincent Leblanc 13002 MARSEILLE,MARSEILLE,25743,,,false,,AIX EN PROVENCE LOISIR,"https://monenfant.fr/que-recherchez-vous?structure=ALSH&location=Aix-en-Provence,%20Bouches-du-Rh%C3%B4ne,%20Provence-Alpes-C%C3%B4te%20d%27Azur,%20FRA&x=5.447381703606&y=43.529801070774&radius=30000"
e9d5bbb4-3955-4571-a360-14b5491fe018,10680508,ALSH,,"ALSH ""LÉO LAGRANGE""",,0491143744,,directiongenerale@leolagrange.paca.org,  Ecole Mirabeau 84120 MIRABEAU,MIRABEAU,25765,,,false,,AIX EN PROVENCE LOISIR,"https://monenfant.fr/que-recherchez-vous?structure=ALSH&location=Aix-en-Provence,%20Bouches-du-Rh%C3%B4ne,%20Provence-Alpes-C%C3%B4te%20d%27Azur,%20FRA&x=5.447381703606&y=43.529801070774&radius=30000"
74a887d2-33b1-4b5c-a95f-bd44644c78c6,10973124,ALSH,,PSC MERC EPISEC 13012,http://www.episec.fr,0491271495,,mpt.troislucsvalentine@episec.fr,21 Traverse De lA MARINA 13012 MARSEILLE,MARSEILLE,25794,,,false,,AIX EN PROVENCE LOISIR,"https://monenfant.fr/que-recherchez-vous?structure=ALSH&location=Aix-en-Provence,%20Bouches-du-Rh%C3%B4ne,%20Provence-Alpes-C%C3%B4te%20d%27Azur,%20FRA&x=5.447381703606&y=43.529801070774&radius=30000"
8ffa3f87-0a98-4064-926b-122595f4d5c3,21345005,ALSH,,ESC CENTRE ANIMATION ABEILLES 13001,http://animationdesabeilles.fr/,0491629401,,,17 Rue Des Abeilles 13001 MARSEILLE,MARSEILLE,25796,,,false,,AIX EN PROVENCE LOISIR,"https://monenfant.fr/que-recherchez-vous?structure=ALSH&location=Aix-en-Provence,%20Bouches-du-Rh%C3%B4ne,%20Provence-Alpes-C%C3%B4te%20d%27Azur,%20FRA&x=5.447381703606&y=43.529801070774&radius=30000"
5be51b8f-5bd5-4b25-87ae-ae5d661e3f8f,39825049,ALSH,,PSC CENTRE ANIMATION ABEILLES 13001,http://animationdesabeilles.fr/,0491629401,,,17 Rue Des Abeilles 13001 MARSEILLE,MARSEILLE,25796,,,false,,AIX EN PROVENCE LOISIR,"https://monenfant.fr/que-recherchez-vous?structure=ALSH&location=Aix-en-Provence,%20Bouches-du-Rh%C3%B4ne,%20Provence-Alpes-C%C3%B4te%20d%27Azur,%20FRA&x=5.447381703606&y=43.529801070774&radius=30000"
0a72a528-3f0f-4d35-abbc-1ca4c8476702,21445851,ALSH,,PSC MERC COMMUNE PELISSANE  - LES ENJOUVÈNES,http://www.ville-pelissanne.fr,0490553292,,sej.animation@ville-pelissanne.fr, Avenue Général de Gaulle 13330 PELISSANNE,PELISSANNE,25798,,,false,,AIX EN PROVENCE LOISIR,"https://monenfant.fr/que-recherchez-vous?structure=ALSH&location=Aix-en-Provence,%20Bouches-du-Rh%C3%B4ne,%20Provence-Alpes-C%C3%B4te%20d%27Azur,%20FRA&x=5.447381703606&y=43.529801070774&radius=30000"
ba51a26f-b509-4dad-8d37-ca0f98a3f15c,46061389,ALSH,,ECOLE ELEMENTAIRE HOZIER,,0491905350,,,2 Rue d'Hozier 13002 MARSEILLE,MARSEILLE,25817,,,false,,AIX EN PROVENCE LOISIR,"https://monenfant.fr/que-recherchez-vous?structure=ALSH&location=Aix-en-Provence,%20Bouches-du-Rh%C3%B4ne,%20Provence-Alpes-C%C3%B4te%20d%27Azur,%20FRA&x=5.447381703606&y=43.529801070774&radius=30000"
3aeefa0d-e6d3-41c1-9b12-ead797e77822,21525764,ALSH,,ESC SYNERGIE 13011 - MPT CS  LA ROUGUIÈRE,http://www.synergiefamily.com,0486683964,,mpt.larouguiere@synergiefamily.com,89 Boulevard Des Libérateurs 13011 MARSEILLE,MARSEILLE,25839,,,false,,AIX EN PROVENCE LOISIR,"https://monenfant.fr/que-recherchez-vous?structure=ALSH&location=Aix-en-Provence,%20Bouches-du-Rh%C3%B4ne,%20Provence-Alpes-C%C3%B4te%20d%27Azur,%20FRA&x=5.447381703606&y=43.529801070774&radius=30000"
85f7da73-ac40-4cc0-aaa5-b1c32fc897a3,39967847,ALSH,,MERC SYNERGIE 13011 - MPT CS  LA ROUGUIÈRE,http://www.synergiefamily.com,0486683964,,mpt.larouguiere@synergiefamily.com,89 Boulevard Des Libérateurs 13011 MARSEILLE,MARSEILLE,25839,,,false,,AIX EN PROVENCE LOISIR,"https://monenfant.fr/que-recherchez-vous?structure=ALSH&location=Aix-en-Provence,%20Bouches-du-Rh%C3%B4ne,%20Provence-Alpes-C%C3%B4te%20d%27Azur,%20FRA&x=5.447381703606&y=43.529801070774&radius=30000"
04d40e4e-c08a-4391-ab5b-fc94b665a859,40873484,ALSH,,13-PSC SOIR -FAIL-13011 - MATERNELLE JOUVENE VALENTINE,https://laligue13.fr/,0624830469,,referent41@laligue13.fr,23 Rue RAYMOND PITET 13011 MARSEILLE,MARSEILLE,25854,,,false,,AIX EN PROVENCE LOISIR,"https://monenfant.fr/que-recherchez-vous?structure=ALSH&location=Aix-en-Provence,%20Bouches-du-Rh%C3%B4ne,%20Provence-Alpes-C%C3%B4te%20d%27Azur,%20FRA&x=5.447381703606&y=43.529801070774&radius=30000"
2ff7dcb1-d1fc-4781-8ff1-0b14d2bed6b4,33470970,ALSH,,ESC OEUVRE TIMON DAVID 13004 - ACM -,,0491470177,,timon.david@orange.fr,88A Boulevard de la Libération 13004 MARSEILLE,MARSEILLE,25860,,,false,,AIX EN PROVENCE LOISIR,"https://monenfant.fr/que-recherchez-vous?structure=ALSH&location=Aix-en-Provence,%20Bouches-du-Rh%C3%B4ne,%20Provence-Alpes-C%C3%B4te%20d%27Azur,%20FRA&x=5.447381703606&y=43.529801070774&radius=30000"
b6aa6fc0-d538-4d15-b9ca-5bdca22abb41,40016169,ALSH,,MERC OEUVRE TIMON DAVID 13004 - ACM -,,0491470177,,timon.david@orange.fr,88A Boulevard de la Libération 13004 MARSEILLE,MARSEILLE,25860,,,false,,AIX EN PROVENCE LOISIR,"https://monenfant.fr/que-recherchez-vous?structure=ALSH&location=Aix-en-Provence,%20Bouches-du-Rh%C3%B4ne,%20Provence-Alpes-C%C3%B4te%20d%27Azur,%20FRA&x=5.447381703606&y=43.529801070774&radius=30000"
40ddb319-9f52-450f-8cd6-aae3e7ed8691,21438761,ALSH,,ESC MAIRIE 6EME SECTEUR 13012 -  CAZAULX,http://www.marseillemairie11-12.fr/services/animations/accueil-de-loisirs-sans-hebergement-acm-239.html,0491935164,,acm-cazaulx11-12@marseille.fr,73 Rue St jean du Désert 13012 MARSEILLE,MARSEILLE,25881,,,false,,AIX EN PROVENCE LOISIR,"https://monenfant.fr/que-recherchez-vous?structure=ALSH&location=Aix-en-Provence,%20Bouches-du-Rh%C3%B4ne,%20Provence-Alpes-C%C3%B4te%20d%27Azur,%20FRA&x=5.447381703606&y=43.529801070774&radius=30000"
d82a890d-67be-4787-b848-986c619656fa,39866889,ALSH,,MERC MAIRIE 6EME SECTEUR 13012 -  CAZAULX,http://www.marseillemairie11-12.fr/services/animations/accueil-de-loisirs-sans-hebergement-acm-239.html,0491935164,,acm-cazaulx11-12@marseille.fr,73 Rue St jean du Désert 13012 MARSEILLE,MARSEILLE,25881,,,false,,AIX EN PROVENCE LOISIR,"https://monenfant.fr/que-recherchez-vous?structure=ALSH&location=Aix-en-Provence,%20Bouches-du-Rh%C3%B4ne,%20Provence-Alpes-C%C3%B4te%20d%27Azur,%20FRA&x=5.447381703606&y=43.529801070774&radius=30000"
3ef7ac2d-2021-4c1b-b841-c69f76e0a605,40903248,ALSH,,13-PSC SOIR -FAIL-13004 -  MATERNELLE SAINT VINCENT DE PAUL,https://laligue13.fr/,0624832171,,referent2@laligue13.fr,10 Rue SAINT VINCENT DE PAUL 13004 MARSEILLE,MARSEILLE,25894,,,false,,AIX EN PROVENCE LOISIR,"https://monenfant.fr/que-recherchez-vous?structure=ALSH&location=Aix-en-Provence,%20Bouches-du-Rh%C3%B4ne,%20Provence-Alpes-C%C3%B4te%20d%27Azur,%20FRA&x=5.447381703606&y=43.529801070774&radius=30000"
7eec718a-1a26-4596-83ee-29374bc3ebd5,21438241,ALSH,,ESC TIMONIENNE ST CALIXTE NAZARETH 13004 - FOCH,,0491345070,,,54 Avenue Foch 13004 MARSEILLE,MARSEILLE,25927,,,false,,AIX EN PROVENCE LOISIR,"https://monenfant.fr/que-recherchez-vous?structure=ALSH&location=Aix-en-Provence,%20Bouches-du-Rh%C3%B4ne,%20Provence-Alpes-C%C3%B4te%20d%27Azur,%20FRA&x=5.447381703606&y=43.529801070774&radius=30000"
c75631b9-c2fc-4756-8409-ee9ab8a7528c,39857470,ALSH,,MERC  TIMONIENNE ST CALIXTE NAZARETH 13004 - FOCH,,0491345070,,,54 Avenue Foch 13004 MARSEILLE,MARSEILLE,25927,,,false,,AIX EN PROVENCE LOISIR,"https://monenfant.fr/que-recherchez-vous?structure=ALSH&location=Aix-en-Provence,%20Bouches-du-Rh%C3%B4ne,%20Provence-Alpes-C%C3%B4te%20d%27Azur,%20FRA&x=5.447381703606&y=43.529801070774&radius=30000"
c0e96ca5-de21-4ab0-9508-ab9a6ccead0c,21438195,ALSH,,ESC TIMONIENNE ST CALIXTE NAZARETH 13004 - ELEMIR BOURGES,,0491498526,,,14 Rue ELEMIR BOURGES 13004 MARSEILLE,MARSEILLE,25929,,,false,,AIX EN PROVENCE LOISIR,"https://monenfant.fr/que-recherchez-vous?structure=ALSH&location=Aix-en-Provence,%20Bouches-du-Rh%C3%B4ne,%20Provence-Alpes-C%C3%B4te%20d%27Azur,%20FRA&x=5.447381703606&y=43.529801070774&radius=30000"
5112867a-6214-4dcd-9028-f5960b02ac32,39857408,ALSH,,MERC  TIMONIENNE ST CALIXTE NAZARETH 13004 - ELEMIR BOURGES,,0491498526,,,14 Rue ELEMIR BOURGES 13004 MARSEILLE,MARSEILLE,25929,,,false,,AIX EN PROVENCE LOISIR,"https://monenfant.fr/que-recherchez-vous?structure=ALSH&location=Aix-en-Provence,%20Bouches-du-Rh%C3%B4ne,%20Provence-Alpes-C%C3%B4te%20d%27Azur,%20FRA&x=5.447381703606&y=43.529801070774&radius=30000"
b6d8f8e8-47b9-47f4-aa85-3e2f760efed6,23266121,ALSH,,13-ESC-CCO-13001  - CS BERNARD DU BOIS' -ALSH/ECOLE ELEM,http://www.ccocl13.fr,0488151110,,accueil.velten@ccocl13.fr,16 Rue Bernard du Bois 13001 MARSEILLE,MARSEILLE,25994,,,false,,AIX EN PROVENCE LOISIR,"https://monenfant.fr/que-recherchez-vous?structure=ALSH&location=Aix-en-Provence,%20Bouches-du-Rh%C3%B4ne,%20Provence-Alpes-C%C3%B4te%20d%27Azur,%20FRA&x=5.447381703606&y=43.529801070774&radius=30000"
2f3310ab-1eac-4f86-8ac6-2fa10e60c936,40013257,ALSH,,13-MERC -CCO-13001  - ALSH/ECOLE ELEM BERNARD DUBOIS,http://www.ccocl13.fr,0488151110,,accueil.velten@ccocl13.fr,16 Rue Bernard du Bois 13001 MARSEILLE,MARSEILLE,25994,,,false,,AIX EN PROVENCE LOISIR,"https://monenfant.fr/que-recherchez-vous?structure=ALSH&location=Aix-en-Provence,%20Bouches-du-Rh%C3%B4ne,%20Provence-Alpes-C%C3%B4te%20d%27Azur,%20FRA&x=5.447381703606&y=43.529801070774&radius=30000"
5955e298-0cec-4c4e-807e-0b7b636c81b1,40873290,ALSH,,13-PSC SOIR -FAIL-13011 - MATERNELLE ET ELEMENTAIRE LES CAMOINS,https://laligue13.fr/,0624830469,,referent41@laligue13.fr,11 Montée D'EOURES 13011 MARSEILLE,MARSEILLE,26006,,,false,,AIX EN PROVENCE LOISIR,"https://monenfant.fr/que-recherchez-vous?structure=ALSH&location=Aix-en-Provence,%20Bouches-du-Rh%C3%B4ne,%20Provence-Alpes-C%C3%B4te%20d%27Azur,%20FRA&x=5.447381703606&y=43.529801070774&radius=30000"
7b82b583-afdb-4c70-a049-efe5b9b3dd95,11000601,ALSH,,13-ADO-IFAC PCE-13005  - TIVOLI,,0496122020,,,66 Cours Francklin Roosevelt 13005 MARSEILLE,MARSEILLE,26073,,,false,,AIX EN PROVENCE LOISIR,"https://monenfant.fr/que-recherchez-vous?structure=ALSH&location=Aix-en-Provence,%20Bouches-du-Rh%C3%B4ne,%20Provence-Alpes-C%C3%B4te%20d%27Azur,%20FRA&x=5.447381703606&y=43.529801070774&radius=30000"
eb252884-02cb-44b1-b43d-2b4c969f8db8,39756832,ALSH,,13-ESC-IFAC PCE-13005  - TIVOLI,,0496122020,,,66 Cours Francklin Roosevelt 13005 MARSEILLE,MARSEILLE,26073,,,false,,AIX EN PROVENCE LOISIR,"https://monenfant.fr/que-recherchez-vous?structure=ALSH&location=Aix-en-Provence,%20Bouches-du-Rh%C3%B4ne,%20Provence-Alpes-C%C3%B4te%20d%27Azur,%20FRA&x=5.447381703606&y=43.529801070774&radius=30000"
c509cd99-b820-4ba9-8eb7-3f88db3b73d6,39756885,ALSH,,13-MERC-IFAC PCE-13005  - TIVOLI,,0496122020,,,66 Cours Francklin Roosevelt 13005 MARSEILLE,MARSEILLE,26073,,,false,,AIX EN PROVENCE LOISIR,"https://monenfant.fr/que-recherchez-vous?structure=ALSH&location=Aix-en-Provence,%20Bouches-du-Rh%C3%B4ne,%20Provence-Alpes-C%C3%B4te%20d%27Azur,%20FRA&x=5.447381703606&y=43.529801070774&radius=30000"
cd953681-6a70-49a4-8ba1-2b71550fd6e1,40873683,ALSH,,13-PSC SOIR -FAIL-13011 - PRIMAIRE EOURES,https://laligue13.fr/,0618001011,,referent22@laligue13.fr,22 Boulevard NOTRE DAME 13011 MARSEILLE,MARSEILLE,26095,,,false,,AIX EN PROVENCE LOISIR,"https://monenfant.fr/que-recherchez-vous?structure=ALSH&location=Aix-en-Provence,%20Bouches-du-Rh%C3%B4ne,%20Provence-Alpes-C%C3%B4te%20d%27Azur,%20FRA&x=5.447381703606&y=43.529801070774&radius=30000"
0dd243eb-0d7e-4e03-8711-d08c2d95570b,40961549,ALSH,,ADO CONTACT CLUB 13001 - ALSH CONVALESCENTS,https://www.contactclub.fr,0491914220,,contact-club.marseille@apprentis-auteuil.org,24 Rue DES CONVALESCENTS 13001 MARSEILLE,MARSEILLE,26095,,,false,,AIX EN PROVENCE LOISIR,"https://monenfant.fr/que-recherchez-vous?structure=ALSH&location=Aix-en-Provence,%20Bouches-du-Rh%C3%B4ne,%20Provence-Alpes-C%C3%B4te%20d%27Azur,%20FRA&x=5.447381703606&y=43.529801070774&radius=30000"
7e4dfa11-d511-4668-8d2f-08444c761df7,40016038,ALSH,,ADO AJ  CONTACT CLUB 13002 -  AJ ET ALSH ASTOUIN,http://www.contactclub.fr,0491914220,,contact-club.marseille@apprentis-auteuil.org,2 Rue Louis Astouin 13002 MARSEILLE,MARSEILLE,26098,,,false,,AIX EN PROVENCE LOISIR,"https://monenfant.fr/que-recherchez-vous?structure=ALSH&location=Aix-en-Provence,%20Bouches-du-Rh%C3%B4ne,%20Provence-Alpes-C%C3%B4te%20d%27Azur,%20FRA&x=5.447381703606&y=43.529801070774&radius=30000"
a0c08830-4f4f-4c0c-90c1-ffbf564e6a54,45918012,ALSH,,ECOLE MATERNELLE DES DAMES,,0491915539,,,6  place du Terras 13002 MARSEILLE,MARSEILLE,26103,,,false,,AIX EN PROVENCE LOISIR,"https://monenfant.fr/que-recherchez-vous?structure=ALSH&location=Aix-en-Provence,%20Bouches-du-Rh%C3%B4ne,%20Provence-Alpes-C%C3%B4te%20d%27Azur,%20FRA&x=5.447381703606&y=43.529801070774&radius=30000"
e8ef8822-9316-4a22-8130-00728544e4b2,40903542,ALSH,,13-PSC SOIR -FAIL-13005 - MATERNELLE ET ELEMENTAIRE ABBÉ DE L'ÉPEE,https://laligue13.fr/,0603252876,,referent21@laligue13.fr,12-18 Square SIDI BRAHIM 13005 MARSEILLE,MARSEILLE,26114,,,false,,AIX EN PROVENCE LOISIR,"https://monenfant.fr/que-recherchez-vous?structure=ALSH&location=Aix-en-Provence,%20Bouches-du-Rh%C3%B4ne,%20Provence-Alpes-C%C3%B4te%20d%27Azur,%20FRA&x=5.447381703606&y=43.529801070774&radius=30000"
28446e50-2768-4c81-bbb6-80dc4446b7a3,40724191,ALSH,,ESC MAIRIE 2EME SECTEUR 13002 - LES CARMES,,0491561865,,mairie2-3@marseille.fr,2 Rue DES GRANDS CARMES 13002 MARSEILLE,MARSEILLE,26141,,,false,,AIX EN PROVENCE LOISIR,"https://monenfant.fr/que-recherchez-vous?structure=ALSH&location=Aix-en-Provence,%20Bouches-du-Rh%C3%B4ne,%20Provence-Alpes-C%C3%B4te%20d%27Azur,%20FRA&x=5.447381703606&y=43.529801070774&radius=30000"
70f34408-e72a-4546-a9fd-aa8e7b91f7f9,40724372,ALSH,,MERC MAIRIE 2EME SECTEUR 13002 - LES CARMES,,0491561865,,mairie2-3@marseille.fr,2 Rue DES GRANDS CARMES 13002 MARSEILLE,MARSEILLE,26141,,,false,,AIX EN PROVENCE LOISIR,"https://monenfant.fr/que-recherchez-vous?structure=ALSH&location=Aix-en-Provence,%20Bouches-du-Rh%C3%B4ne,%20Provence-Alpes-C%C3%B4te%20d%27Azur,%20FRA&x=5.447381703606&y=43.529801070774&radius=30000"
4db5260b-71ac-4cce-9c07-64055ac8a7b0,40902432,ALSH,,13-PSC SOIR -FAIL-13004 -  ÉLEMENTAIRE FRANKLIN ROOSEVELT,https://laligue13.fr/,0617735651,,referent12@laligue13.fr,5 Rue DE TIVOLI 13004 MARSEILLE,MARSEILLE,26157,,,false,,AIX EN PROVENCE LOISIR,"https://monenfant.fr/que-recherchez-vous?structure=ALSH&location=Aix-en-Provence,%20Bouches-du-Rh%C3%B4ne,%20Provence-Alpes-C%C3%B4te%20d%27Azur,%20FRA&x=5.447381703606&y=43.529801070774&radius=30000"
5d40726d-21af-4947-936b-7569c3e2f817,45924877,ALSH,,ECOLE ELEMENTAIRE FRANÇOIS MOISSON,,0491910254,,,17 Rue François Moisson 13002 MARSEILLE,MARSEILLE,26171,,,false,,AIX EN PROVENCE LOISIR,"https://monenfant.fr/que-recherchez-vous?structure=ALSH&location=Aix-en-Provence,%20Bouches-du-Rh%C3%B4ne,%20Provence-Alpes-C%C3%B4te%20d%27Azur,%20FRA&x=5.447381703606&y=43.529801070774&radius=30000"
fc2ebda1-ab01-40c5-acbd-adac2b3499e4,10993850,ALSH,,ALSH PRIMAIRES NOUVEL HORIZON RIANS,,0494774829,,c.faury@nhr83.info, Chemin DE LA GARDE 83560 RIANS,RIANS,26179,,,false,,AIX EN PROVENCE LOISIR,"https://monenfant.fr/que-recherchez-vous?structure=ALSH&location=Aix-en-Provence,%20Bouches-du-Rh%C3%B4ne,%20Provence-Alpes-C%C3%B4te%20d%27Azur,%20FRA&x=5.447381703606&y=43.529801070774&radius=30000"
a2fb25b1-3c4d-4361-86f9-b251c71bb602,21443580,ALSH,,ADO AJ COMMUNE PELISSANNE - ESPACE JEUNES LA PROUVENQUE,http://www.ville-pelissanne.fr,0490551126,,sej.animation@ville-pelissanne.fr, Avenue Georges Brassens 13330 PELISSANNE,PELISSANNE,26188,,,false,,AIX EN PROVENCE LOISIR,"https://monenfant.fr/que-recherchez-vous?structure=ALSH&location=Aix-en-Provence,%20Bouches-du-Rh%C3%B4ne,%20Provence-Alpes-C%C3%B4te%20d%27Azur,%20FRA&x=5.447381703606&y=43.529801070774&radius=30000"
95f9f209-03f6-4bb7-a458-6224e7a17e89,40957403,ALSH,,ADO AJ  CONTACT CLUB 13002 -   ALSH TRINQUET,http://www.contactclub.fr,0491914220,,contact-club.marseille@apprentis-auteuil.org,6 Rue JEAN TRINQUET 13002 MARSEILLE,MARSEILLE,26207,,,false,,AIX EN PROVENCE LOISIR,"https://monenfant.fr/que-recherchez-vous?structure=ALSH&location=Aix-en-Provence,%20Bouches-du-Rh%C3%B4ne,%20Provence-Alpes-C%C3%B4te%20d%27Azur,%20FRA&x=5.447381703606&y=43.529801070774&radius=30000"
4ec27119-971e-48c2-b62c-277753e31817,41062336,ALSH,,ESC MAIRIE 1ER SECTEUR - DUGOMMIER,,0491958950,,cma.dugommier@gmail.com,12 Boulevard dugommier 13001 MARSEILLE,MARSEILLE,26261,,,false,,AIX EN PROVENCE LOISIR,"https://monenfant.fr/que-recherchez-vous?structure=ALSH&location=Aix-en-Provence,%20Bouches-du-Rh%C3%B4ne,%20Provence-Alpes-C%C3%B4te%20d%27Azur,%20FRA&x=5.447381703606&y=43.529801070774&radius=30000"
6c1d30c7-c14f-4dff-a97d-d83a2a8599c1,40903622,ALSH,,13-PSC SOIR -FAIL-13005 - MATERNELLE ET ELEMENTAIRE CHAVE,https://laligue13.fr/,0603252876,,referent21@laligue13.fr,191 Boulevard CHAVE 13005 MARSEILLE,MARSEILLE,26285,,,false,,AIX EN PROVENCE LOISIR,"https://monenfant.fr/que-recherchez-vous?structure=ALSH&location=Aix-en-Provence,%20Bouches-du-Rh%C3%B4ne,%20Provence-Alpes-C%C3%B4te%20d%27Azur,%20FRA&x=5.447381703606&y=43.529801070774&radius=30000"
260b2cb9-e1a8-4b28-9ba0-ff66ef35c050,40873374,ALSH,,13-PSC SOIR -FAIL-13011 - ELEMENTAIRE VALENTINE (TIRANE),https://laligue13.fr/,0638168033,,referent47@laligue13.fr, Avenue DE LA TIRANE 13011 MARSEILLE,MARSEILLE,26318,,,false,,AIX EN PROVENCE LOISIR,"https://monenfant.fr/que-recherchez-vous?structure=ALSH&location=Aix-en-Provence,%20Bouches-du-Rh%C3%B4ne,%20Provence-Alpes-C%C3%B4te%20d%27Azur,%20FRA&x=5.447381703606&y=43.529801070774&radius=30000"
f6b4f7a2-8b5e-40f2-91fa-a31a97797e78,40318779,ALSH,,ESC COMMUNE LANCON DE PROVENCE - LES PINÈDES 3/11 ANS,,0490429802,,cej@lancon-provence.fr,244 Allée des Pinèdes 13680 LANCON PROVENCE,LANCON PROVENCE,26354,,,false,,AIX EN PROVENCE LOISIR,"https://monenfant.fr/que-recherchez-vous?structure=ALSH&location=Aix-en-Provence,%20Bouches-du-Rh%C3%B4ne,%20Provence-Alpes-C%C3%B4te%20d%27Azur,%20FRA&x=5.447381703606&y=43.529801070774&radius=30000"
a8f7f504-2542-4cf1-9574-433ed34e8d48,27905274,ALSH,,MERC COMMUNE LANCON DE PROVENCE - LES PINÈDES,,0490429802,,cej@lancon-provence.fr,244 Allée des Pinèdes 13680 LANCON PROVENCE,LANCON PROVENCE,26354,,,false,,AIX EN PROVENCE LOISIR,"https://monenfant.fr/que-recherchez-vous?structure=ALSH&location=Aix-en-Provence,%20Bouches-du-Rh%C3%B4ne,%20Provence-Alpes-C%C3%B4te%20d%27Azur,%20FRA&x=5.447381703606&y=43.529801070774&radius=30000"
a928badf-b7e1-4671-98cc-23c582bc9b1e,10987056,ALSH,,ALSH  SAINT ZACHARIE,,0759513863,,, Boulevard des Martyrs de la Resistance 83640 ST ZACHARIE,ST ZACHARIE,26367,,,false,,AIX EN PROVENCE LOISIR,"https://monenfant.fr/que-recherchez-vous?structure=ALSH&location=Aix-en-Provence,%20Bouches-du-Rh%C3%B4ne,%20Provence-Alpes-C%C3%B4te%20d%27Azur,%20FRA&x=5.447381703606&y=43.529801070774&radius=30000"
34a9d124-5b54-40e4-8cfc-c320c298a5f7,41062430,ALSH,,ESC MAIRIE 1ER SECTEUR - SENAC,,0491482294,,cmasenac@gmail.com,6-8 Rue senac 13001 MARSEILLE,MARSEILLE,26440,,,false,,AIX EN PROVENCE LOISIR,"https://monenfant.fr/que-recherchez-vous?structure=ALSH&location=Aix-en-Provence,%20Bouches-du-Rh%C3%B4ne,%20Provence-Alpes-C%C3%B4te%20d%27Azur,%20FRA&x=5.447381703606&y=43.529801070774&radius=30000"
d08b2582-6d7b-40ea-a5d9-1aed83a7b15b,10672854,ALSH,,"ALSH ""DE LAURIS""",,0490083572,,, Rue des écoles 84360 LAURIS,LAURIS,26444,,,false,,AIX EN PROVENCE LOISIR,"https://monenfant.fr/que-recherchez-vous?structure=ALSH&location=Aix-en-Provence,%20Bouches-du-Rh%C3%B4ne,%20Provence-Alpes-C%C3%B4te%20d%27Azur,%20FRA&x=5.447381703606&y=43.529801070774&radius=30000"
5430bd73-14d8-4ce6-9fcd-73e7cc5fd969,39898576,ALSH,,ADO AJ COMMUNE PELISSANNE - LA GARE,http://www.ville-pelissanne.fr,0442553923,,sej.animation@ville-pelissanne.fr,26 Avenue Frédéric Mistral 13330 PELISSANNE,PELISSANNE,26449,,,false,,AIX EN PROVENCE LOISIR,"https://monenfant.fr/que-recherchez-vous?structure=ALSH&location=Aix-en-Provence,%20Bouches-du-Rh%C3%B4ne,%20Provence-Alpes-C%C3%B4te%20d%27Azur,%20FRA&x=5.447381703606&y=43.529801070774&radius=30000"
419b0cf9-25d1-49ff-b9a4-a2b18d45bc96,21445790,ALSH,,PSC MERC COMMUNE PELISSANE - LA GARE,http://www.ville-pelissanne.fr,0442553923,,sej.animation@ville-pelissanne.fr,26 Avenue Frédéric Mistral 13330 PELISSANNE,PELISSANNE,26449,,,false,,AIX EN PROVENCE LOISIR,"https://monenfant.fr/que-recherchez-vous?structure=ALSH&location=Aix-en-Provence,%20Bouches-du-Rh%C3%B4ne,%20Provence-Alpes-C%C3%B4te%20d%27Azur,%20FRA&x=5.447381703606&y=43.529801070774&radius=30000"
06d20f9d-1075-4faa-acaf-878b2f8a582b,10679175,ALSH,,"ALSH ""MAISON DES JEUNES DE LAURIS""",,0490084516,,maisondesjeuneslauris@orange.fr,7 Rue de la Mairie 84360 LAURIS,LAURIS,26466,,,false,,AIX EN PROVENCE LOISIR,"https://monenfant.fr/que-recherchez-vous?structure=ALSH&location=Aix-en-Provence,%20Bouches-du-Rh%C3%B4ne,%20Provence-Alpes-C%C3%B4te%20d%27Azur,%20FRA&x=5.447381703606&y=43.529801070774&radius=30000"
05d8a200-fbff-4186-b937-2f08ffcfad67,40903803,ALSH,,13-PSC SOIR -FAIL-13005 -  ELEMENTAIRE GILLIBERT,https://laligue13.fr/,0624835876,,referent39@laligue13.fr,46 Rue GILLIBERT 13005 MARSEILLE,MARSEILLE,26512,,,false,,AIX EN PROVENCE LOISIR,"https://monenfant.fr/que-recherchez-vous?structure=ALSH&location=Aix-en-Provence,%20Bouches-du-Rh%C3%B4ne,%20Provence-Alpes-C%C3%B4te%20d%27Azur,%20FRA&x=5.447381703606&y=43.529801070774&radius=30000"
1501718e-80ea-44d2-ad24-62a236e8078f,40903846,ALSH,,13-PSC SOIR -FAIL-13005 -  ELEMENTAIRE OLIVIER,https://laligue13.fr/,0635264507,,referent13@laligue13.fr,86 Rue DE L'OLIVIER 13005 MARSEILLE,MARSEILLE,26519,,,false,,AIX EN PROVENCE LOISIR,"https://monenfant.fr/que-recherchez-vous?structure=ALSH&location=Aix-en-Provence,%20Bouches-du-Rh%C3%B4ne,%20Provence-Alpes-C%C3%B4te%20d%27Azur,%20FRA&x=5.447381703606&y=43.529801070774&radius=30000"
e1d8f3ce-b540-4d33-8449-36a643ba9116,40903980,ALSH,,13-PSC SOIR -FAIL-13005 -  MATERNELLE SAINT PIERRE,https://laligue13.fr/,0624835876,,referent39@laligue13.fr,45 Rue PASCAL RUINAT 13005 MARSEILLE,MARSEILLE,26534,,,false,,AIX EN PROVENCE LOISIR,"https://monenfant.fr/que-recherchez-vous?structure=ALSH&location=Aix-en-Provence,%20Bouches-du-Rh%C3%B4ne,%20Provence-Alpes-C%C3%B4te%20d%27Azur,%20FRA&x=5.447381703606&y=43.529801070774&radius=30000"
90167df8-cebc-4cb5-9976-5fda3c26d2be,40384158,ALSH,,13-ADO AJ-CCO-13010 - ALSH 'CHÂTEAU ST LOUP - ST THYS',http://www.ccocl13.fr,0491898702,,accueil.chateau-saint-loup@ccocl13.fr, Traverse Chanteperdrix - Bat. B 13010 MARSEILLE,MARSEILLE,26536,,,false,,AIX EN PROVENCE LOISIR,"https://monenfant.fr/que-recherchez-vous?structure=ALSH&location=Aix-en-Provence,%20Bouches-du-Rh%C3%B4ne,%20Provence-Alpes-C%C3%B4te%20d%27Azur,%20FRA&x=5.447381703606&y=43.529801070774&radius=30000"
24587f6a-3981-4388-9387-4e8696045729,39796190,ALSH,,13-AJ-LLM-13003 - AJ ADOS BELLE DE MAI,,0491625505,,belledemai@leolagrangepaca.org,  LOCAL JEUNES DE LA FRICHE 13003 MARSEILLE,MARSEILLE,26536,,,false,,AIX EN PROVENCE LOISIR,"https://monenfant.fr/que-recherchez-vous?structure=ALSH&location=Aix-en-Provence,%20Bouches-du-Rh%C3%B4ne,%20Provence-Alpes-C%C3%B4te%20d%27Azur,%20FRA&x=5.447381703606&y=43.529801070774&radius=30000"
ccc38f19-3464-446d-a08c-018a8559cccf,23251878,ALSH,,13-ESC-CCO-13010 - ALSH 'CHÂTEAU ST LOUP - ST THYS',http://www.ccocl13.fr,0491898702,,accueil.chateau-saint-loup@ccocl13.fr, Traverse Chanteperdrix - Bat. B 13010 MARSEILLE,MARSEILLE,26536,,,false,,AIX EN PROVENCE LOISIR,"https://monenfant.fr/que-recherchez-vous?structure=ALSH&location=Aix-en-Provence,%20Bouches-du-Rh%C3%B4ne,%20Provence-Alpes-C%C3%B4te%20d%27Azur,%20FRA&x=5.447381703606&y=43.529801070774&radius=30000"
7e928e06-5fc1-4081-bf91-0887cf7d0c5a,40219927,ALSH,,13-MERC-CCO-13010 - ALSH 'CHÂTEAU ST LOUP - ST THYS',http://www.ccocl13.fr,0491898702,,accueil.chateau-saint-loup@ccocl13.fr, Traverse Chanteperdrix - Bat. B 13010 MARSEILLE,MARSEILLE,26536,,,false,,AIX EN PROVENCE LOISIR,"https://monenfant.fr/que-recherchez-vous?structure=ALSH&location=Aix-en-Provence,%20Bouches-du-Rh%C3%B4ne,%20Provence-Alpes-C%C3%B4te%20d%27Azur,%20FRA&x=5.447381703606&y=43.529801070774&radius=30000"
a5da7d17-53e3-400e-b03f-e2eed1786a6a,21441251,ALSH,,ADO FRAIS VALLON 13013 - LOCAL JEUNE LE REPERE,http://www.centresocialfraisvallon.org,0491667935,,centresocialfraisvallon@wanadoo.fr,5 Impasse Ravel - Bt K 13013 MARSEILLE,MARSEILLE,26536,,,false,,AIX EN PROVENCE LOISIR,"https://monenfant.fr/que-recherchez-vous?structure=ALSH&location=Aix-en-Provence,%20Bouches-du-Rh%C3%B4ne,%20Provence-Alpes-C%C3%B4te%20d%27Azur,%20FRA&x=5.447381703606&y=43.529801070774&radius=30000"
820350a8-5d46-402b-9b00-dd98327c6d3f,46066275,ALSH,,ECOLE ELEMENTAIRE MAJOR CATHÉRDRALE,,0491912151,,,41 A Rue de l'évéché 13002 MARSEILLE,MARSEILLE,26536,,,false,,AIX EN PROVENCE LOISIR,"https://monenfant.fr/que-recherchez-vous?structure=ALSH&location=Aix-en-Provence,%20Bouches-du-Rh%C3%B4ne,%20Provence-Alpes-C%C3%B4te%20d%27Azur,%20FRA&x=5.447381703606&y=43.529801070774&radius=30000"
a3f245ed-0512-4c23-b00b-63eec6b77b13,45920513,ALSH,,ECOLE MATERNELE EVÊCHÉ,,0491904648,,,41 Rue de l'évêché 13002 MARSEILLE,MARSEILLE,26536,,,false,,AIX EN PROVENCE LOISIR,"https://monenfant.fr/que-recherchez-vous?structure=ALSH&location=Aix-en-Provence,%20Bouches-du-Rh%C3%B4ne,%20Provence-Alpes-C%C3%B4te%20d%27Azur,%20FRA&x=5.447381703606&y=43.529801070774&radius=30000"
602f5034-4c6c-4f4a-bca8-aba2fe4734dd,23253734,ALSH,,ESC CSC LA GARDE 13013 - ENFANTS 3/11 ANS,http://www.cslagarde13.net,0491700578,,,11 Boulevard du métro cité la Garde 13013 MARSEILLE,MARSEILLE,26536,,,false,,AIX EN PROVENCE LOISIR,"https://monenfant.fr/que-recherchez-vous?structure=ALSH&location=Aix-en-Provence,%20Bouches-du-Rh%C3%B4ne,%20Provence-Alpes-C%C3%B4te%20d%27Azur,%20FRA&x=5.447381703606&y=43.529801070774&radius=30000"
c589145a-6830-4a8a-908a-184d13047a21,25111187,ALSH,,ESC FONDACLE LES OLIVES 13013,https://asso-socioculturelle-fondacle-les-olives.pepsup.com/,0986185847,,ascflo.quartiers@free.fr,23 Rue du professeur Marcel Arnaud - rdc Cortiou 1 13013 MARSEILLE,MARSEILLE,26536,,,false,,AIX EN PROVENCE LOISIR,"https://monenfant.fr/que-recherchez-vous?structure=ALSH&location=Aix-en-Provence,%20Bouches-du-Rh%C3%B4ne,%20Provence-Alpes-C%C3%B4te%20d%27Azur,%20FRA&x=5.447381703606&y=43.529801070774&radius=30000"
7721bce5-93ad-410d-a32c-2b30492dedac,21441110,ALSH,,ESC FRAIS VALLON ENFANTS 13013,http://www.centresocialfraisvallon.org,0491667935,,centresocialfraisvallon@wanadoo.fr,53 Avenue de Frais Vallon  - Bt N 13013 MARSEILLE,MARSEILLE,26536,,,false,,AIX EN PROVENCE LOISIR,"https://monenfant.fr/que-recherchez-vous?structure=ALSH&location=Aix-en-Provence,%20Bouches-du-Rh%C3%B4ne,%20Provence-Alpes-C%C3%B4te%20d%27Azur,%20FRA&x=5.447381703606&y=43.529801070774&radius=30000"
45f1d295-a4fd-434f-8e1c-67e46d3d2e01,41062722,ALSH,,ESC MAIRIE 1ER SECTEUR - MAT ET PRIM VALLON DES AUFFES,,0491454237,,,92 Rue VALLN DES AUFFES 13007 MARSEILLE,MARSEILLE,26536,,,false,,AIX EN PROVENCE LOISIR,"https://monenfant.fr/que-recherchez-vous?structure=ALSH&location=Aix-en-Provence,%20Bouches-du-Rh%C3%B4ne,%20Provence-Alpes-C%C3%B4te%20d%27Azur,%20FRA&x=5.447381703606&y=43.529801070774&radius=30000"
99c41d4c-1439-473d-9655-91a53f8c861d,22509572,ALSH,,ESC SYNERGIE 13013 -  CROIX ROUGE VILLAGE,,0491798536,,contact@synergiefamily.fr,36 Boulevard marcel desprat 13013 MARSEILLE,MARSEILLE,26536,,,false,,AIX EN PROVENCE LOISIR,"https://monenfant.fr/que-recherchez-vous?structure=ALSH&location=Aix-en-Provence,%20Bouches-du-Rh%C3%B4ne,%20Provence-Alpes-C%C3%B4te%20d%27Azur,%20FRA&x=5.447381703606&y=43.529801070774&radius=30000"
420fb612-6752-449c-8716-45ca37cad8e8,40229260,ALSH,,MERC FONDACLE LES OLIVES 13013,https://asso-socioculturelle-fondacle-les-olives.pepsup.com/,0986185847,,ascflo.quartiers@free.fr,23 Rue du professeur Marcel Arnaud - rdc Cortiou 1 13013 MARSEILLE,MARSEILLE,26536,,,false,,AIX EN PROVENCE LOISIR,"https://monenfant.fr/que-recherchez-vous?structure=ALSH&location=Aix-en-Provence,%20Bouches-du-Rh%C3%B4ne,%20Provence-Alpes-C%C3%B4te%20d%27Azur,%20FRA&x=5.447381703606&y=43.529801070774&radius=30000"
fa63004c-9f29-4357-bb90-86d5d556ef64,39872909,ALSH,,MERC FRAIS VALLON ENFANTS 13013,http://www.centresocialfraisvallon.org,0491667935,,centresocialfraisvallon@wanadoo.fr,53 Avenue de Frais Vallon  - Bt N 13013 MARSEILLE,MARSEILLE,26536,,,false,,AIX EN PROVENCE LOISIR,"https://monenfant.fr/que-recherchez-vous?structure=ALSH&location=Aix-en-Provence,%20Bouches-du-Rh%C3%B4ne,%20Provence-Alpes-C%C3%B4te%20d%27Azur,%20FRA&x=5.447381703606&y=43.529801070774&radius=30000"
c5395ae5-5820-443c-934d-fd92d24b43a3,40256075,ALSH,,PSC MERC CSC LA GARDE 13013 - ENFANTS 3/11 ANS,http://www.cslagarde13.net,0491700578,,,11 Boulevard du métro cité la Garde 13013 MARSEILLE,MARSEILLE,26536,,,false,,AIX EN PROVENCE LOISIR,"https://monenfant.fr/que-recherchez-vous?structure=ALSH&location=Aix-en-Provence,%20Bouches-du-Rh%C3%B4ne,%20Provence-Alpes-C%C3%B4te%20d%27Azur,%20FRA&x=5.447381703606&y=43.529801070774&radius=30000"
5f555b94-8443-4e4c-8855-26b3116086b1,40988480,ALSH,,PSC SOIR -CCO-13011 - ECOLE MATERNELLE LA BARASSE,http://www.ccocl13.fr,0496130720,,cco@ccocl13.fr,16 Boulevard MARGAILLAND 13011 MARSEILLE,MARSEILLE,26536,,,false,,AIX EN PROVENCE LOISIR,"https://monenfant.fr/que-recherchez-vous?structure=ALSH&location=Aix-en-Provence,%20Bouches-du-Rh%C3%B4ne,%20Provence-Alpes-C%C3%B4te%20d%27Azur,%20FRA&x=5.447381703606&y=43.529801070774&radius=30000"
3de278e8-4780-42c1-b899-440310a4b1c9,21446065,ALSH,,ESC MAIRIE 3EME SECTEUR 13005  - ACM  JEANNE D'ARC,,0491927303,,cmajeannedarc@marseille.fr,126 Boulevard Jeanne d'Arc 13005 MARSEILLE,MARSEILLE,26540,,,false,,AIX EN PROVENCE LOISIR,"https://monenfant.fr/que-recherchez-vous?structure=ALSH&location=Aix-en-Provence,%20Bouches-du-Rh%C3%B4ne,%20Provence-Alpes-C%C3%B4te%20d%27Azur,%20FRA&x=5.447381703606&y=43.529801070774&radius=30000"
98f67036-fb3d-4ca4-b7c4-46cc2a6ffcf9,39894678,ALSH,,MERC MAIRIE 3EME SECTEUR 13005  - ACM  JEANNE D'ARC,,0491927303,,cmajeannedarc@marseille.fr,126 Boulevard Jeanne d'Arc 13005 MARSEILLE,MARSEILLE,26540,,,false,,AIX EN PROVENCE LOISIR,"https://monenfant.fr/que-recherchez-vous?structure=ALSH&location=Aix-en-Provence,%20Bouches-du-Rh%C3%B4ne,%20Provence-Alpes-C%C3%B4te%20d%27Azur,%20FRA&x=5.447381703606&y=43.529801070774&radius=30000"
f89f89d7-27f5-402b-ad79-f3257ac196e2,40873584,ALSH,,13-PSC SOIR -FAIL-13011 - MATERNELLE LA BUZINE,https://laligue13.fr/,0638168033,,referent47@laligue13.fr,2 Square DE LA CADIERE 13011 MARSEILLE,MARSEILLE,26583,,,false,,AIX EN PROVENCE LOISIR,"https://monenfant.fr/que-recherchez-vous?structure=ALSH&location=Aix-en-Provence,%20Bouches-du-Rh%C3%B4ne,%20Provence-Alpes-C%C3%B4te%20d%27Azur,%20FRA&x=5.447381703606&y=43.529801070774&radius=30000"
7f4dce7c-3a45-4bce-9cdb-f5ff7163a6f4,40903937,ALSH,,13-PSC SOIR -FAIL-13005 -  MATERNELLE ALEXANDRE COPELLO,https://laligue13.fr/,0618001876,,referent43@laligue13.fr,11 Rue DES CLAIRISTES 13005 MARSEILLE,MARSEILLE,26598,,,false,,AIX EN PROVENCE LOISIR,"https://monenfant.fr/que-recherchez-vous?structure=ALSH&location=Aix-en-Provence,%20Bouches-du-Rh%C3%B4ne,%20Provence-Alpes-C%C3%B4te%20d%27Azur,%20FRA&x=5.447381703606&y=43.529801070774&radius=30000"
6ea2241f-1fd3-4a38-ad5c-d7baf816d5e8,46065572,ALSH,,ECOLE ELEMENTAIRE LES ACCOULES,,0491906651,,,27  montée des accoules 13002 MARSEILLE,MARSEILLE,26614,,,false,,AIX EN PROVENCE LOISIR,"https://monenfant.fr/que-recherchez-vous?structure=ALSH&location=Aix-en-Provence,%20Bouches-du-Rh%C3%B4ne,%20Provence-Alpes-C%C3%B4te%20d%27Azur,%20FRA&x=5.447381703606&y=43.529801070774&radius=30000"
70621cfe-f11e-473f-9ce4-601d02061839,11004342,ALSH,,13-ADO-IFAC PCE-13006 -  JULIEN,,0496122390,,centre.julien@ifac.asso.fr,33 Cours Julien 13006 MARSEILLE,MARSEILLE,26634,,,false,,AIX EN PROVENCE LOISIR,"https://monenfant.fr/que-recherchez-vous?structure=ALSH&location=Aix-en-Provence,%20Bouches-du-Rh%C3%B4ne,%20Provence-Alpes-C%C3%B4te%20d%27Azur,%20FRA&x=5.447381703606&y=43.529801070774&radius=30000"
f3855af5-68f4-47ec-b9e7-648121f5416d,39757084,ALSH,,13-ESC-IFAC PCE-13006 -A.L.I CENTREJULIEN,,0496122390,,centre.julien@ifac.asso.fr,33 Cours Julien 13006 MARSEILLE,MARSEILLE,26634,,,false,,AIX EN PROVENCE LOISIR,"https://monenfant.fr/que-recherchez-vous?structure=ALSH&location=Aix-en-Provence,%20Bouches-du-Rh%C3%B4ne,%20Provence-Alpes-C%C3%B4te%20d%27Azur,%20FRA&x=5.447381703606&y=43.529801070774&radius=30000"
8dbacd47-f614-4f42-abf7-c2211891ef56,39757171,ALSH,,13-MERC -IFAC PCE-13006 -CS JULIEN,,0496122390,,centre.julien@ifac.asso.fr,33 Cours Julien 13006 MARSEILLE,MARSEILLE,26634,,,false,,AIX EN PROVENCE LOISIR,"https://monenfant.fr/que-recherchez-vous?structure=ALSH&location=Aix-en-Provence,%20Bouches-du-Rh%C3%B4ne,%20Provence-Alpes-C%C3%B4te%20d%27Azur,%20FRA&x=5.447381703606&y=43.529801070774&radius=30000"
b25b548a-32b1-4b64-931e-66b67b0444e0,10974113,ALSH,,13-ESC-IFAC PCE-13005 -  FRAISSINET,,0491945432,,mpt.chave@ifac.asso.fr,208 Rue saint pierre 13005 MARSEILLE,MARSEILLE,26638,,,false,,AIX EN PROVENCE LOISIR,"https://monenfant.fr/que-recherchez-vous?structure=ALSH&location=Aix-en-Provence,%20Bouches-du-Rh%C3%B4ne,%20Provence-Alpes-C%C3%B4te%20d%27Azur,%20FRA&x=5.447381703606&y=43.529801070774&radius=30000"
14a746ca-c956-420d-8892-e1c9682d6b67,39710781,ALSH,,13-MERC-IFAC PCE-13005 -  FRAISSINET,,0491945432,,mpt.chave@ifac.asso.fr,208 Rue saint pierre 13005 MARSEILLE,MARSEILLE,26638,,,false,,AIX EN PROVENCE LOISIR,"https://monenfant.fr/que-recherchez-vous?structure=ALSH&location=Aix-en-Provence,%20Bouches-du-Rh%C3%B4ne,%20Provence-Alpes-C%C3%B4te%20d%27Azur,%20FRA&x=5.447381703606&y=43.529801070774&radius=30000"
5942cbcd-fd79-4796-ab1c-b843b1e01cce,40903666,ALSH,,13-PSC SOIR -FAIL-13005 - MATERNELLE ET ELEMENTAIRE FRAISSINET,https://laligue13.fr/,0635264507,,referent13@laligue13.fr,208 Rue SAINT PIERRE 13005 MARSEILLE,MARSEILLE,26638,,,false,,AIX EN PROVENCE LOISIR,"https://monenfant.fr/que-recherchez-vous?structure=ALSH&location=Aix-en-Provence,%20Bouches-du-Rh%C3%B4ne,%20Provence-Alpes-C%C3%B4te%20d%27Azur,%20FRA&x=5.447381703606&y=43.529801070774&radius=30000"
31a18948-0317-4b80-b7dc-0e00757ed76f,40961593,ALSH,,ADO CONTACT CLUB 13001 - ALSH ANNEXE NOAILLES,https://www.contactclub.fr,0491914220,,contact-club.marseille@apprentis-auteuil.org,15 Rue Jean Roque 13001 MARSEILLE,MARSEILLE,26663,,,false,,AIX EN PROVENCE LOISIR,"https://monenfant.fr/que-recherchez-vous?structure=ALSH&location=Aix-en-Provence,%20Bouches-du-Rh%C3%B4ne,%20Provence-Alpes-C%C3%B4te%20d%27Azur,%20FRA&x=5.447381703606&y=43.529801070774&radius=30000"
ca40230a-7b3e-43f4-9c12-37c74b37088a,21447389,ALSH,,PSC COMMUNE DE VERNEGUES - HERITIERE,,0625226795,,serviceenfance.vernegues@orange.fr, Domaine de l'heritière 13116 VERNEGUES,VERNEGUES,26706,,,false,,AIX EN PROVENCE LOISIR,"https://monenfant.fr/que-recherchez-vous?structure=ALSH&location=Aix-en-Provence,%20Bouches-du-Rh%C3%B4ne,%20Provence-Alpes-C%C3%B4te%20d%27Azur,%20FRA&x=5.447381703606&y=43.529801070774&radius=30000"
c7c54012-16f6-49d1-ae2c-eb97c5aaa10d,32985212,ALSH,,PSC COMMUNE DE CHARLEVAL,https://www.charleval-en-provence.org/,0442284646,,periscolairecharleval@orange.fr, Place (de la) République 13350 CHARLEVAL,CHARLEVAL,26739,,,false,,AIX EN PROVENCE LOISIR,"https://monenfant.fr/que-recherchez-vous?structure=ALSH&location=Aix-en-Provence,%20Bouches-du-Rh%C3%B4ne,%20Provence-Alpes-C%C3%B4te%20d%27Azur,%20FRA&x=5.447381703606&y=43.529801070774&radius=30000"
d50ad599-7843-45b9-966b-3cae8d6fe8f1,11000300,ALSH,,ADO CONTACT CLUB 13001 - ALSH VELTEN,https://www.contactclub.fr,0491914220,,contact-club.marseille@apprentis-auteuil.org,16 Rue Bernard Dubois 13001 MARSEILLE,MARSEILLE,26781,,,false,,AIX EN PROVENCE LOISIR,"https://monenfant.fr/que-recherchez-vous?structure=ALSH&location=Aix-en-Provence,%20Bouches-du-Rh%C3%B4ne,%20Provence-Alpes-C%C3%B4te%20d%27Azur,%20FRA&x=5.447381703606&y=43.529801070774&radius=30000"
38fe904d-a9a5-4710-a667-002352391cf9,21343975,ALSH,,ESC CS AIR BEL 13011,,0491352792,,aec.direction@orange.fr, Avenue JEAN LOMBARD 13011 MARSEILLE,MARSEILLE,26788,,,false,,AIX EN PROVENCE LOISIR,"https://monenfant.fr/que-recherchez-vous?structure=ALSH&location=Aix-en-Provence,%20Bouches-du-Rh%C3%B4ne,%20Provence-Alpes-C%C3%B4te%20d%27Azur,%20FRA&x=5.447381703606&y=43.529801070774&radius=30000"
2cc8be6b-c39b-4b4b-9f7b-f45f4617a21f,40225125,ALSH,,MERC CS AIR BEL 13011,,0491352792,,aec.direction@orange.fr, Avenue JEAN LOMBARD 13011 MARSEILLE,MARSEILLE,26788,,,false,,AIX EN PROVENCE LOISIR,"https://monenfant.fr/que-recherchez-vous?structure=ALSH&location=Aix-en-Provence,%20Bouches-du-Rh%C3%B4ne,%20Provence-Alpes-C%C3%B4te%20d%27Azur,%20FRA&x=5.447381703606&y=43.529801070774&radius=30000"
4f025929-7a9b-41d9-875e-3cd6899664a8,10680422,ALSH,,"ALSH ""PHILIPPE DE GIRARD""",,0490680413,,bannici.georges@gmail.com, Avenue Philippe de Girard Groupe Scolaire 84160 LOURMARIN,LOURMARIN,26814,,,false,,AIX EN PROVENCE LOISIR,"https://monenfant.fr/que-recherchez-vous?structure=ALSH&location=Aix-en-Provence,%20Bouches-du-Rh%C3%B4ne,%20Provence-Alpes-C%C3%B4te%20d%27Azur,%20FRA&x=5.447381703606&y=43.529801070774&radius=30000"
95f83cc6-cfb5-409e-b1b6-aab444158056,47306332,ALSH,,ECOLE ELÉMENTAIRE COURS JULIEN,,0491471918,,,119 Rue d'Aubagne 13006 MARSEILLE,MARSEILLE,26826,,,false,,AIX EN PROVENCE LOISIR,"https://monenfant.fr/que-recherchez-vous?structure=ALSH&location=Aix-en-Provence,%20Bouches-du-Rh%C3%B4ne,%20Provence-Alpes-C%C3%B4te%20d%27Azur,%20FRA&x=5.447381703606&y=43.529801070774&radius=30000"
7893f815-f575-4dd5-83e4-d5356a00b527,40987655,ALSH,,PSC SOIR -CCO-13011 - ECOLE ELEMENTAIRE LA VALBARELLE,http://www.ccocl13.fr,0496130720,,cco@ccocl13.fr, Rue GIMON 13011 MARSEILLE,MARSEILLE,26949,,,false,,AIX EN PROVENCE LOISIR,"https://monenfant.fr/que-recherchez-vous?structure=ALSH&location=Aix-en-Provence,%20Bouches-du-Rh%C3%B4ne,%20Provence-Alpes-C%C3%B4te%20d%27Azur,%20FRA&x=5.447381703606&y=43.529801070774&radius=30000"
0a299e76-8147-4bde-9c62-7a31e13033a1,41212956,ALSH,,ESC-EEUDF-13006 - GROUPE  LOCAL MARSEILLE OCEAN,https://eeudf.org,0142705220,,sn@eeudf.org,15 Rue GRIGNAN 13006 MARSEILLE,MARSEILLE,26950,,,false,,AIX EN PROVENCE LOISIR,"https://monenfant.fr/que-recherchez-vous?structure=ALSH&location=Aix-en-Provence,%20Bouches-du-Rh%C3%B4ne,%20Provence-Alpes-C%C3%B4te%20d%27Azur,%20FRA&x=5.447381703606&y=43.529801070774&radius=30000"
bf8e210a-4fac-43c1-9fd1-bd5784c1bd38,40226004,ALSH,,13-ADO FAIL-13011 - ACM  VALLEE DE L'HUVEAUNE,https://laligue13.fr/,0491350607,,accueil.huveaune@laligue13.fr,4 Rue Gimon 13011 MARSEILLE,MARSEILLE,26977,,,false,,AIX EN PROVENCE LOISIR,"https://monenfant.fr/que-recherchez-vous?structure=ALSH&location=Aix-en-Provence,%20Bouches-du-Rh%C3%B4ne,%20Provence-Alpes-C%C3%B4te%20d%27Azur,%20FRA&x=5.447381703606&y=43.529801070774&radius=30000"
c282ddb5-c8e8-40ac-848a-1cb9ae060bfb,10973296,ALSH,,13-ESC-FAIL-13011 - ACM  VALLEE DE L'HUVEAUNE,https://laligue13.fr/,0491350607,,accueil.huveaune@laligue13.fr,4 Rue Gimon 13011 MARSEILLE,MARSEILLE,26977,,,false,,AIX EN PROVENCE LOISIR,"https://monenfant.fr/que-recherchez-vous?structure=ALSH&location=Aix-en-Provence,%20Bouches-du-Rh%C3%B4ne,%20Provence-Alpes-C%C3%B4te%20d%27Azur,%20FRA&x=5.447381703606&y=43.529801070774&radius=30000"
fb5b3deb-fa59-497b-8db4-a07a51479f28,47307802,ALSH,,ECOLE  MATERNELLE EYDOUX,,0491471956,,,18 Rue Eydoux 13006 MARSEILLE,MARSEILLE,26992,,,false,,AIX EN PROVENCE LOISIR,"https://monenfant.fr/que-recherchez-vous?structure=ALSH&location=Aix-en-Provence,%20Bouches-du-Rh%C3%B4ne,%20Provence-Alpes-C%C3%B4te%20d%27Azur,%20FRA&x=5.447381703606&y=43.529801070774&radius=30000"
e9059493-6b7d-4fb8-beb3-a74a45a7f6bd,47307325,ALSH,,ECOLE  ELÉMENTAIRE EYDOUX,,0491485842,,,20 Rue Eydoux 13006 MARSEILLE,MARSEILLE,26996,,,false,,AIX EN PROVENCE LOISIR,"https://monenfant.fr/que-recherchez-vous?structure=ALSH&location=Aix-en-Provence,%20Bouches-du-Rh%C3%B4ne,%20Provence-Alpes-C%C3%B4te%20d%27Azur,%20FRA&x=5.447381703606&y=43.529801070774&radius=30000"
33d3f762-7649-4c1b-a712-806b02dc1c13,40988350,ALSH,,PSC SOIR -CCO-13011 - ECOLE MATERNELLE CHATEAU ST JACQUES,http://www.ccocl13.fr,0496130720,,cco@ccocl13.fr,56 Boulevard DE LA VALBARELLE 13011 MARSEILLE,MARSEILLE,27007,,,false,,AIX EN PROVENCE LOISIR,"https://monenfant.fr/que-recherchez-vous?structure=ALSH&location=Aix-en-Provence,%20Bouches-du-Rh%C3%B4ne,%20Provence-Alpes-C%C3%B4te%20d%27Azur,%20FRA&x=5.447381703606&y=43.529801070774&radius=30000"
49b9a6cd-a67a-4c6f-8ec2-952f0b8d1ae3,40988528,ALSH,,PSC SOIR -CCO-13011 - ECOLE MATERNELLE LA VALBARELLE,http://www.ccocl13.fr,0496130720,,cco@ccocl13.fr,26 Avenue LANFRANCHI 13011 MARSEILLE,MARSEILLE,27011,,,false,,AIX EN PROVENCE LOISIR,"https://monenfant.fr/que-recherchez-vous?structure=ALSH&location=Aix-en-Provence,%20Bouches-du-Rh%C3%B4ne,%20Provence-Alpes-C%C3%B4te%20d%27Azur,%20FRA&x=5.447381703606&y=43.529801070774&radius=30000"
d91599f3-2cb6-48fa-810e-f2e2b746ea92,47305015,ALSH,,ECOLE ANNEXE MATERNELLE DES BERGERS PERRIN SOLLIERS,,0491476362,,,5 Rue Des bergers 13006 MARSEILLE,MARSEILLE,27012,,,false,,AIX EN PROVENCE LOISIR,"https://monenfant.fr/que-recherchez-vous?structure=ALSH&location=Aix-en-Provence,%20Bouches-du-Rh%C3%B4ne,%20Provence-Alpes-C%C3%B4te%20d%27Azur,%20FRA&x=5.447381703606&y=43.529801070774&radius=30000"
8a69eb0b-a3fe-40ab-8fad-541fd58678b0,47305738,ALSH,,ECOLE MATERNELLE DES BERGERS (PERRIN SOLLIERS),,0491476362,,,11 Rue Perrin Solliers 13006 MARSEILLE,MARSEILLE,27024,,,false,,AIX EN PROVENCE LOISIR,"https://monenfant.fr/que-recherchez-vous?structure=ALSH&location=Aix-en-Provence,%20Bouches-du-Rh%C3%B4ne,%20Provence-Alpes-C%C3%B4te%20d%27Azur,%20FRA&x=5.447381703606&y=43.529801070774&radius=30000"
25f8a978-24e9-4b2f-b955-fa34e9c39e75,40988302,ALSH,,PSC SOIR -CCO-13011 - ECOLE ELEMENTAIRE ST MARCEL,http://www.ccocl13.fr,0496130720,,cco@ccocl13.fr,8 Rue QUEYLAR 13011 MARSEILLE,MARSEILLE,27039,,,false,,AIX EN PROVENCE LOISIR,"https://monenfant.fr/que-recherchez-vous?structure=ALSH&location=Aix-en-Provence,%20Bouches-du-Rh%C3%B4ne,%20Provence-Alpes-C%C3%B4te%20d%27Azur,%20FRA&x=5.447381703606&y=43.529801070774&radius=30000"
4d0f3a1c-82d5-40bf-b86f-3b383400175a,10802285,ALSH,,ESC OEUVRE NOTRE DAME DE LA JEUNESSE 13011,http://oeuvre-ndj.timon-david.com,0491270636,,secretariat@oeuvre-ndj.com,59 Avenue Saint Menet 13011 MARSEILLE,MARSEILLE,27058,,,false,,AIX EN PROVENCE LOISIR,"https://monenfant.fr/que-recherchez-vous?structure=ALSH&location=Aix-en-Provence,%20Bouches-du-Rh%C3%B4ne,%20Provence-Alpes-C%C3%B4te%20d%27Azur,%20FRA&x=5.447381703606&y=43.529801070774&radius=30000"
a5d72ded-04a7-40ed-94e1-867dcbfd2588,39991806,ALSH,,MERC OEUVRE NOTRE DAME DE LA JEUNESSE 13011,http://oeuvre-ndj.timon-david.com,0491270636,,secretariat@oeuvre-ndj.com,59 Avenue Saint Menet 13011 MARSEILLE,MARSEILLE,27058,,,false,,AIX EN PROVENCE LOISIR,"https://monenfant.fr/que-recherchez-vous?structure=ALSH&location=Aix-en-Provence,%20Bouches-du-Rh%C3%B4ne,%20Provence-Alpes-C%C3%B4te%20d%27Azur,%20FRA&x=5.447381703606&y=43.529801070774&radius=30000"
fa1c25a6-bdf5-4ace-ae8e-98a60d899f53,40903710,ALSH,,13-PSC SOIR -FAIL-13005 - MATERNELLE ET ELEMENTAIRE LOUBIERE,https://laligue13.fr/,0603255464,,referent9@laligue13.fr,97 Rue DE LA LOUBIERE 13005 MARSEILLE,MARSEILLE,27064,,,false,,AIX EN PROVENCE LOISIR,"https://monenfant.fr/que-recherchez-vous?structure=ALSH&location=Aix-en-Provence,%20Bouches-du-Rh%C3%B4ne,%20Provence-Alpes-C%C3%B4te%20d%27Azur,%20FRA&x=5.447381703606&y=43.529801070774&radius=30000"
b4171677-32e6-4d1b-b022-562c891ce8b2,40988436,ALSH,,PSC SOIR -CCO-13011 - ECOLE MATERNELLE LES NEREIDES,http://www.ccocl13.fr,0496130720,,cco@ccocl13.fr, Traverse DE RAYMONDS 13011 MARSEILLE,MARSEILLE,27066,,,false,,AIX EN PROVENCE LOISIR,"https://monenfant.fr/que-recherchez-vous?structure=ALSH&location=Aix-en-Provence,%20Bouches-du-Rh%C3%B4ne,%20Provence-Alpes-C%C3%B4te%20d%27Azur,%20FRA&x=5.447381703606&y=43.529801070774&radius=30000"
ca0a5163-0f77-4519-8a71-195f04aa8751,21759853,ALSH,,ESC MAIRIE 6EME SECTEUR 13011  - ST MARCEL',http://www.marseillemairie11-12.fr/marseille-mairie-11-et-12eme-arrondissement-3.html,0491448180,,acm-stmarcel11-12@marseille.fr,216 Boulevard st marcel 13011 MARSEILLE,MARSEILLE,27085,,,false,,AIX EN PROVENCE LOISIR,"https://monenfant.fr/que-recherchez-vous?structure=ALSH&location=Aix-en-Provence,%20Bouches-du-Rh%C3%B4ne,%20Provence-Alpes-C%C3%B4te%20d%27Azur,%20FRA&x=5.447381703606&y=43.529801070774&radius=30000"
2905e025-44ba-4bed-ac60-b35d9eabfaa2,39868678,ALSH,,MERC MAIRIE 6EME SECTEUR 13011  - ST MARCEL',http://www.marseillemairie11-12.fr/marseille-mairie-11-et-12eme-arrondissement-3.html,0491448180,,acm-stmarcel11-12@marseille.fr,216 Boulevard st marcel 13011 MARSEILLE,MARSEILLE,27085,,,false,,AIX EN PROVENCE LOISIR,"https://monenfant.fr/que-recherchez-vous?structure=ALSH&location=Aix-en-Provence,%20Bouches-du-Rh%C3%B4ne,%20Provence-Alpes-C%C3%B4te%20d%27Azur,%20FRA&x=5.447381703606&y=43.529801070774&radius=30000"
d91385c7-5f51-4270-9725-dddb3bf62ce7,21445744,ALSH,,ESC COMMUNE PELISSANNE -  JEAN PAUL HOULIÉ,http://www.ville-pelissanne.fr,0490553292,,direction.sej@ville-pelissanne.fr,393 Chemin Saint Pierre 13330 PELISSANNE,PELISSANNE,27088,,,false,,AIX EN PROVENCE LOISIR,"https://monenfant.fr/que-recherchez-vous?structure=ALSH&location=Aix-en-Provence,%20Bouches-du-Rh%C3%B4ne,%20Provence-Alpes-C%C3%B4te%20d%27Azur,%20FRA&x=5.447381703606&y=43.529801070774&radius=30000"
cc5e2f03-cc70-4c81-bc88-70c629f82574,39895127,ALSH,,PSC MERC COMMUNE PELISSANNE -  JEAN PAUL HOULIÉ,http://www.ville-pelissanne.fr,0490553292,,direction.sej@ville-pelissanne.fr,393 Chemin Saint Pierre 13330 PELISSANNE,PELISSANNE,27088,,,false,,AIX EN PROVENCE LOISIR,"https://monenfant.fr/que-recherchez-vous?structure=ALSH&location=Aix-en-Provence,%20Bouches-du-Rh%C3%B4ne,%20Provence-Alpes-C%C3%B4te%20d%27Azur,%20FRA&x=5.447381703606&y=43.529801070774&radius=30000"
28f2bf12-fbe6-4a23-9565-33fc572acb55,47304716,ALSH,,ECOLE ELEMENTAIRE ALBERT CHABANON,,0491476794,,,23 Rue Albert Chabanon 13006 MARSEILLE,MARSEILLE,27099,,,false,,AIX EN PROVENCE LOISIR,"https://monenfant.fr/que-recherchez-vous?structure=ALSH&location=Aix-en-Provence,%20Bouches-du-Rh%C3%B4ne,%20Provence-Alpes-C%C3%B4te%20d%27Azur,%20FRA&x=5.447381703606&y=43.529801070774&radius=30000"
aa56b94c-2c1b-4bb8-85b2-e79ab2a6a4e7,22375687,ALSH,,ESC LA CRIEE MOM SUD 13007 -THEATRE LA CRIÉE,,0627531723,,momcriee@momsud.com,130 Quai de Rive Neuve 13007 MARSEILLE,MARSEILLE,27099,,,false,,AIX EN PROVENCE LOISIR,"https://monenfant.fr/que-recherchez-vous?structure=ALSH&location=Aix-en-Provence,%20Bouches-du-Rh%C3%B4ne,%20Provence-Alpes-C%C3%B4te%20d%27Azur,%20FRA&x=5.447381703606&y=43.529801070774&radius=30000"
a486b0ff-4513-425b-8928-06002bfbaa20,40011868,ALSH,,MERC LA CRIEE MOM SUD 13007 -THEATRE LA CRIÉE,,0627531723,,momcriee@momsud.com,130 Quai de Rive Neuve 13007 MARSEILLE,MARSEILLE,27099,,,false,,AIX EN PROVENCE LOISIR,"https://monenfant.fr/que-recherchez-vous?structure=ALSH&location=Aix-en-Provence,%20Bouches-du-Rh%C3%B4ne,%20Provence-Alpes-C%C3%B4te%20d%27Azur,%20FRA&x=5.447381703606&y=43.529801070774&radius=30000"
6d719c86-d50f-49c2-ac00-f6958306c517,27905387,ALSH,,ADO COMMUNE LANCON DE PROVENCE -12/17 ANS,,0490429802,,cej@lancon-provence.fr, Avenue François Mitterrand 13680 LANCON PROVENCE,LANCON PROVENCE,27114,,,false,,AIX EN PROVENCE LOISIR,"https://monenfant.fr/que-recherchez-vous?structure=ALSH&location=Aix-en-Provence,%20Bouches-du-Rh%C3%B4ne,%20Provence-Alpes-C%C3%B4te%20d%27Azur,%20FRA&x=5.447381703606&y=43.529801070774&radius=30000"
9f1c403f-c9d6-4312-8b5b-49a0b31219dc,21763532,ALSH,,PSC CHATEAUNEUF LES MARTIGUES  - MATERNELLE MIREILLE FERAUD FOESSER',https://chateauneuf-les-martigues.espace-famille.net:chateauneuf-les-martigues:index.do,0442769025,,service.education@chateauneuf-les-martigues.fr, Boulevard Pierre MENDES France 13220 CHATEAUNEUF LES MARTIGUES,CHATEAUNEUF LES MARTIGUES,27141,,,false,,AIX EN PROVENCE LOISIR,"https://monenfant.fr/que-recherchez-vous?structure=ALSH&location=Aix-en-Provence,%20Bouches-du-Rh%C3%B4ne,%20Provence-Alpes-C%C3%B4te%20d%27Azur,%20FRA&x=5.447381703606&y=43.529801070774&radius=30000"
ceeef96a-40fc-40c1-8530-f156759aa4be,40988630,ALSH,,PSC SOIR -CCO-13011 - ECOLE MATERNELLE ST MARCEL,http://www.ccocl13.fr,0496130720,,cco@ccocl13.fr,17 Rue CORENCQ 13011 MARSEILLE,MARSEILLE,27149,,,false,,AIX EN PROVENCE LOISIR,"https://monenfant.fr/que-recherchez-vous?structure=ALSH&location=Aix-en-Provence,%20Bouches-du-Rh%C3%B4ne,%20Provence-Alpes-C%C3%B4te%20d%27Azur,%20FRA&x=5.447381703606&y=43.529801070774&radius=30000"
0a41d0a5-fc39-4396-881e-8c9434decbad,21446442,ALSH,,ESC MAIRIE 6EME SECTEUR 13011  -  LA BARASSE,http://www.marseillemairie11-12.fr/marseille-mairie-11-et-12eme-arrondissement-3.html,0491362801,,acm-barasse11-12@marseille.fr,100 Boulevard de la Barasse 13011 MARSEILLE,MARSEILLE,27275,,,false,,AIX EN PROVENCE LOISIR,"https://monenfant.fr/que-recherchez-vous?structure=ALSH&location=Aix-en-Provence,%20Bouches-du-Rh%C3%B4ne,%20Provence-Alpes-C%C3%B4te%20d%27Azur,%20FRA&x=5.447381703606&y=43.529801070774&radius=30000"
9964a0b3-7fe1-4e0d-b76a-228f4904dc36,39868322,ALSH,,MERC MAIRIE 6EME SECTEUR 13011  -  LA BARASSE,http://www.marseillemairie11-12.fr/marseille-mairie-11-et-12eme-arrondissement-3.html,0491362801,,acm-barasse11-12@marseille.fr,100 Boulevard de la Barasse 13011 MARSEILLE,MARSEILLE,27275,,,false,,AIX EN PROVENCE LOISIR,"https://monenfant.fr/que-recherchez-vous?structure=ALSH&location=Aix-en-Provence,%20Bouches-du-Rh%C3%B4ne,%20Provence-Alpes-C%C3%B4te%20d%27Azur,%20FRA&x=5.447381703606&y=43.529801070774&radius=30000"
ef9c33e4-a4c5-4df1-ac2d-df136fafb08f,40987167,ALSH,,ADOS -CCO-13011 - ST MENET,,0491304212,,accueil.saint-menet@ccocl13.fr,11 Chemin DU MOUTON 13011 MARSEILLE,MARSEILLE,27323,,,false,,AIX EN PROVENCE LOISIR,"https://monenfant.fr/que-recherchez-vous?structure=ALSH&location=Aix-en-Provence,%20Bouches-du-Rh%C3%B4ne,%20Provence-Alpes-C%C3%B4te%20d%27Azur,%20FRA&x=5.447381703606&y=43.529801070774&radius=30000"
d5f91b10-9767-4e7e-9817-501d0d414e50,40987353,ALSH,,ESC -CCO-13011 - ST MENET,http://www.ccocl13.fr,0491304212,,accueil.saint-menet@ccocl13.fr,11 Chemin DU MOUTON 13011 MARSEILLE,MARSEILLE,27323,,,false,,AIX EN PROVENCE LOISIR,"https://monenfant.fr/que-recherchez-vous?structure=ALSH&location=Aix-en-Provence,%20Bouches-du-Rh%C3%B4ne,%20Provence-Alpes-C%C3%B4te%20d%27Azur,%20FRA&x=5.447381703606&y=43.529801070774&radius=30000"
960f0f4a-9c4b-450d-b3ba-e042885910f5,40987448,ALSH,,PSC MERC -CCO-13011 - ST MENET,http://www.ccocl13.fr,0491304212,,accueil.saint-menet@ccocl13.fr,11 Chemin DU MOUTON 13011 MARSEILLE,MARSEILLE,27323,,,false,,AIX EN PROVENCE LOISIR,"https://monenfant.fr/que-recherchez-vous?structure=ALSH&location=Aix-en-Provence,%20Bouches-du-Rh%C3%B4ne,%20Provence-Alpes-C%C3%B4te%20d%27Azur,%20FRA&x=5.447381703606&y=43.529801070774&radius=30000"
a00e590f-f67b-47ef-b7dc-7d0fff9b54f6,21433130,ALSH,,ESC MAIRIE 4EME SECTEUR 13006 - MICHEL LEVY,,0491554799,,acm-michel-levy@marseille.fr,15 Rue PIERRE LAURENT 13006 MARSEILLE,MARSEILLE,27329,,,false,,AIX EN PROVENCE LOISIR,"https://monenfant.fr/que-recherchez-vous?structure=ALSH&location=Aix-en-Provence,%20Bouches-du-Rh%C3%B4ne,%20Provence-Alpes-C%C3%B4te%20d%27Azur,%20FRA&x=5.447381703606&y=43.529801070774&radius=30000"
c16d40a1-01f9-4048-8df4-25c2e79676fd,39831527,ALSH,,MERC MAIRIE 4EME SECTEUR 13006 - MICHEL LEVY,,0491554799,,acm-michel-levy@marseille.fr,15 Rue PIERRE LAURENT 13006 MARSEILLE,MARSEILLE,27329,,,false,,AIX EN PROVENCE LOISIR,"https://monenfant.fr/que-recherchez-vous?structure=ALSH&location=Aix-en-Provence,%20Bouches-du-Rh%C3%B4ne,%20Provence-Alpes-C%C3%B4te%20d%27Azur,%20FRA&x=5.447381703606&y=43.529801070774&radius=30000"
af37ead7-7edd-40d4-86f1-1c95d938e687,47309732,ALSH,,ECOLE ELÉMENTAIRE CORDERIE,,0491337060,,,33 Boulevard de la Corderie 13007 MARSEILLE,MARSEILLE,27352,,,false,,AIX EN PROVENCE LOISIR,"https://monenfant.fr/que-recherchez-vous?structure=ALSH&location=Aix-en-Provence,%20Bouches-du-Rh%C3%B4ne,%20Provence-Alpes-C%C3%B4te%20d%27Azur,%20FRA&x=5.447381703606&y=43.529801070774&radius=30000"
03fef4cf-c5cd-4d4a-8bc7-949913dc25c7,40988571,ALSH,,PSC SOIR -CCO-13011 - ECOLE MATERNELLE MICHELIS,http://www.ccocl13.fr,0496130720,,cco@ccocl13.fr,33 Avenue DU PONTET 13011 MARSEILLE,MARSEILLE,27366,,,false,,AIX EN PROVENCE LOISIR,"https://monenfant.fr/que-recherchez-vous?structure=ALSH&location=Aix-en-Provence,%20Bouches-du-Rh%C3%B4ne,%20Provence-Alpes-C%C3%B4te%20d%27Azur,%20FRA&x=5.447381703606&y=43.529801070774&radius=30000"
1620f048-b948-4825-ad84-f4c456619797,47308060,ALSH,,ECOLE  ELÉMENTAIRE LODI,,0491782161,,,127 Rue de Lodi 13006 MARSEILLE,MARSEILLE,27389,,,false,,AIX EN PROVENCE LOISIR,"https://monenfant.fr/que-recherchez-vous?structure=ALSH&location=Aix-en-Provence,%20Bouches-du-Rh%C3%B4ne,%20Provence-Alpes-C%C3%B4te%20d%27Azur,%20FRA&x=5.447381703606&y=43.529801070774&radius=30000"
34783df8-2c32-49a3-ab8b-26c779ec6ced,40957186,ALSH,,ADO COMMUNE ENSUES LA REDONNE  - MPT D'ENSUES,,0442459214,,jean-david.wilms@mairie-ensues.fr,56 Avenue FREDRERIC MISTRAL 13820 ENSUES LA REDONNE,ENSUES LA REDONNE,27406,,,false,,AIX EN PROVENCE LOISIR,"https://monenfant.fr/que-recherchez-vous?structure=ALSH&location=Aix-en-Provence,%20Bouches-du-Rh%C3%B4ne,%20Provence-Alpes-C%C3%B4te%20d%27Azur,%20FRA&x=5.447381703606&y=43.529801070774&radius=30000"
12b1599e-acec-48b7-9041-bb255cb0f573,40876307,ALSH,,13-PSC SOIR -FAIL-13007 -  MATERNELLE ET ELEMENTAIRE PHARO CATALANS,https://laligue13.fr/,0603259828,,referent6@laligue13.fr,19 Rue DES CATALANS 13007 MARSEILLE,MARSEILLE,27415,,,false,,AIX EN PROVENCE LOISIR,"https://monenfant.fr/que-recherchez-vous?structure=ALSH&location=Aix-en-Provence,%20Bouches-du-Rh%C3%B4ne,%20Provence-Alpes-C%C3%B4te%20d%27Azur,%20FRA&x=5.447381703606&y=43.529801070774&radius=30000"
3dad9781-0155-4b1d-a560-816e13330eca,40903758,ALSH,,13-PSC SOIR -FAIL-13005 -  ELEMENTAIRE FRIEDLAND,https://laligue13.fr/,0624835876,,referent39@laligue13.fr,13 Rue FRIEDLAND 13005 MARSEILLE,MARSEILLE,27478,,,false,,AIX EN PROVENCE LOISIR,"https://monenfant.fr/que-recherchez-vous?structure=ALSH&location=Aix-en-Provence,%20Bouches-du-Rh%C3%B4ne,%20Provence-Alpes-C%C3%B4te%20d%27Azur,%20FRA&x=5.447381703606&y=43.529801070774&radius=30000"
94a2499d-3233-49af-835e-33dfbc6334d3,40873771,ALSH,,13-PSC SOIR -FAIL-13006 - ELEMENTAIRE BRETEUIL,https://laligue13.fr/,0613416220,,referent5@laligue13.fr,113 Rue BRETEUIL 13006 MARSEILLE,MARSEILLE,27541,,,false,,AIX EN PROVENCE LOISIR,"https://monenfant.fr/que-recherchez-vous?structure=ALSH&location=Aix-en-Provence,%20Bouches-du-Rh%C3%B4ne,%20Provence-Alpes-C%C3%B4te%20d%27Azur,%20FRA&x=5.447381703606&y=43.529801070774&radius=30000"
ef918bc0-f5f7-4fbc-a45f-a15c0a356a98,21440366,ALSH,,ESC CS LA CAPELETTE 13010 -  MENPENTI,http://cscapelette.fr,0491796601,,accueil.capelette@gmail.com,196 Avenue de Toulon 13010 MARSEILLE,MARSEILLE,27555,,,false,,AIX EN PROVENCE LOISIR,"https://monenfant.fr/que-recherchez-vous?structure=ALSH&location=Aix-en-Provence,%20Bouches-du-Rh%C3%B4ne,%20Provence-Alpes-C%C3%B4te%20d%27Azur,%20FRA&x=5.447381703606&y=43.529801070774&radius=30000"
68252e6f-4ba6-414e-8bd4-3138e0e7c21b,39871512,ALSH,,MERC CS LA CAPELETTE 13010 -  MENPENTI,http://cscapelette.fr,0491796601,,accueil.capelette@gmail.com,196 Avenue de Toulon 13010 MARSEILLE,MARSEILLE,27555,,,false,,AIX EN PROVENCE LOISIR,"https://monenfant.fr/que-recherchez-vous?structure=ALSH&location=Aix-en-Provence,%20Bouches-du-Rh%C3%B4ne,%20Provence-Alpes-C%C3%B4te%20d%27Azur,%20FRA&x=5.447381703606&y=43.529801070774&radius=30000"
179f4e7e-1b2b-40be-bfed-cdbc9b464fce,47306773,ALSH,,"""ECOLE MATERNELLE DELPHES """,,0491784614,,,6 Avenue de Delphes 13006 MARSEILLE,MARSEILLE,27616,,,false,,AIX EN PROVENCE LOISIR,"https://monenfant.fr/que-recherchez-vous?structure=ALSH&location=Aix-en-Provence,%20Bouches-du-Rh%C3%B4ne,%20Provence-Alpes-C%C3%B4te%20d%27Azur,%20FRA&x=5.447381703606&y=43.529801070774&radius=30000"
bd83ce1f-6814-4028-9d63-a21b766e4505,40988802,ALSH,,PSC SOIR  -CCO-13010 - ECOLE MATERNELLE CHATEAU ST CYR,http://www.ccocl13.fr,0496130720,,cco@ccocl13.fr,65 Chemin DE LA VALBARELLE 13010 MARSEILLE,MARSEILLE,27619,,,false,,AIX EN PROVENCE LOISIR,"https://monenfant.fr/que-recherchez-vous?structure=ALSH&location=Aix-en-Provence,%20Bouches-du-Rh%C3%B4ne,%20Provence-Alpes-C%C3%B4te%20d%27Azur,%20FRA&x=5.447381703606&y=43.529801070774&radius=30000"
dda9d150-2bf0-4466-9b38-c165fec674e7,47309248,ALSH,,ECOLE  ELÉMENTAIRE CANDOLLE,,0491524479,,,9 Rue Candolle 13007 MARSEILLE,MARSEILLE,27673,,,false,,AIX EN PROVENCE LOISIR,"https://monenfant.fr/que-recherchez-vous?structure=ALSH&location=Aix-en-Provence,%20Bouches-du-Rh%C3%B4ne,%20Provence-Alpes-C%C3%B4te%20d%27Azur,%20FRA&x=5.447381703606&y=43.529801070774&radius=30000"
2ae273bf-b868-4970-a686-6c0d2de7b1a4,47310135,ALSH,,ECOLE MATERNELLE PAUL CODACCIONI,,0491525461,,,18 Rue Paul Codaccioni 13007 MARSEILLE,MARSEILLE,27716,,,false,,AIX EN PROVENCE LOISIR,"https://monenfant.fr/que-recherchez-vous?structure=ALSH&location=Aix-en-Provence,%20Bouches-du-Rh%C3%B4ne,%20Provence-Alpes-C%C3%B4te%20d%27Azur,%20FRA&x=5.447381703606&y=43.529801070774&radius=30000"
5a444198-e5d6-4dff-8435-561f46cdf618,21432735,ALSH,,ESC MAIRIE 4EME SECTEUR 13006  CASTELLANE,,0491470836,,acm-castellane@marseille.fr,23 Rue FALQUE 13006 MARSEILLE,MARSEILLE,27774,,,false,,AIX EN PROVENCE LOISIR,"https://monenfant.fr/que-recherchez-vous?structure=ALSH&location=Aix-en-Provence,%20Bouches-du-Rh%C3%B4ne,%20Provence-Alpes-C%C3%B4te%20d%27Azur,%20FRA&x=5.447381703606&y=43.529801070774&radius=30000"
de5f2efa-bf64-4392-aba9-23622dee3f12,39831571,ALSH,,MERC MAIRIE 4EME SECTEUR 13006  CASTELLANE,,0491470836,,acm-castellane@marseille.fr,23 Rue FALQUE 13006 MARSEILLE,MARSEILLE,27774,,,false,,AIX EN PROVENCE LOISIR,"https://monenfant.fr/que-recherchez-vous?structure=ALSH&location=Aix-en-Provence,%20Bouches-du-Rh%C3%B4ne,%20Provence-Alpes-C%C3%B4te%20d%27Azur,%20FRA&x=5.447381703606&y=43.529801070774&radius=30000"
b0a9b04f-240c-484a-beda-c7846473aae4,21764077,ALSH,,PSC CHATEAUNEUF LES MARTIGUES - MATERNELLE ROGER SALENGRO',https://chateauneuf-les-martigues.espace-famille.net:chateauneuf-les-martigues:index.do,0442769025,,service.education@chateauneuf-les-martigues.fr, Rue Jules FERRY 13220 CHATEAUNEUF LES MARTIGUES,CHATEAUNEUF LES MARTIGUES,27777,,,false,,AIX EN PROVENCE LOISIR,"https://monenfant.fr/que-recherchez-vous?structure=ALSH&location=Aix-en-Provence,%20Bouches-du-Rh%C3%B4ne,%20Provence-Alpes-C%C3%B4te%20d%27Azur,%20FRA&x=5.447381703606&y=43.529801070774&radius=30000"
6a2ca61d-5cc5-44d9-9225-2d2a60aa6912,47310332,ALSH,,ECOLE PRIMAIRE ROUCAS BLANC,,0491526926,,,44 Chemin du Roucas Blanc 13007 MARSEILLE,MARSEILLE,27795,,,false,,AIX EN PROVENCE LOISIR,"https://monenfant.fr/que-recherchez-vous?structure=ALSH&location=Aix-en-Provence,%20Bouches-du-Rh%C3%B4ne,%20Provence-Alpes-C%C3%B4te%20d%27Azur,%20FRA&x=5.447381703606&y=43.529801070774&radius=30000"
6898ef19-4a03-4509-9a40-c3aca1e76754,40874003,ALSH,,13-PSC SOIR -FAIL-13006 - MATERNELLE  FIOLLE FALQUES,https://laligue13.fr/,0603255784,,referent24@laligue13.fr,69 BIS Rue DU DOCTEUR FIOLLE 13006 MARSEILLE,MARSEILLE,27852,,,false,,AIX EN PROVENCE LOISIR,"https://monenfant.fr/que-recherchez-vous?structure=ALSH&location=Aix-en-Provence,%20Bouches-du-Rh%C3%B4ne,%20Provence-Alpes-C%C3%B4te%20d%27Azur,%20FRA&x=5.447381703606&y=43.529801070774&radius=30000"
b5f6e701-f470-4a7f-98d1-09b40a49c547,40873958,ALSH,,13-PSC SOIR -FAIL-13006 - ELEMENTAIRE JEAN FIOLLE,https://laligue13.fr/,0603255784,,referent24@laligue13.fr,75 Rue JEAN FIOLLE 13006 MARSEILLE,MARSEILLE,27863,,,false,,AIX EN PROVENCE LOISIR,"https://monenfant.fr/que-recherchez-vous?structure=ALSH&location=Aix-en-Provence,%20Bouches-du-Rh%C3%B4ne,%20Provence-Alpes-C%C3%B4te%20d%27Azur,%20FRA&x=5.447381703606&y=43.529801070774&radius=30000"
100cce0a-3c22-4938-99cf-26257a2e121e,40874052,ALSH,,13-PSC SOIR -FAIL-13006 - MATERNELLE  JEAN FIOLLE BRETEUIL,https://laligue13.fr/,0613416220,,referent5@laligue13.fr,80 Rue DU DOCTEUR FIOLLE 13006 MARSEILLE,MARSEILLE,27874,,,false,,AIX EN PROVENCE LOISIR,"https://monenfant.fr/que-recherchez-vous?structure=ALSH&location=Aix-en-Provence,%20Bouches-du-Rh%C3%B4ne,%20Provence-Alpes-C%C3%B4te%20d%27Azur,%20FRA&x=5.447381703606&y=43.529801070774&radius=30000"
138be3fa-07b1-45af-af52-21d122f6272d,39871598,ALSH,,AJ  CS LA CAPELETTE 13010 - ACM,http://cscapelette.fr,0491796601,,accueil.capelette@gmail.com,221 Avenue DE LA CAPELETTE 13010 MARSEILLE,MARSEILLE,27921,,,false,,AIX EN PROVENCE LOISIR,"https://monenfant.fr/que-recherchez-vous?structure=ALSH&location=Aix-en-Provence,%20Bouches-du-Rh%C3%B4ne,%20Provence-Alpes-C%C3%B4te%20d%27Azur,%20FRA&x=5.447381703606&y=43.529801070774&radius=30000"
1eb2259e-4951-4325-b945-25048e0c733c,10821279,ALSH,,ESC CS LA CAPELETTE 13010 - ACM,http://cscapelette.fr,0491796601,,accueil.capelette@gmail.com,221 Avenue DE LA CAPELETTE 13010 MARSEILLE,MARSEILLE,27921,,,false,,AIX EN PROVENCE LOISIR,"https://monenfant.fr/que-recherchez-vous?structure=ALSH&location=Aix-en-Provence,%20Bouches-du-Rh%C3%B4ne,%20Provence-Alpes-C%C3%B4te%20d%27Azur,%20FRA&x=5.447381703606&y=43.529801070774&radius=30000"
cf2071ad-469e-4396-b65b-218566b3a4fb,39871555,ALSH,,MERC CS LA CAPELETTE 13010 - ACM,http://cscapelette.fr,0491796601,,accueil.capelette@gmail.com,221 Avenue DE LA CAPELETTE 13010 MARSEILLE,MARSEILLE,27921,,,false,,AIX EN PROVENCE LOISIR,"https://monenfant.fr/que-recherchez-vous?structure=ALSH&location=Aix-en-Provence,%20Bouches-du-Rh%C3%B4ne,%20Provence-Alpes-C%C3%B4te%20d%27Azur,%20FRA&x=5.447381703606&y=43.529801070774&radius=30000"
85fe564f-a119-4658-abe0-9a38ed42b895,10999784,ALSH,,ADO RELAIS JEUNES CHATEAUNEUF,,0442799262,,relais-jeunes2@wanadoo.fr,3 Route De La Côte Bleue 13220 CHATEAUNEUF LES MARTIGUES,CHATEAUNEUF LES MARTIGUES,27992,,,false,,AIX EN PROVENCE LOISIR,"https://monenfant.fr/que-recherchez-vous?structure=ALSH&location=Aix-en-Provence,%20Bouches-du-Rh%C3%B4ne,%20Provence-Alpes-C%C3%B4te%20d%27Azur,%20FRA&x=5.447381703606&y=43.529801070774&radius=30000"
a328adff-8757-48b5-9a0b-2787933cfafc,40875996,ALSH,,13-PSC SOIR -FAIL-13007 -  ELEMENTAIRE CHATEAUBRIAND,https://laligue13.fr/,0624839934,,referent36@laligue13.fr,46 Rue CHATEAUBRIAND 13007 MARSEILLE,MARSEILLE,27996,,,false,,AIX EN PROVENCE LOISIR,"https://monenfant.fr/que-recherchez-vous?structure=ALSH&location=Aix-en-Provence,%20Bouches-du-Rh%C3%B4ne,%20Provence-Alpes-C%C3%B4te%20d%27Azur,%20FRA&x=5.447381703606&y=43.529801070774&radius=30000"
e8a5472c-ffb4-4bec-ba4e-3b705be9fe25,22643873,ALSH,,ADO AEC LES ESCOURTINES 13011,http://www.aec-escourtines.com,0491187090,,accueil@aec-escourtines.com,15 Traverse de la Solitude 13011 MARSEILLE,MARSEILLE,28002,,,false,,AIX EN PROVENCE LOISIR,"https://monenfant.fr/que-recherchez-vous?structure=ALSH&location=Aix-en-Provence,%20Bouches-du-Rh%C3%B4ne,%20Provence-Alpes-C%C3%B4te%20d%27Azur,%20FRA&x=5.447381703606&y=43.529801070774&radius=30000"
4bac7717-248a-4105-a9b6-45d604e81ee1,40223992,ALSH,,ESC AEC LES ESCOURTINES 13011 - GROUPE SCOLAIRE LA MILLIERE,http://www.aec-escourtines.com,0491187090,,accueil@aec-escourtines.com,15 Traverse de la Solitude 13011 MARSEILLE,MARSEILLE,28002,,,false,,AIX EN PROVENCE LOISIR,"https://monenfant.fr/que-recherchez-vous?structure=ALSH&location=Aix-en-Provence,%20Bouches-du-Rh%C3%B4ne,%20Provence-Alpes-C%C3%B4te%20d%27Azur,%20FRA&x=5.447381703606&y=43.529801070774&radius=30000"
424fc14b-79da-431a-b911-14bedffa186b,40224320,ALSH,,PSC MERC  AEC LES ESCOURTINES 13011 - GROUPE SCOLAIRE LA MILLIERE,http://www.aec-escourtines.com,0491187090,,accueil@aec-escourtines.com,15 Traverse de la Solitude 13011 MARSEILLE,MARSEILLE,28002,,,false,,AIX EN PROVENCE LOISIR,"https://monenfant.fr/que-recherchez-vous?structure=ALSH&location=Aix-en-Provence,%20Bouches-du-Rh%C3%B4ne,%20Provence-Alpes-C%C3%B4te%20d%27Azur,%20FRA&x=5.447381703606&y=43.529801070774&radius=30000"
e8d45c78-8140-4146-862e-27093d55ea66,40308258,ALSH,,ADO  COMMUNE LA PENNE SUR HUVEAUNE - SERVICE JEUNESSE,,0491248249,,,8 Allée du stade 13821 LA PENNE SUR HUVEAUNE,LA PENNE SUR HUVEAUNE,28026,,,false,,AIX EN PROVENCE LOISIR,"https://monenfant.fr/que-recherchez-vous?structure=ALSH&location=Aix-en-Provence,%20Bouches-du-Rh%C3%B4ne,%20Provence-Alpes-C%C3%B4te%20d%27Azur,%20FRA&x=5.447381703606&y=43.529801070774&radius=30000"
9f2a8462-406b-4c58-a8b0-876711824d82,40307859,ALSH,,ESC COMMUNE LA PENNE SUR HUVEAUNE - SERVICE JEUNESSE,,0491248249,,,8 Allée du stade 13821 LA PENNE SUR HUVEAUNE,LA PENNE SUR HUVEAUNE,28026,,,false,,AIX EN PROVENCE LOISIR,"https://monenfant.fr/que-recherchez-vous?structure=ALSH&location=Aix-en-Provence,%20Bouches-du-Rh%C3%B4ne,%20Provence-Alpes-C%C3%B4te%20d%27Azur,%20FRA&x=5.447381703606&y=43.529801070774&radius=30000"
af705e84-7f6c-4c4f-873a-bf4f7fcbb410,40308393,ALSH,,PSC COMMUNE LA PENNE SUR HUVEAUNE - SERVICE JEUNESSE,,0491248249,,,8 Allée du stade 13821 LA PENNE SUR HUVEAUNE,LA PENNE SUR HUVEAUNE,28026,,,false,,AIX EN PROVENCE LOISIR,"https://monenfant.fr/que-recherchez-vous?structure=ALSH&location=Aix-en-Provence,%20Bouches-du-Rh%C3%B4ne,%20Provence-Alpes-C%C3%B4te%20d%27Azur,%20FRA&x=5.447381703606&y=43.529801070774&radius=30000"
1ec1e7a3-3b2b-4ce0-84ea-49c93feb93ce,21358394,ALSH,,ESC CSC SAINT GINIEZ  13008 - ACM ECOLE  LE ROUET,,0491779305,,cscginiez8@gmail.com, Rue Charles Allé 13008 MARSEILLE,MARSEILLE,28068,,,false,,AIX EN PROVENCE LOISIR,"https://monenfant.fr/que-recherchez-vous?structure=ALSH&location=Aix-en-Provence,%20Bouches-du-Rh%C3%B4ne,%20Provence-Alpes-C%C3%B4te%20d%27Azur,%20FRA&x=5.447381703606&y=43.529801070774&radius=30000"
70592e5f-8004-4733-a65f-e50b1c893c3d,39826298,ALSH,,PSC CSC SAINT GINIEZ  13008 - ACM ECOLE  LE ROUET,,0491779305,,cscginiez8@gmail.com, Rue Charles Allé 13008 MARSEILLE,MARSEILLE,28068,,,false,,AIX EN PROVENCE LOISIR,"https://monenfant.fr/que-recherchez-vous?structure=ALSH&location=Aix-en-Provence,%20Bouches-du-Rh%C3%B4ne,%20Provence-Alpes-C%C3%B4te%20d%27Azur,%20FRA&x=5.447381703606&y=43.529801070774&radius=30000"
f7ca94ad-2c1c-40fe-b648-c3c34e349b5f,21763842,ALSH,,PSC CHATEAUNEUF LES MARTIGUES  - MATERNELLE'PIERRE BROSSOLETTE',https://chateauneuf-les-martigues.espace-famille.net:chateauneuf-les-martigues:index.do,0442769025,,service.education@chateauneuf-les-martigues.fr, Rue Pierre Brossolette 13220 CHATEAUNEUF LES MARTIGUES,CHATEAUNEUF LES MARTIGUES,28075,,,false,,AIX EN PROVENCE LOISIR,"https://monenfant.fr/que-recherchez-vous?structure=ALSH&location=Aix-en-Provence,%20Bouches-du-Rh%C3%B4ne,%20Provence-Alpes-C%C3%B4te%20d%27Azur,%20FRA&x=5.447381703606&y=43.529801070774&radius=30000"
44e429ec-aadb-4501-af55-dabeae80160f,40876140,ALSH,,13-PSC SOIR -FAIL-13007 -  ELEMENTAIRE MARIUS THOMAS,https://laligue13.fr/,0624839934,,referent36@laligue13.fr,21 Boulevard MARIUS THOMAS 13007 MARSEILLE,MARSEILLE,28102,,,false,,AIX EN PROVENCE LOISIR,"https://monenfant.fr/que-recherchez-vous?structure=ALSH&location=Aix-en-Provence,%20Bouches-du-Rh%C3%B4ne,%20Provence-Alpes-C%C3%B4te%20d%27Azur,%20FRA&x=5.447381703606&y=43.529801070774&radius=30000"
a82e952f-814e-409c-b199-c1c4303d554f,10986325,ALSH,,ALSH MATERNELLES- PRIMAIRES POURCIEUX,http://www.pourcieux.fr,0494594972,,mairie-pourcieux@orange.fr, Rue DES AIRES 83470 POURCIEUX,POURCIEUX,28110,,,false,,AIX EN PROVENCE LOISIR,"https://monenfant.fr/que-recherchez-vous?structure=ALSH&location=Aix-en-Provence,%20Bouches-du-Rh%C3%B4ne,%20Provence-Alpes-C%C3%B4te%20d%27Azur,%20FRA&x=5.447381703606&y=43.529801070774&radius=30000"
8d517888-fbcd-4087-96da-ce7087bfe5b1,10904230,ALSH,,ESC MAIRIE 4EME SECTEUR 13006 -  VAUBAN,,0491377938,,acm-vauban@marseille.fr,114 Boulevard Vauban 13006 MARSEILLE,MARSEILLE,28118,,,false,,AIX EN PROVENCE LOISIR,"https://monenfant.fr/que-recherchez-vous?structure=ALSH&location=Aix-en-Provence,%20Bouches-du-Rh%C3%B4ne,%20Provence-Alpes-C%C3%B4te%20d%27Azur,%20FRA&x=5.447381703606&y=43.529801070774&radius=30000"
bc69341e-8c60-4a12-bd3d-cd5f2f2bfcc2,39831339,ALSH,,MERC MAIRIE 4EME SECTEUR 13006 -  VAUBAN,,0491377938,,acm-vauban@marseille.fr,114 Boulevard Vauban 13006 MARSEILLE,MARSEILLE,28118,,,false,,AIX EN PROVENCE LOISIR,"https://monenfant.fr/que-recherchez-vous?structure=ALSH&location=Aix-en-Provence,%20Bouches-du-Rh%C3%B4ne,%20Provence-Alpes-C%C3%B4te%20d%27Azur,%20FRA&x=5.447381703606&y=43.529801070774&radius=30000"
ce8d993f-0ddd-465a-a979-cdeca38970f2,40874095,ALSH,,13-PSC SOIR -FAIL-13006 - MATERNELLE  VAUBAN,https://laligue13.fr/,0603252914,,referent19@laligue13.fr,122 Boulevard VAUBAN 13006 MARSEILLE,MARSEILLE,28160,,,false,,AIX EN PROVENCE LOISIR,"https://monenfant.fr/que-recherchez-vous?structure=ALSH&location=Aix-en-Provence,%20Bouches-du-Rh%C3%B4ne,%20Provence-Alpes-C%C3%B4te%20d%27Azur,%20FRA&x=5.447381703606&y=43.529801070774&radius=30000"
580ff2fa-2bd7-482e-97cb-ca5289291ee4,21348340,ALSH,,ESC COMMUNE AUBAGNE  - VICTOR HUGO MATERNELLE,,0442181956,,cleavictorhugo.pouce@aubagne.fr, Avenue MARCEL PAGNOL  CAMPAGNE VALERIE 13400 AUBAGNE,AUBAGNE,28172,,,false,,AIX EN PROVENCE LOISIR,"https://monenfant.fr/que-recherchez-vous?structure=ALSH&location=Aix-en-Provence,%20Bouches-du-Rh%C3%B4ne,%20Provence-Alpes-C%C3%B4te%20d%27Azur,%20FRA&x=5.447381703606&y=43.529801070774&radius=30000"
c4c4957e-7b32-410d-9672-a9974fb6368d,21349054,ALSH,,ESC COMMUNE AUBAGNE -  VICTOR HUGO PRIMAIRE,,0442181956,,cleavictorhugo.club@aubagne.fr, Avenue MARCEL PAUL   CAMPAGNE VALERIE 13400 AUBAGNE,AUBAGNE,28172,,,false,,AIX EN PROVENCE LOISIR,"https://monenfant.fr/que-recherchez-vous?structure=ALSH&location=Aix-en-Provence,%20Bouches-du-Rh%C3%B4ne,%20Provence-Alpes-C%C3%B4te%20d%27Azur,%20FRA&x=5.447381703606&y=43.529801070774&radius=30000"
86e99035-c07b-4cca-b78e-3b1800e2ae95,21346406,ALSH,,ESC COMMUNE AUBAGNE - GROUPE SCOLAIRE ANTIDE BOYER,,0442181635,,, Avenue DES MARRONNIERS 13400 AUBAGNE,AUBAGNE,28172,,,false,,AIX EN PROVENCE LOISIR,"https://monenfant.fr/que-recherchez-vous?structure=ALSH&location=Aix-en-Provence,%20Bouches-du-Rh%C3%B4ne,%20Provence-Alpes-C%C3%B4te%20d%27Azur,%20FRA&x=5.447381703606&y=43.529801070774&radius=30000"
5e9f182b-db07-4e17-bbbf-c2d5e0e8486d,21348438,ALSH,,MERC  COMMUNE AUBAGNE  -  TOURTELLE  PRIMAIRE,,0442181956,,cleatourtelle.club@aubagne.fr, Voie ANJOU  LA TOURTELLE 13400 AUBAGNE,AUBAGNE,28172,,,false,,AIX EN PROVENCE LOISIR,"https://monenfant.fr/que-recherchez-vous?structure=ALSH&location=Aix-en-Provence,%20Bouches-du-Rh%C3%B4ne,%20Provence-Alpes-C%C3%B4te%20d%27Azur,%20FRA&x=5.447381703606&y=43.529801070774&radius=30000"
076548e2-8d04-4ce6-83a7-62b2d817626d,39623771,ALSH,,MERC COMMUNE AUBAGNE -  VICTOR HUGO MATERNELLE,,0442181956,,cleavictorhugo.pouce@aubagne.fr, Avenue MARCEL PAGNOL  CAMPAGNE VALERIE 13400 AUBAGNE,AUBAGNE,28172,,,false,,AIX EN PROVENCE LOISIR,"https://monenfant.fr/que-recherchez-vous?structure=ALSH&location=Aix-en-Provence,%20Bouches-du-Rh%C3%B4ne,%20Provence-Alpes-C%C3%B4te%20d%27Azur,%20FRA&x=5.447381703606&y=43.529801070774&radius=30000"
41e06de2-b42f-4b3d-bac5-80d622618805,39623013,ALSH,,MERC COMMUNE AUBAGNE -  VICTOR HUGO PRIMAIRE,,0442181956,,cleavictorhugo.pouce@aubagne.fr, Avenue MARCEL PAGNOL  CAMPAGNE VALERIE 13400 AUBAGNE,AUBAGNE,28172,,,false,,AIX EN PROVENCE LOISIR,"https://monenfant.fr/que-recherchez-vous?structure=ALSH&location=Aix-en-Provence,%20Bouches-du-Rh%C3%B4ne,%20Provence-Alpes-C%C3%B4te%20d%27Azur,%20FRA&x=5.447381703606&y=43.529801070774&radius=30000"
c22cdfa6-995a-45ff-8d47-076546eac52e,10776055,ALSH,,MERC COMMUNE AUBAGNE - TOURTELLE MATERNELLE,,0442181956,,cleatourtelle.pouce@aubagne.fr, Voie ECOLE MATERNELLE ANJOU - LA TOURTELLE 13400 AUBAGNE,AUBAGNE,28172,,,false,,AIX EN PROVENCE LOISIR,"https://monenfant.fr/que-recherchez-vous?structure=ALSH&location=Aix-en-Provence,%20Bouches-du-Rh%C3%B4ne,%20Provence-Alpes-C%C3%B4te%20d%27Azur,%20FRA&x=5.447381703606&y=43.529801070774&radius=30000"
a56f720a-5c27-4dd0-8581-00fab33844c4,40988701,ALSH,,PSC SOIR  -CCO-13010 - ECOLE MATERNELLE CHANTEPERDRIX,http://www.ccocl13.fr,0496130720,,cco@ccocl13.fr,30 Traverse Chanteperdrix 13010 MARSEILLE,MARSEILLE,28184,,,false,,AIX EN PROVENCE LOISIR,"https://monenfant.fr/que-recherchez-vous?structure=ALSH&location=Aix-en-Provence,%20Bouches-du-Rh%C3%B4ne,%20Provence-Alpes-C%C3%B4te%20d%27Azur,%20FRA&x=5.447381703606&y=43.529801070774&radius=30000"
bb412d63-915e-4c1e-87bf-42cbf505f37a,40873914,ALSH,,13-PSC SOIR -FAIL-13006 - ELEMENTAIRE GUADELOUPPE,https://laligue13.fr/,0613416220,,referent5@laligue13.fr,7 Rue DE LA GUADELOUPPE 13006 MARSEILLE,MARSEILLE,28186,,,false,,AIX EN PROVENCE LOISIR,"https://monenfant.fr/que-recherchez-vous?structure=ALSH&location=Aix-en-Provence,%20Bouches-du-Rh%C3%B4ne,%20Provence-Alpes-C%C3%B4te%20d%27Azur,%20FRA&x=5.447381703606&y=43.529801070774&radius=30000"
881864ec-fe16-480a-aac5-2de4b7913e6c,47308372,ALSH,,ECOLE ELÉMENTAIRE AMÉDÉE AUTRAN ( VALLON DE L'ORIOL),,0491520593,,,12 Boulevard Amédée Autran 13007 MARSEILLE,MARSEILLE,28265,,,false,,AIX EN PROVENCE LOISIR,"https://monenfant.fr/que-recherchez-vous?structure=ALSH&location=Aix-en-Provence,%20Bouches-du-Rh%C3%B4ne,%20Provence-Alpes-C%C3%B4te%20d%27Azur,%20FRA&x=5.447381703606&y=43.529801070774&radius=30000"
62678508-149b-4990-a8a9-d8a4744e3af4,10999612,ALSH,,ESC LE P TIT CAMAIEU 13010,,0491805576,,leptitcamaieu@free.fr,39 Rue François Mauriac 13010 MARSEILLE,MARSEILLE,28287,,,false,,AIX EN PROVENCE LOISIR,"https://monenfant.fr/que-recherchez-vous?structure=ALSH&location=Aix-en-Provence,%20Bouches-du-Rh%C3%B4ne,%20Provence-Alpes-C%C3%B4te%20d%27Azur,%20FRA&x=5.447381703606&y=43.529801070774&radius=30000"
8d763811-6833-4165-bbe0-25ca1008863b,39772312,ALSH,,PSC LE P TIT CAMAIEU 13010,,0491805576,,leptitcamaieu@free.fr,39 Rue François Mauriac 13010 MARSEILLE,MARSEILLE,28287,,,false,,AIX EN PROVENCE LOISIR,"https://monenfant.fr/que-recherchez-vous?structure=ALSH&location=Aix-en-Provence,%20Bouches-du-Rh%C3%B4ne,%20Provence-Alpes-C%C3%B4te%20d%27Azur,%20FRA&x=5.447381703606&y=43.529801070774&radius=30000"
11076dbd-8a2e-4484-bb31-d0b39b6d9db0,21762857,ALSH,,ESC PIERRE VINCENT CHATEAUNEUF -  ECOLE MATER PIERRE ET MARIE CURIE,https://chateauneuf-les-martigues.espace-famille.net:chateauneuf-les-martigues:index.do,0442769025,,service.education@chateauneuf-les-martigues.fr,20 Boulevard Pierre et Marie CURIE 13220 CHATEAUNEUF LES MARTIGUES,CHATEAUNEUF LES MARTIGUES,28314,,,false,,AIX EN PROVENCE LOISIR,"https://monenfant.fr/que-recherchez-vous?structure=ALSH&location=Aix-en-Provence,%20Bouches-du-Rh%C3%B4ne,%20Provence-Alpes-C%C3%B4te%20d%27Azur,%20FRA&x=5.447381703606&y=43.529801070774&radius=30000"
c2dda720-238d-4f6f-9081-c45e48f14b1b,40356964,ALSH,,MERC MPT  PIERRE VINCENT CHATEAUNEUF -  ECOLE MATER PIERRE ET MARIE CURIE,https://chateauneuf-les-martigues.espace-famille.net:chateauneuf-les-martigues:index.do,0442769025,,service.education@chateauneuf-les-martigues.fr,20 Boulevard Pierre et Marie CURIE 13220 CHATEAUNEUF LES MARTIGUES,CHATEAUNEUF LES MARTIGUES,28314,,,false,,AIX EN PROVENCE LOISIR,"https://monenfant.fr/que-recherchez-vous?structure=ALSH&location=Aix-en-Provence,%20Bouches-du-Rh%C3%B4ne,%20Provence-Alpes-C%C3%B4te%20d%27Azur,%20FRA&x=5.447381703606&y=43.529801070774&radius=30000"
e4f20edc-9a11-4514-b0c6-c34f82401d88,39993565,ALSH,,PSC  CHATEAUNEUF LES MARTIGUES  - MATERNELLE MARIE CURIE',https://chateauneuf-les-martigues.espace-famille.net:chateauneuf-les-martigues:index.do,0442769025,,service.education@chateauneuf-les-martigues.fr,20 Boulevard Pierre et Marie CURIE 13220 CHATEAUNEUF LES MARTIGUES,CHATEAUNEUF LES MARTIGUES,28314,,,false,,AIX EN PROVENCE LOISIR,"https://monenfant.fr/que-recherchez-vous?structure=ALSH&location=Aix-en-Provence,%20Bouches-du-Rh%C3%B4ne,%20Provence-Alpes-C%C3%B4te%20d%27Azur,%20FRA&x=5.447381703606&y=43.529801070774&radius=30000"
2198dac8-2584-4707-b851-440405fa3fed,47308688,ALSH,,ECOLE MATERNELLE AMÉDÉE AUTRAN,,0491520756,,,10 Boulevard Amédée Autran 13007 MARSEILLE,MARSEILLE,28355,,,false,,AIX EN PROVENCE LOISIR,"https://monenfant.fr/que-recherchez-vous?structure=ALSH&location=Aix-en-Provence,%20Bouches-du-Rh%C3%B4ne,%20Provence-Alpes-C%C3%B4te%20d%27Azur,%20FRA&x=5.447381703606&y=43.529801070774&radius=30000"
0a6b44e9-3c70-4a24-a140-cd6012281d04,10995570,ALSH,,ESC ENDOUME 13007 -CSS ENDOUME,http://www.cscendoume.fr/centre-aéré/,0491520863,,csc285@free.fr,285 Rue d'Endoume 13007 MARSEILLE,MARSEILLE,28367,,,false,,AIX EN PROVENCE LOISIR,"https://monenfant.fr/que-recherchez-vous?structure=ALSH&location=Aix-en-Provence,%20Bouches-du-Rh%C3%B4ne,%20Provence-Alpes-C%C3%B4te%20d%27Azur,%20FRA&x=5.447381703606&y=43.529801070774&radius=30000"
c9020c9a-6fd6-4a83-a42c-eea1c209fd50,40016232,ALSH,,PSC ENDOUME 13007,http://www.cscendoume.fr/centre-aéré/,0491520863,,csc285@free.fr,285 Rue d'Endoume 13007 MARSEILLE,MARSEILLE,28367,,,false,,AIX EN PROVENCE LOISIR,"https://monenfant.fr/que-recherchez-vous?structure=ALSH&location=Aix-en-Provence,%20Bouches-du-Rh%C3%B4ne,%20Provence-Alpes-C%C3%B4te%20d%27Azur,%20FRA&x=5.447381703606&y=43.529801070774&radius=30000"
f443f557-7b2a-4b09-901e-04e572997d84,22109410,ALSH,,ESC COMMUNE LA PENNE SUR HUVEAUNE - LA FARANDOLE -,https://ville-lapennesurhuveaune.fr/centre-de-loisirs/,0491886709,,lafarandole@mairie-lapennesurhuveaune.fr, Boulevard du Béal 13821 LA PENNE SUR HUVEAUNE,LA PENNE SUR HUVEAUNE,28397,,,false,,AIX EN PROVENCE LOISIR,"https://monenfant.fr/que-recherchez-vous?structure=ALSH&location=Aix-en-Provence,%20Bouches-du-Rh%C3%B4ne,%20Provence-Alpes-C%C3%B4te%20d%27Azur,%20FRA&x=5.447381703606&y=43.529801070774&radius=30000"
59accbdf-9bc4-4643-b8f8-033f9add0344,39998229,ALSH,,PSC MERC  COMMUNE LA PENNE SUR HUVEAUNE - LA FARANDOLE -,https://ville-lapennesurhuveaune.fr/centre-de-loisirs/,0491886709,,lafarandole@mairie-lapennesurhuveaune.fr, Boulevard du Béal 13821 LA PENNE SUR HUVEAUNE,LA PENNE SUR HUVEAUNE,28397,,,false,,AIX EN PROVENCE LOISIR,"https://monenfant.fr/que-recherchez-vous?structure=ALSH&location=Aix-en-Provence,%20Bouches-du-Rh%C3%B4ne,%20Provence-Alpes-C%C3%B4te%20d%27Azur,%20FRA&x=5.447381703606&y=43.529801070774&radius=30000"
7a5c4153-c981-4171-b44f-cf947f8333c4,27908703,ALSH,,ESC HAYA MOUCHKA 13008,,0491453334,,ecoleh.m@gmail.com,18 Rue Liandier 13008 MARSEILLE,MARSEILLE,28406,,,false,,AIX EN PROVENCE LOISIR,"https://monenfant.fr/que-recherchez-vous?structure=ALSH&location=Aix-en-Provence,%20Bouches-du-Rh%C3%B4ne,%20Provence-Alpes-C%C3%B4te%20d%27Azur,%20FRA&x=5.447381703606&y=43.529801070774&radius=30000"
c90cc37d-9b10-43c4-b6e6-c0250d05233e,40026260,ALSH,,MERC HAYA MOUCHKA 13008,,0491453334,,ecoleh.m@gmail.com,18 Rue Liandier 13008 MARSEILLE,MARSEILLE,28406,,,false,,AIX EN PROVENCE LOISIR,"https://monenfant.fr/que-recherchez-vous?structure=ALSH&location=Aix-en-Provence,%20Bouches-du-Rh%C3%B4ne,%20Provence-Alpes-C%C3%B4te%20d%27Azur,%20FRA&x=5.447381703606&y=43.529801070774&radius=30000"
8761063b-655d-4bdb-882e-42257dd7cdcc,21356630,ALSH,,ESC COMMUNE ENSUES LA REDONNE  - CROCS VACANCES,,0442401442,,, Chemin du stade 13820 ENSUES LA REDONNE,ENSUES LA REDONNE,28423,,,false,,AIX EN PROVENCE LOISIR,"https://monenfant.fr/que-recherchez-vous?structure=ALSH&location=Aix-en-Provence,%20Bouches-du-Rh%C3%B4ne,%20Provence-Alpes-C%C3%B4te%20d%27Azur,%20FRA&x=5.447381703606&y=43.529801070774&radius=30000"
2056ec38-ba13-4fb8-81b8-81a0c11fb5d6,39646095,ALSH,,PSC MERC COMMUNE ENSUES LA REDONNE  - CROCS VACANCES,,0442401442,,, Chemin du stade 13820 ENSUES LA REDONNE,ENSUES LA REDONNE,28423,,,false,,AIX EN PROVENCE LOISIR,"https://monenfant.fr/que-recherchez-vous?structure=ALSH&location=Aix-en-Provence,%20Bouches-du-Rh%C3%B4ne,%20Provence-Alpes-C%C3%B4te%20d%27Azur,%20FRA&x=5.447381703606&y=43.529801070774&radius=30000"
43266aec-123d-4c17-866a-fac854cc1d43,40988904,ALSH,,PSC SOIR  -CCO-13010 - ECOLE MATERNELLE LES 3 PONTS,http://www.ccocl13.fr,0496130720,,cco@ccocl13.fr,33 Traverse Chanteperdrix 13010 MARSEILLE,MARSEILLE,28453,,,false,,AIX EN PROVENCE LOISIR,"https://monenfant.fr/que-recherchez-vous?structure=ALSH&location=Aix-en-Provence,%20Bouches-du-Rh%C3%B4ne,%20Provence-Alpes-C%C3%B4te%20d%27Azur,%20FRA&x=5.447381703606&y=43.529801070774&radius=30000"
f69d7deb-182f-4b85-ab43-92cfbf6948ce,40775299,ALSH,,ESC ENDOUME 13007 - BENSA,http://www.cscendoume.fr/centre-aéré/,0491522864,,csc285@free.fr,22 Boulevard BENSA 13007 MARSEILLE,MARSEILLE,28472,,,false,,AIX EN PROVENCE LOISIR,"https://monenfant.fr/que-recherchez-vous?structure=ALSH&location=Aix-en-Provence,%20Bouches-du-Rh%C3%B4ne,%20Provence-Alpes-C%C3%B4te%20d%27Azur,%20FRA&x=5.447381703606&y=43.529801070774&radius=30000"
8c8ac0cb-37e2-45ba-beff-b16cc7d4c190,40874763,ALSH,,13-PSC SOIR -FAIL-13007 - MATERNELLE ET ELEMENTAIRELA ROSERAIE,https://laligue13.fr/,0612789433,,referent26@laligue13.fr,11 A Rue PIERRE MOUREN 13007 MARSEILLE,MARSEILLE,28494,,,false,,AIX EN PROVENCE LOISIR,"https://monenfant.fr/que-recherchez-vous?structure=ALSH&location=Aix-en-Provence,%20Bouches-du-Rh%C3%B4ne,%20Provence-Alpes-C%C3%B4te%20d%27Azur,%20FRA&x=5.447381703606&y=43.529801070774&radius=30000"
332868e7-d54a-4f8a-9350-a1bd2de32a76,40775350,ALSH,,ESC ENDOUME 13007 - MATERNELLE DE LA ROSERAIE,http://www.cscendoume.fr/centre-aéré/,0491522864,,csc285@free.fr,11A Rue PIERRE MOUREN 13007 MARSEILLE,MARSEILLE,28494,,,false,,AIX EN PROVENCE LOISIR,"https://monenfant.fr/que-recherchez-vous?structure=ALSH&location=Aix-en-Provence,%20Bouches-du-Rh%C3%B4ne,%20Provence-Alpes-C%C3%B4te%20d%27Azur,%20FRA&x=5.447381703606&y=43.529801070774&radius=30000"
e52a5389-2324-4cde-afb6-319882b8c51a,22637487,ALSH,,ESC SYNERGIE 13010  -  'LA SAUVAGÉRE',,0491798536,,contact@synergiefamily.com,253 Boulevard Romain Rolland 13010 MARSEILLE,MARSEILLE,28578,,,false,,AIX EN PROVENCE LOISIR,"https://monenfant.fr/que-recherchez-vous?structure=ALSH&location=Aix-en-Provence,%20Bouches-du-Rh%C3%B4ne,%20Provence-Alpes-C%C3%B4te%20d%27Azur,%20FRA&x=5.447381703606&y=43.529801070774&radius=30000"
a1594cf9-37be-4754-81d4-e72e692b4061,40222031,ALSH,,MERC SYNERGIE 13010  -  'LA SAUVAGÉRE',,0491798536,,contact@synergiefamily.com,253 Boulevard Romain Rolland 13010 MARSEILLE,MARSEILLE,28578,,,false,,AIX EN PROVENCE LOISIR,"https://monenfant.fr/que-recherchez-vous?structure=ALSH&location=Aix-en-Provence,%20Bouches-du-Rh%C3%B4ne,%20Provence-Alpes-C%C3%B4te%20d%27Azur,%20FRA&x=5.447381703606&y=43.529801070774&radius=30000"
57d358d6-43d9-4e77-bf2d-c6651598eee8,41248559,ALSH,,ESC CENTRE AEREE PIERRE VINCENT - PARC MUNICIPAL,https://www.facebook.com/csmpt.chateauneuf.les.martigues/,0442341170,,contactacm@csmpt.fr, Chemin DE LA PIERRE VINCENT 13220 CHATEAUNEUF LES MARTIGUES,CHATEAUNEUF LES MARTIGUES,28583,,,false,,AIX EN PROVENCE LOISIR,"https://monenfant.fr/que-recherchez-vous?structure=ALSH&location=Aix-en-Provence,%20Bouches-du-Rh%C3%B4ne,%20Provence-Alpes-C%C3%B4te%20d%27Azur,%20FRA&x=5.447381703606&y=43.529801070774&radius=30000"
06b17d8e-cd27-44ef-b9e7-17694bd44299,41248602,ALSH,,MERC  CENTRE AEREE PIERRE VINCENT - PARC MUNICIPAL,https://www.facebook.com/csmpt.chateauneuf.les.martigues/,0442341170,,contactacm@csmpt.fr, Chemin DE LA PIERRE VINCENT 13220 CHATEAUNEUF LES MARTIGUES,CHATEAUNEUF LES MARTIGUES,28583,,,false,,AIX EN PROVENCE LOISIR,"https://monenfant.fr/que-recherchez-vous?structure=ALSH&location=Aix-en-Provence,%20Bouches-du-Rh%C3%B4ne,%20Provence-Alpes-C%C3%B4te%20d%27Azur,%20FRA&x=5.447381703606&y=43.529801070774&radius=30000"
4296482f-0f09-425b-9fb4-346c406f4cf5,47308782,ALSH,,ECOLE PRIMAIRE BOMPARD,,0491526389,,,131 Boulevard Bompard 13007 MARSEILLE,MARSEILLE,28630,,,false,,AIX EN PROVENCE LOISIR,"https://monenfant.fr/que-recherchez-vous?structure=ALSH&location=Aix-en-Provence,%20Bouches-du-Rh%C3%B4ne,%20Provence-Alpes-C%C3%B4te%20d%27Azur,%20FRA&x=5.447381703606&y=43.529801070774&radius=30000"
6b3e2d4a-1cca-44a1-8a70-a4b3e53f63e8,12739932,EAJE,,MAC CROC LA VIE,https://www.salondeprovence.fr/,0490561403,,ccas.croclavie@salon-deprovence.org,290 Boulevard Des Frères Lamanon 13300 SALON DE PROVENCE,SALON DE PROVENCE,0,NR,,true,,SALON DE PROVENCE CRECHE,"https://monenfant.fr/que-recherchez-vous?structure=EAJE&location=Salon-de-Provence,%20Bouches-du-Rh%C3%B4ne,%20Provence-Alpes-C%C3%B4te%20d%27Azur,%20FRA&x=5.09895601003&y=43.640656495782&radius=30000"
ab7a9c83-dcc5-4bea-9b17-5af44505438a,12739846,EAJE,,MACF LES ECUREUILS,,0490567305,,ccas.lesecureuils@salon-de-provence.org, Impasse Saint Damien - Quartier Saint Come 13300 SALON DE PROVENCE,SALON DE PROVENCE,0,NR,,true,,SALON DE PROVENCE CRECHE,"https://monenfant.fr/que-recherchez-vous?structure=EAJE&location=Salon-de-Provence,%20Bouches-du-Rh%C3%B4ne,%20Provence-Alpes-C%C3%B4te%20d%27Azur,%20FRA&x=5.09895601003&y=43.640656495782&radius=30000"
693c2cc7-8c28-4607-924e-30594105cee0,12739760,EAJE,,MACF LES PITCHOUNS DE FRANCOIS BLANC,,0490457490,,enfance@ccas-salon.fr, Route vieille de Cornillon 13300 SALON DE PROVENCE,SALON DE PROVENCE,0,NR,,false,,SALON DE PROVENCE CRECHE,"https://monenfant.fr/que-recherchez-vous?structure=EAJE&location=Salon-de-Provence,%20Bouches-du-Rh%C3%B4ne,%20Provence-Alpes-C%C3%B4te%20d%27Azur,%20FRA&x=5.09895601003&y=43.640656495782&radius=30000"
38c0ebaf-4aa8-4627-81a9-599eaa745670,12739889,EAJE,,MAC LA DURANCE,https://www.salondeprovence.fr/,0490568866,,ccas.ladurance@salon-de-provence.org, Chemin de la Durance 13300 SALON DE PROVENCE,SALON DE PROVENCE,804,NR,,true,,SALON DE PROVENCE CRECHE,"https://monenfant.fr/que-recherchez-vous?structure=EAJE&location=Salon-de-Provence,%20Bouches-du-Rh%C3%B4ne,%20Provence-Alpes-C%C3%B4te%20d%27Azur,%20FRA&x=5.09895601003&y=43.640656495782&radius=30000"
6500be60-7bad-480b-b426-0e0402e0bd6d,18187856,EAJE,,MAC LE JARDIN DES SENS,https://www.croix-rouge.fr/Annuaire/MULTI-ACCUEIL-COLLECTIF-JARDIN-DES-SENS5,0490560913,,,150 Rue DU COMMANDANT SIBOUR 13300 SALON DE PROVENCE,SALON DE PROVENCE,820,NR,,false,,SALON DE PROVENCE CRECHE,"https://monenfant.fr/que-recherchez-vous?structure=EAJE&location=Salon-de-Provence,%20Bouches-du-Rh%C3%B4ne,%20Provence-Alpes-C%C3%B4te%20d%27Azur,%20FRA&x=5.09895601003&y=43.640656495782&radius=30000"
1c1cc9a8-5f6a-4afa-9db7-aa5f08872cf9,21200213,EAJE,,MIC-PAJE CITRON ET PAPILLONS,https://www.reseauvictoliane.fr/,0490455929,,inscriptionvictoliane@gmail.com,129 Rue de la Taille 13300 SALON DE PROVENCE,SALON DE PROVENCE,1333,NR,,false,,SALON DE PROVENCE CRECHE,"https://monenfant.fr/que-recherchez-vous?structure=EAJE&location=Salon-de-Provence,%20Bouches-du-Rh%C3%B4ne,%20Provence-Alpes-C%C3%B4te%20d%27Azur,%20FRA&x=5.09895601003&y=43.640656495782&radius=30000"
cdd5d97b-6cc3-4669-ad63-a12a8825989f,21200024,EAJE,,MIC-PAJE LE PETIT COCON,http://www.babycompagnie.fr/MICRO_CRECHE_BABY_COMPAGNIE_WEB/FR/index.awp,0490453743,,contact@babycompagnie.fr,42 Chemin du Vieux Moulin 13300 SALON DE PROVENCE,SALON DE PROVENCE,1533,NR,,false,,SALON DE PROVENCE CRECHE,"https://monenfant.fr/que-recherchez-vous?structure=EAJE&location=Salon-de-Provence,%20Bouches-du-Rh%C3%B4ne,%20Provence-Alpes-C%C3%B4te%20d%27Azur,%20FRA&x=5.09895601003&y=43.640656495782&radius=30000"
d480629f-fdb4-48bf-b8e1-a14fa27ae3fc,40708393,EAJE,,MAC GLOBES TROTTEURS SALON ADMR BDR,,0413053623,,globetrotteurs@admr13.org,1415 Avenue Jacques Chaban Delmas 13300 SALON DE PROVENCE,SALON DE PROVENCE,3249,NR,,false,,SALON DE PROVENCE CRECHE,"https://monenfant.fr/que-recherchez-vous?structure=EAJE&location=Salon-de-Provence,%20Bouches-du-Rh%C3%B4ne,%20Provence-Alpes-C%C3%B4te%20d%27Azur,%20FRA&x=5.09895601003&y=43.640656495782&radius=30000"
c637b9b7-f1aa-4ace-9683-914718207cca,23352069,EAJE,,MIC-PAJE LES MALICIEUX DE BEL AIR,http://www.grandir.com,0488938471,,salon.belair@lpcr.fr, Place Tricon 13300 SALON DE PROVENCE,SALON DE PROVENCE,3301,NR,,false,,SALON DE PROVENCE CRECHE,"https://monenfant.fr/que-recherchez-vous?structure=EAJE&location=Salon-de-Provence,%20Bouches-du-Rh%C3%B4ne,%20Provence-Alpes-C%C3%B4te%20d%27Azur,%20FRA&x=5.09895601003&y=43.640656495782&radius=30000"
a5c3b80b-f861-4145-8715-2f1415703223,12740577,EAJE,,MAC LES FEUILLANTINES,,0490558390,,creche.grans@wanadoo.fr, Boulevard VICTOR JAUFFRET 13450 GRANS,GRANS,4478,NR,,false,,SALON DE PROVENCE CRECHE,"https://monenfant.fr/que-recherchez-vous?structure=EAJE&location=Salon-de-Provence,%20Bouches-du-Rh%C3%B4ne,%20Provence-Alpes-C%C3%B4te%20d%27Azur,%20FRA&x=5.09895601003&y=43.640656495782&radius=30000"
f67a421b-b4bb-4d87-b404-ef163b9e7534,12535880,EAJE,,MAC LES COCCINELLES,,0490579286,,coccinelles@entraide.asso.fr,115 Rue Paulin Mathieu 13430 EYGUIERES,EYGUIERES,7635,NR,,false,,SALON DE PROVENCE CRECHE,"https://monenfant.fr/que-recherchez-vous?structure=EAJE&location=Salon-de-Provence,%20Bouches-du-Rh%C3%B4ne,%20Provence-Alpes-C%C3%B4te%20d%27Azur,%20FRA&x=5.09895601003&y=43.640656495782&radius=30000"
a0fb3d9e-dc02-4b55-8dcf-99c7929ed61e,12554585,EAJE,,MAC LES PITCHOUNETS,https://crecheoasis.fr,0982558310,,lespitchounets@crecheoasis.fr,184 B Cours Victor Hugo 13980 ALLEINS,ALLEINS,8539,NR,,false,,SALON DE PROVENCE CRECHE,"https://monenfant.fr/que-recherchez-vous?structure=EAJE&location=Salon-de-Provence,%20Bouches-du-Rh%C3%B4ne,%20Provence-Alpes-C%C3%B4te%20d%27Azur,%20FRA&x=5.09895601003&y=43.640656495782&radius=30000"
a317df81-b9fd-4696-bf08-9eb61c0b8bbe,12717262,EAJE,,MACF JEAN GIONO,,0490583444,,mac.giono@mairie-miramas.fr, Impasse REGAIN 13140 MIRAMAS,MIRAMAS,9014,NR,,false,,SALON DE PROVENCE CRECHE,"https://monenfant.fr/que-recherchez-vous?structure=EAJE&location=Salon-de-Provence,%20Bouches-du-Rh%C3%B4ne,%20Provence-Alpes-C%C3%B4te%20d%27Azur,%20FRA&x=5.09895601003&y=43.640656495782&radius=30000"
c84035bd-35f4-4b49-ad2f-dc16d0b3a99a,12717133,EAJE,,JE LA CLÉ BLEUE,,0490585497,,jardin.maternel@mairie-miramas.fr, Place Zedé 13140 MIRAMAS,MIRAMAS,9300,NR,,false,,SALON DE PROVENCE CRECHE,"https://monenfant.fr/que-recherchez-vous?structure=EAJE&location=Salon-de-Provence,%20Bouches-du-Rh%C3%B4ne,%20Provence-Alpes-C%C3%B4te%20d%27Azur,%20FRA&x=5.09895601003&y=43.640656495782&radius=30000"
70a8adc2-4d14-4c4f-9e2e-6d70e12ddc9d,12656409,EAJE,,MACF LA CARRAIRE,,0490731704,,pitchouns@admr13.org, Place DU FORAIL. ZAC DE LA CARRAIRE 13140 MIRAMAS,MIRAMAS,9300,NR,,false,,SALON DE PROVENCE CRECHE,"https://monenfant.fr/que-recherchez-vous?structure=EAJE&location=Salon-de-Provence,%20Bouches-du-Rh%C3%B4ne,%20Provence-Alpes-C%C3%B4te%20d%27Azur,%20FRA&x=5.09895601003&y=43.640656495782&radius=30000"
1065ad30-78c5-405c-9261-74f07d786670,12656452,EAJE,,MIC MAILLE 2 MIRAMAS ADMR BDR,,0490731704,,pitchouns@admr13.org, Allée des Violettes-Zac la Rousse 13140 MIRAMAS,MIRAMAS,10350,NR,,false,,SALON DE PROVENCE CRECHE,"https://monenfant.fr/que-recherchez-vous?structure=EAJE&location=Salon-de-Provence,%20Bouches-du-Rh%C3%B4ne,%20Provence-Alpes-C%C3%B4te%20d%27Azur,%20FRA&x=5.09895601003&y=43.640656495782&radius=30000"
0b82c2aa-70f1-4a87-93ea-b650dbe7e584,40708298,EAJE,,CRECHE ADMR CAMIN,http://admr13.com,06 20 80 06 30,,pitchouns@admr13.org, Rue de l'Oustau 13140 MIRAMAS,MIRAMAS,10404,NR,,false,,SALON DE PROVENCE CRECHE,"https://monenfant.fr/que-recherchez-vous?structure=EAJE&location=Salon-de-Provence,%20Bouches-du-Rh%C3%B4ne,%20Provence-Alpes-C%C3%B4te%20d%27Azur,%20FRA&x=5.09895601003&y=43.640656495782&radius=30000"
5d0788b4-e512-453a-b91b-70427344379f,12720831,EAJE,,MAC LES AUCEAU MALLEMORT,http://crecheoasis.fr,0961039587,,lesauceau@crecheoasis.fr,396 Avenue Charles De Gaulle 13370 MALLEMORT,MALLEMORT,11337,NR,,false,,SALON DE PROVENCE CRECHE,"https://monenfant.fr/que-recherchez-vous?structure=EAJE&location=Salon-de-Provence,%20Bouches-du-Rh%C3%B4ne,%20Provence-Alpes-C%C3%B4te%20d%27Azur,%20FRA&x=5.09895601003&y=43.640656495782&radius=30000"
d9a60649-b9e6-425b-90e5-879302158ce8,18187630,EAJE,,MAC LEÏ CIGALOUN,https://saint-chamas.com/web/education/centre-multi-ac,0490556374,,,1 Rue Eugène Salesse 13250 ST CHAMAS,ST CHAMAS,11449,NR,,false,,SALON DE PROVENCE CRECHE,"https://monenfant.fr/que-recherchez-vous?structure=EAJE&location=Salon-de-Provence,%20Bouches-du-Rh%C3%B4ne,%20Provence-Alpes-C%C3%B4te%20d%27Azur,%20FRA&x=5.09895601003&y=43.640656495782&radius=30000"
44968f88-28ed-4da6-907d-ee569dabbae3,12595564,EAJE,,MAC LES FARFADETS SENAS,http://www.senas.fr/enfants,0490592189,,crechefarfadets@senas.fr,1 Avenue des Jardins 13560 SENAS,SENAS,11506,NR,,false,,SALON DE PROVENCE CRECHE,"https://monenfant.fr/que-recherchez-vous?structure=EAJE&location=Salon-de-Provence,%20Bouches-du-Rh%C3%B4ne,%20Provence-Alpes-C%C3%B4te%20d%27Azur,%20FRA&x=5.09895601003&y=43.640656495782&radius=30000"
824c9ce6-4b28-4a15-af21-b20f61e4a2a3,45332174,EAJE,,LA BARBOTINE,https://www.igesa.fr,0442556032,,,8 Allée des tilleuls - Cité la Bayanne 13800 ISTRES,ISTRES,14328,NR,,false,,SALON DE PROVENCE CRECHE,"https://monenfant.fr/que-recherchez-vous?structure=EAJE&location=Salon-de-Provence,%20Bouches-du-Rh%C3%B4ne,%20Provence-Alpes-C%C3%B4te%20d%27Azur,%20FRA&x=5.09895601003&y=43.640656495782&radius=30000"
642dab24-d84e-4221-a4ba-47d616423c45,12737094,EAJE,,"MULTI-ACCUEIL ""FRANÇOIS RONOT""",https://www.luberonmontsdevaucluse.fr/acces/mes-demarches/petite-enfance/,0490721687,,petiteenfance.ronot@c-lmv.fr,  Les Aires de Pallencs 84360 MERINDOL,MERINDOL,15284,NR,,false,,SALON DE PROVENCE CRECHE,"https://monenfant.fr/que-recherchez-vous?structure=EAJE&location=Salon-de-Provence,%20Bouches-du-Rh%C3%B4ne,%20Provence-Alpes-C%C3%B4te%20d%27Azur,%20FRA&x=5.09895601003&y=43.640656495782&radius=30000"
6665d182-235d-4cb1-900b-4a182fa11bb8,12547920,EAJE,,MAC LES PITCHOUNETS ISTRES,,0442555113,,pitchounets@istres.fr, Allée de la Terroulette - Le Prépaou 13800 ISTRES,ISTRES,15616,NR,,false,,SALON DE PROVENCE CRECHE,"https://monenfant.fr/que-recherchez-vous?structure=EAJE&location=Salon-de-Provence,%20Bouches-du-Rh%C3%B4ne,%20Provence-Alpes-C%C3%B4te%20d%27Azur,%20FRA&x=5.09895601003&y=43.640656495782&radius=30000"
65eeb55e-edb3-4739-88a7-388f6c0c17c6,18125751,EAJE,,MAC LA TERROULETTE ISTRES,,0442555170,,terroulette@istres.fr, Allée des Ramiers - Le prépaou 13800 ISTRES,ISTRES,16330,NR,,false,,SALON DE PROVENCE CRECHE,"https://monenfant.fr/que-recherchez-vous?structure=EAJE&location=Salon-de-Provence,%20Bouches-du-Rh%C3%B4ne,%20Provence-Alpes-C%C3%B4te%20d%27Azur,%20FRA&x=5.09895601003&y=43.640656495782&radius=30000"
e704287d-cb5b-4d62-b131-b0b44fe67205,18124526,EAJE,,MAC LE TOBOGGAN ISTRES,,0490506700,,toboggan@istres.fr, Rue de Coulies - Entressen 13118 ISTRES,ISTRES,16330,NR,,false,,SALON DE PROVENCE CRECHE,"https://monenfant.fr/que-recherchez-vous?structure=EAJE&location=Salon-de-Provence,%20Bouches-du-Rh%C3%B4ne,%20Provence-Alpes-C%C3%B4te%20d%27Azur,%20FRA&x=5.09895601003&y=43.640656495782&radius=30000"
82472261-dcc8-4760-b514-a802fa4e771c,18124832,EAJE,,MAC LES MINIPOUSS ISTRES,,0442555055,,minipouss@istres.fr,5 Rue Corail - Hameau d’Ambre 13800 ISTRES,ISTRES,16330,NR,,false,,SALON DE PROVENCE CRECHE,"https://monenfant.fr/que-recherchez-vous?structure=EAJE&location=Salon-de-Provence,%20Bouches-du-Rh%C3%B4ne,%20Provence-Alpes-C%C3%B4te%20d%27Azur,%20FRA&x=5.09895601003&y=43.640656495782&radius=30000"
028a7005-5df0-496b-8faa-f3ce49fa5496,12548135,EAJE,,MAF LES P TITES FRIMOUSSES 1 ISTRES,,0413295600,,frimousses@istres.fr,5 Rue de la Harpe - Le Peyreguet 13800 ISTRES,ISTRES,16330,NR,,false,,SALON DE PROVENCE CRECHE,"https://monenfant.fr/que-recherchez-vous?structure=EAJE&location=Salon-de-Provence,%20Bouches-du-Rh%C3%B4ne,%20Provence-Alpes-C%C3%B4te%20d%27Azur,%20FRA&x=5.09895601003&y=43.640656495782&radius=30000"
e2cf33a1-69c6-4536-9402-c456c75e3bf6,12548092,EAJE,,MAF LES P TITES FRIMOUSSES 2 ISTRES,,0413295600,,frimousses@istres.fr,5 Rue de la Harpe 13800 ISTRES,ISTRES,17352,NR,,false,,SALON DE PROVENCE CRECHE,"https://monenfant.fr/que-recherchez-vous?structure=EAJE&location=Salon-de-Provence,%20Bouches-du-Rh%C3%B4ne,%20Provence-Alpes-C%C3%B4te%20d%27Azur,%20FRA&x=5.09895601003&y=43.640656495782&radius=30000"
4694dddd-c034-4b23-a978-3950a17c64f0,18408792,EAJE,,MIC-PAJE BABY ET CO,https://www.babyetco.com/,0972504998,,info@babyetco.fr,18 Rue des Cordonniers 13800 ISTRES,ISTRES,17597,NR,,false,,SALON DE PROVENCE CRECHE,"https://monenfant.fr/que-recherchez-vous?structure=EAJE&location=Salon-de-Provence,%20Bouches-du-Rh%C3%B4ne,%20Provence-Alpes-C%C3%B4te%20d%27Azur,%20FRA&x=5.09895601003&y=43.640656495782&radius=30000"
3e7d4066-3ba0-40ed-8c4c-030de407a6e2,12721734,EAJE,,MAC LE RELAIS DES BAMBINS,https://famillesrurales.org/bouches-du-rhone,0490585756,,gauthier.lacrampe@famillesrurales.org,19 bis Chemin de la Mine 13660 ORGON,ORGON,17650,NR,,false,,SALON DE PROVENCE CRECHE,"https://monenfant.fr/que-recherchez-vous?structure=EAJE&location=Salon-de-Provence,%20Bouches-du-Rh%C3%B4ne,%20Provence-Alpes-C%C3%B4te%20d%27Azur,%20FRA&x=5.09895601003&y=43.640656495782&radius=30000"
df97e30f-2fab-48ea-bc3d-72d21e2eb176,18120840,EAJE,,MAC LI PETOUSET EYGALIERES,http://lamut.fr,0490951156,,lipetouset@lamut.fr,1 Rue de la République 13810 EYGALIERES,EYGALIERES,17950,NR,,false,,SALON DE PROVENCE CRECHE,"https://monenfant.fr/que-recherchez-vous?structure=EAJE&location=Salon-de-Provence,%20Bouches-du-Rh%C3%B4ne,%20Provence-Alpes-C%C3%B4te%20d%27Azur,%20FRA&x=5.09895601003&y=43.640656495782&radius=30000"
9da4081e-b84f-49a5-b6b8-a51d36e112e1,40259488,EAJE,,MAC COLETTE BONASSI ISTRES,,0413295694,,colette.bonassi@istres.fr, Chemin de Capeau 13800 ISTRES,ISTRES,18296,D,2026-08-17,false,,SALON DE PROVENCE CRECHE,"https://monenfant.fr/que-recherchez-vous?structure=EAJE&location=Salon-de-Provence,%20Bouches-du-Rh%C3%B4ne,%20Provence-Alpes-C%C3%B4te%20d%27Azur,%20FRA&x=5.09895601003&y=43.640656495782&radius=30000"
6e7afbac-49eb-471e-89bb-2d8fa51bd099,40260957,EAJE,,MAC SIMONE VEIL ISTRES,,0688938932,,mac.simoneveil@istres.fr,20 Avenue des Anciens Combattants 13800 ISTRES,ISTRES,18496,D,2026-08-25,false,,SALON DE PROVENCE CRECHE,"https://monenfant.fr/que-recherchez-vous?structure=EAJE&location=Salon-de-Provence,%20Bouches-du-Rh%C3%B4ne,%20Provence-Alpes-C%C3%B4te%20d%27Azur,%20FRA&x=5.09895601003&y=43.640656495782&radius=30000"
508df0a4-bd3b-4a79-b5ff-0cae9f436ef3,12547877,EAJE,,MAC LA RIBAMBELLE,,0442555064,,ribambelle@istres.fr, Allée DES PIBOULES 13800 ISTRES,ISTRES,18887,NR,,false,,SALON DE PROVENCE CRECHE,"https://monenfant.fr/que-recherchez-vous?structure=EAJE&location=Salon-de-Provence,%20Bouches-du-Rh%C3%B4ne,%20Provence-Alpes-C%C3%B4te%20d%27Azur,%20FRA&x=5.09895601003&y=43.640656495782&radius=30000"
e646ec85-40b3-447e-8c81-45ea0b75dbf9,12736965,EAJE,,"MULTI-ACCUEIL ""LA CLÉ DE SOL""",https://www.luberonmontsdevaucluse.fr/acces/mes-demarches/petite-enfance/,0490714602,,petiteenfance.cledesol@c-lmv.fr,1198 Avenue de la Canebière 84460 CHEVAL BLANC,CHEVAL BLANC,18935,NR,,false,,SALON DE PROVENCE CRECHE,"https://monenfant.fr/que-recherchez-vous?structure=EAJE&location=Salon-de-Provence,%20Bouches-du-Rh%C3%B4ne,%20Provence-Alpes-C%C3%B4te%20d%27Azur,%20FRA&x=5.09895601003&y=43.640656495782&radius=30000"
ded11619-6290-45d6-a99a-6757edf930bd,23351971,EAJE,,MIC-PAJE LES MALICIEUX DE MOURIES,http://www.grandir.com,0488828151,,mouries@lpcr.fr,44 Avenue Roger Salengo 13890 MOURIES,MOURIES,18992,NR,,false,,SALON DE PROVENCE CRECHE,"https://monenfant.fr/que-recherchez-vous?structure=EAJE&location=Salon-de-Provence,%20Bouches-du-Rh%C3%B4ne,%20Provence-Alpes-C%C3%B4te%20d%27Azur,%20FRA&x=5.09895601003&y=43.640656495782&radius=30000"
13d203eb-1fe5-48f8-aec0-3f8019ab68cb,18186295,EAJE,,MAC LA CABANE AUX CANAILLES,https://www.creche-attitude.fr,0490523966,,cabanecanailles@creche-attitude.fr,6 Avenue PASTEUR 13890 MOURIES,MOURIES,19121,NR,,false,,SALON DE PROVENCE CRECHE,"https://monenfant.fr/que-recherchez-vous?structure=EAJE&location=Salon-de-Provence,%20Bouches-du-Rh%C3%B4ne,%20Provence-Alpes-C%C3%B4te%20d%27Azur,%20FRA&x=5.09895601003&y=43.640656495782&radius=30000"
c90a1121-4618-4513-85d5-98084fd397ea,12594833,EAJE,,LES LUTINS,http://www.lamut.fr,0490479563,,leslutins@lamut.fr, Quartier du Valboisé 13310 ST MARTIN DE CRAU,ST MARTIN DE CRAU,19835,NR,,false,,SALON DE PROVENCE CRECHE,"https://monenfant.fr/que-recherchez-vous?structure=EAJE&location=Salon-de-Provence,%20Bouches-du-Rh%C3%B4ne,%20Provence-Alpes-C%C3%B4te%20d%27Azur,%20FRA&x=5.09895601003&y=43.640656495782&radius=30000"
ce4cfa68-a19c-4785-b4bf-1900802b5b34,12594876,EAJE,,LES PETITS PAS DE ST MARTIN DE CRAU,http://lamut.fr,0490479562,,lespetitspas@lamut.fr,23 Rue du Valboisé 13310 ST MARTIN DE CRAU,ST MARTIN DE CRAU,19835,NR,,false,,SALON DE PROVENCE CRECHE,"https://monenfant.fr/que-recherchez-vous?structure=EAJE&location=Salon-de-Provence,%20Bouches-du-Rh%C3%B4ne,%20Provence-Alpes-C%C3%B4te%20d%27Azur,%20FRA&x=5.09895601003&y=43.640656495782&radius=30000"
a1eff4ed-f41a-444b-beea-e017adcec07a,12559874,EAJE,,MAC LI PARPAIOU,,0490734188,,creche.liparpaiou@orange.fr,175 Chemin de Pécoulin 13750 PLAN D ORGON,PLAN D ORGON,20895,NR,,false,,SALON DE PROVENCE CRECHE,"https://monenfant.fr/que-recherchez-vous?structure=EAJE&location=Salon-de-Provence,%20Bouches-du-Rh%C3%B4ne,%20Provence-Alpes-C%C3%B4te%20d%27Azur,%20FRA&x=5.09895601003&y=43.640656495782&radius=30000"
816a2d09-000c-44ff-8f33-c3fa915be529,12561336,EAJE,,MAC PIN'PRUNELLE,https://saintmitrelesremparts.fr,0442440987,,pinprunelle@saintmitrelesremparts.fr,44 Boulevard Jean Rostand 13920 ST MITRE LES REMPARTS,ST MITRE LES REMPARTS,21231,NR,,false,,SALON DE PROVENCE CRECHE,"https://monenfant.fr/que-recherchez-vous?structure=EAJE&location=Salon-de-Provence,%20Bouches-du-Rh%C3%B4ne,%20Provence-Alpes-C%C3%B4te%20d%27Azur,%20FRA&x=5.09895601003&y=43.640656495782&radius=30000"
6b6d7dbc-3f04-4e99-bb44-0f1d4efacaad,59876689,EAJE,,LULU BERON,https://luluberon.fr,0490751087,,contact@luluberon.fr,12 B Parc d'activités Bel Air 84300 TAILLADES,TAILLADES,21505,NR,,false,,SALON DE PROVENCE CRECHE,"https://monenfant.fr/que-recherchez-vous?structure=EAJE&location=Salon-de-Provence,%20Bouches-du-Rh%C3%B4ne,%20Provence-Alpes-C%C3%B4te%20d%27Azur,%20FRA&x=5.09895601003&y=43.640656495782&radius=30000"
31e9cdc1-3f5b-480d-8073-a5e7cd35bd9b,12736922,EAJE,,MICRO CRÈCHE ''LA COMBE'',https://www.luberonmontsdevaucluse.fr/acces/mes-demarches/petite-enfance/,0490048232,,petiteenfance.microcreches@c-lmv.fr,62 Chemin du Vallon de la Combe 84300 TAILLADES,TAILLADES,21585,NR,,false,,SALON DE PROVENCE CRECHE,"https://monenfant.fr/que-recherchez-vous?structure=EAJE&location=Salon-de-Provence,%20Bouches-du-Rh%C3%B4ne,%20Provence-Alpes-C%C3%B4te%20d%27Azur,%20FRA&x=5.09895601003&y=43.640656495782&radius=30000"
ee6ea226-3c66-45c3-9813-7ea5f9ef5902,12568388,EAJE,,MAC CROQUE LA VIE,https://saintmitrelesremparts.fr,0442499333,,croquelavie@saintmitrelesremparts.fr,17 Boulevard du Moulin 13920 ST MITRE LES REMPARTS,ST MITRE LES REMPARTS,21599,NR,,false,,SALON DE PROVENCE CRECHE,"https://monenfant.fr/que-recherchez-vous?structure=EAJE&location=Salon-de-Provence,%20Bouches-du-Rh%C3%B4ne,%20Provence-Alpes-C%C3%B4te%20d%27Azur,%20FRA&x=5.09895601003&y=43.640656495782&radius=30000"
d0098822-6194-4429-ac47-26d337a251df,12576128,EAJE,,MAC LES POMMES REINETTES MOLLEGES,,0490951776,,,91 Chemin de la Carrairette 13940 MOLLEGES,MOLLEGES,21958,NR,,false,,SALON DE PROVENCE CRECHE,"https://monenfant.fr/que-recherchez-vous?structure=EAJE&location=Salon-de-Provence,%20Bouches-du-Rh%C3%B4ne,%20Provence-Alpes-C%C3%B4te%20d%27Azur,%20FRA&x=5.09895601003&y=43.640656495782&radius=30000"
dd1bb63b-fe6c-4ec4-8f8a-e8d5510fcee4,12736879,EAJE,,MICRO CRÈCHE ''CRÉANGE'',https://www.luberonmontsdevaucluse.fr/acces/mes-demarches/petite-enfance/,0490764383,,petiteenfance.microcreches@c-lmv.fr,191 Allée Roch Pape -  Maison de la Petite Enfance 84300 CAVAILLON,CAVAILLON,22209,NR,,false,,SALON DE PROVENCE CRECHE,"https://monenfant.fr/que-recherchez-vous?structure=EAJE&location=Salon-de-Provence,%20Bouches-du-Rh%C3%B4ne,%20Provence-Alpes-C%C3%B4te%20d%27Azur,%20FRA&x=5.09895601003&y=43.640656495782&radius=30000"
80cf29fa-c012-4215-8e31-d96a6afef4e5,57780640,EAJE,,"MULTI ACCUEIL ""AU FIL DU TEMPS""",https://www.luberonmontsdevaucluse.fr/petite-enfance/,0490711779,,petiteenfance.aufildutemps@c-lmv.fr, Place Maurice Bouchet 84300 CAVAILLON,CAVAILLON,22209,NR,,true,,SALON DE PROVENCE CRECHE,"https://monenfant.fr/que-recherchez-vous?structure=EAJE&location=Salon-de-Provence,%20Bouches-du-Rh%C3%B4ne,%20Provence-Alpes-C%C3%B4te%20d%27Azur,%20FRA&x=5.09895601003&y=43.640656495782&radius=30000"
0f759a57-5ff9-4506-ae6e-4931ff68fe38,57780500,EAJE,,"MULTI ACCUEIL ""LA FARANDOLE""",https://www.luberonmontsdevaucluse.fr/petite-enfance/,0490742343,,petiteenfance.farandole@c-lmv.fr, Avenue Raoul Follereau 84300 CAVAILLON,CAVAILLON,22547,NR,,true,,SALON DE PROVENCE CRECHE,"https://monenfant.fr/que-recherchez-vous?structure=EAJE&location=Salon-de-Provence,%20Bouches-du-Rh%C3%B4ne,%20Provence-Alpes-C%C3%B4te%20d%27Azur,%20FRA&x=5.09895601003&y=43.640656495782&radius=30000"
2a0cf394-6ee1-4849-b0df-14a35d79a783,12737137,EAJE,,"MULTI-ACCUEIL "" EUGÈNE VALENTIN""",https://www.luberonmontsdevaucluse.fr/,0490780384,,petiteenfance.valentin@c-lmv.fr,1119 Avenue Elsa Triollet 84300 CAVAILLON,CAVAILLON,22875,NR,,true,,SALON DE PROVENCE CRECHE,"https://monenfant.fr/que-recherchez-vous?structure=EAJE&location=Salon-de-Provence,%20Bouches-du-Rh%C3%B4ne,%20Provence-Alpes-C%C3%B4te%20d%27Azur,%20FRA&x=5.09895601003&y=43.640656495782&radius=30000"
199ef001-de1f-4922-9ac7-1106bb15b128,12737524,EAJE,,"MULTI-ACCUEIL ""LES MARMOUSETS""",https://www.luberonmontsdevaucluse.fr/acces/mes-demarches/petite-enfance/,0490765222,,petiteenfance.marmousets@c-lmv.fr,143 Chemin Sainte Anne 84440 ROBION,ROBION,22975,NR,,false,,SALON DE PROVENCE CRECHE,"https://monenfant.fr/que-recherchez-vous?structure=EAJE&location=Salon-de-Provence,%20Bouches-du-Rh%C3%B4ne,%20Provence-Alpes-C%C3%B4te%20d%27Azur,%20FRA&x=5.09895601003&y=43.640656495782&radius=30000"
c226261f-808f-41be-8c17-6db2f76ca715,12864081,EAJE,,MAC LA FARANDOLE FOS SUR MER,,0442054722,,beatrice.sabon@mairie-fos-sur-mer.fr,320 Route du Mistral 13270 FOS SUR MER,FOS SUR MER,23573,NR,,false,,SALON DE PROVENCE CRECHE,"https://monenfant.fr/que-recherchez-vous?structure=EAJE&location=Salon-de-Provence,%20Bouches-du-Rh%C3%B4ne,%20Provence-Alpes-C%C3%B4te%20d%27Azur,%20FRA&x=5.09895601003&y=43.640656495782&radius=30000"
36b45439-55c8-459a-ae72-64dfb74c3928,12717477,EAJE,,BABILOU SAINT MARTIN DE CRAU L'ECOPOLE,https://www.babilou.fr/,0809103000,,contact@babilou.com,125 Avenue Marcellin Berthelot 13310 ST MARTIN DE CRAU,ST MARTIN DE CRAU,23964,NR,,false,,SALON DE PROVENCE CRECHE,"https://monenfant.fr/que-recherchez-vous?structure=EAJE&location=Salon-de-Provence,%20Bouches-du-Rh%C3%B4ne,%20Provence-Alpes-C%C3%B4te%20d%27Azur,%20FRA&x=5.09895601003&y=43.640656495782&radius=30000"
61dcc3c3-1f5e-48a8-aad4-9f488532ceb5,57772754,EAJE,,"MULTI ACCUEIL ""LA PÉPINIÈRE""",https://www.luberonmontsdevaucluse.fr/,0490729202,,petiteenfance.lapepiniere@c-lmv.fr,25 Allée Romain BAUD 84300 CAVAILLON,CAVAILLON,24012,NR,,true,,SALON DE PROVENCE CRECHE,"https://monenfant.fr/que-recherchez-vous?structure=EAJE&location=Salon-de-Provence,%20Bouches-du-Rh%C3%B4ne,%20Provence-Alpes-C%C3%B4te%20d%27Azur,%20FRA&x=5.09895601003&y=43.640656495782&radius=30000"
0e874d30-1ced-4f62-b09a-e9ed149a2cda,12737180,EAJE,,"MULTI-ACCUEIL ""REPÈRE DES GALOPINS""",https://www.luberonmontsdevaucluse.fr/,0432501163,,petiteenfance.galopins@c-lmv.fr,168 Allée Romain Baud 84300 CAVAILLON,CAVAILLON,24042,NR,,true,,SALON DE PROVENCE CRECHE,"https://monenfant.fr/que-recherchez-vous?structure=EAJE&location=Salon-de-Provence,%20Bouches-du-Rh%C3%B4ne,%20Provence-Alpes-C%C3%B4te%20d%27Azur,%20FRA&x=5.09895601003&y=43.640656495782&radius=30000"
34dc1adf-ea7c-4af6-9484-97f878976384,12619601,EAJE,,MAF L'ILOTS CALINS,,0442477761,,beatrice.sabon@mairie-fos-sur-mer.fr,75 Chemin Fontaine de Guigue - Maison de Fos 13270 FOS SUR MER,FOS SUR MER,24195,NR,,false,,SALON DE PROVENCE CRECHE,"https://monenfant.fr/que-recherchez-vous?structure=EAJE&location=Salon-de-Provence,%20Bouches-du-Rh%C3%B4ne,%20Provence-Alpes-C%C3%B4te%20d%27Azur,%20FRA&x=5.09895601003&y=43.640656495782&radius=30000"
6f2d2fe8-75a7-470b-a8d7-9d39fdbdf04d,13073757,EAJE,,JE LOUISE MICHEL MARTIGUES,http://www.ville-martigues.fr/aa/petite-enfance-450.html,0442428859,,petite-enfance@ville-martigues.fr, Avenue JULIEN OLIVE 13500 MARTIGUES,MARTIGUES,24441,NR,,false,,SALON DE PROVENCE CRECHE,"https://monenfant.fr/que-recherchez-vous?structure=EAJE&location=Salon-de-Provence,%20Bouches-du-Rh%C3%B4ne,%20Provence-Alpes-C%C3%B4te%20d%27Azur,%20FRA&x=5.09895601003&y=43.640656495782&radius=30000"
5ae6a187-0906-40fb-9e82-c9e41e76d558,18185747,EAJE,,MAC ANDRE FELLER MARTIGUES,,0442800938,,mac-feller@ville-martigues.fr, Traverse Louise Michel 13500 MARTIGUES,MARTIGUES,24487,NR,,false,,SALON DE PROVENCE CRECHE,"https://monenfant.fr/que-recherchez-vous?structure=EAJE&location=Salon-de-Provence,%20Bouches-du-Rh%C3%B4ne,%20Provence-Alpes-C%C3%B4te%20d%27Azur,%20FRA&x=5.09895601003&y=43.640656495782&radius=30000"
c2d3b23c-c14e-4d6b-867e-42ac2b6d687d,12586491,EAJE,,MAC PAPETONS ST ANDIOL BDR,http://www.admr13.org,0962026402,,lespapetons@orange.fr,110 Route de Saint-Rémy 13670 ST ANDIOL,ST ANDIOL,24883,NR,,false,,SALON DE PROVENCE CRECHE,"https://monenfant.fr/que-recherchez-vous?structure=EAJE&location=Salon-de-Provence,%20Bouches-du-Rh%C3%B4ne,%20Provence-Alpes-C%C3%B4te%20d%27Azur,%20FRA&x=5.09895601003&y=43.640656495782&radius=30000"
ffb46e68-f6e4-496c-89e8-e795d221c962,13073972,EAJE,,MAC CANTO PERDRIX MARTIGUES,,0442804046,,petite-enfance@ville-martigues.fr, Quartier Canto-Perdrix 13500 MARTIGUES,MARTIGUES,25034,NR,,false,,SALON DE PROVENCE CRECHE,"https://monenfant.fr/que-recherchez-vous?structure=EAJE&location=Salon-de-Provence,%20Bouches-du-Rh%C3%B4ne,%20Provence-Alpes-C%C3%B4te%20d%27Azur,%20FRA&x=5.09895601003&y=43.640656495782&radius=30000"
3ab1efb8-bbd8-4649-b478-30cbb953cd84,12574150,EAJE,,MAC LE RDV DES TOUT PETITS,http://www.ifac.fr,0664181632,,creche.rdvpetits@dso.ifac.asso.fr, Avenue des Alpilles 13520 MAUSSANE LES ALPILLES,MAUSSANE LES ALPILLES,25271,NR,,false,,SALON DE PROVENCE CRECHE,"https://monenfant.fr/que-recherchez-vous?structure=EAJE&location=Salon-de-Provence,%20Bouches-du-Rh%C3%B4ne,%20Provence-Alpes-C%C3%B4te%20d%27Azur,%20FRA&x=5.09895601003&y=43.640656495782&radius=30000"
921eca44-f670-49f9-a7fb-3860a7b829d4,12619644,EAJE,,MAC LES CANAILLOUS FOS SUR MER,,0442477194,,beatrice.sabon@mairie-fos-sur-mer.fr,110 Rue du Marché Neuf 13270 FOS SUR MER,FOS SUR MER,25439,NR,,false,,SALON DE PROVENCE CRECHE,"https://monenfant.fr/que-recherchez-vous?structure=EAJE&location=Salon-de-Provence,%20Bouches-du-Rh%C3%B4ne,%20Provence-Alpes-C%C3%B4te%20d%27Azur,%20FRA&x=5.09895601003&y=43.640656495782&radius=30000"
a8d85cc6-2501-4740-b80c-415741908251,13074230,EAJE,,MAC DES RAYETTES,,0442804043,,petite-enfance@ville-martigues.fr, Allée René Clair 13500 MARTIGUES,MARTIGUES,25459,NR,,false,,SALON DE PROVENCE CRECHE,"https://monenfant.fr/que-recherchez-vous?structure=EAJE&location=Salon-de-Provence,%20Bouches-du-Rh%C3%B4ne,%20Provence-Alpes-C%C3%B4te%20d%27Azur,%20FRA&x=5.09895601003&y=43.640656495782&radius=30000"
2d8bd058-15a1-458b-a338-c86877ffdf3a,13073800,EAJE,,MAC PARADIS SAINT ROCH,,0442805950,,petite-enfance@ville-martigues.fr, Place Jean Renoir 13500 MARTIGUES,MARTIGUES,25812,NR,,false,,SALON DE PROVENCE CRECHE,"https://monenfant.fr/que-recherchez-vous?structure=EAJE&location=Salon-de-Provence,%20Bouches-du-Rh%C3%B4ne,%20Provence-Alpes-C%C3%B4te%20d%27Azur,%20FRA&x=5.09895601003&y=43.640656495782&radius=30000"
a0b80115-9635-44f8-bcfa-9204a1b7915a,12737481,EAJE,,"MULTI-ACCUEIL ""LES PETITS PAS""",https://www.luberonmontsdevaucluse.fr/,0490765561,,petiteenfance.lespetitspas@c-lmv.fr,39 Chemin du Sarret 84220 CABRIERES D AVIGNON,CABRIERES D AVIGNON,25838,NR,,true,,SALON DE PROVENCE CRECHE,"https://monenfant.fr/que-recherchez-vous?structure=EAJE&location=Salon-de-Provence,%20Bouches-du-Rh%C3%B4ne,%20Provence-Alpes-C%C3%B4te%20d%27Azur,%20FRA&x=5.09895601003&y=43.640656495782&radius=30000"
8e066411-8351-4866-abbb-e9746b25594d,13073886,EAJE,,MAC ML MAITREROBERT MARTIGUES,http://www.ville-martigues.fr/aa/petite-enfance-450.html,0442420373,,petite-enfance@ville-martigues.fr, Avenue Président Kennedy 13500 MARTIGUES,MARTIGUES,26044,NR,,false,,SALON DE PROVENCE CRECHE,"https://monenfant.fr/que-recherchez-vous?structure=EAJE&location=Salon-de-Provence,%20Bouches-du-Rh%C3%B4ne,%20Provence-Alpes-C%C3%B4te%20d%27Azur,%20FRA&x=5.09895601003&y=43.640656495782&radius=30000"
f6bc4f6e-5d62-473f-8a60-34bc847058f6,13073929,EAJE,,MAF LE COTEAU MARTIGUES,http://www.ville-martigues.fr/aa/petite-enfance-450.html,0442493608,,petite-enfance@ville-martigues.fr, Quartier PARADIS ST ROCH 13500 MARTIGUES,MARTIGUES,26210,NR,,false,,SALON DE PROVENCE CRECHE,"https://monenfant.fr/que-recherchez-vous?structure=EAJE&location=Salon-de-Provence,%20Bouches-du-Rh%C3%B4ne,%20Provence-Alpes-C%C3%B4te%20d%27Azur,%20FRA&x=5.09895601003&y=43.640656495782&radius=30000"
a42fff05-9d47-4fb9-98dd-edac59a08fe6,13073714,EAJE,,JE TOULMOND MARTIGUES,http://www.ville-martigues.fr/aa/petite-enfance-450.html,0442401267,,petite-enfance@ville-martigues.fr, Rue FERNAND LEGER 13500 MARTIGUES,MARTIGUES,26338,NR,,false,,SALON DE PROVENCE CRECHE,"https://monenfant.fr/que-recherchez-vous?structure=EAJE&location=Salon-de-Provence,%20Bouches-du-Rh%C3%B4ne,%20Provence-Alpes-C%C3%B4te%20d%27Azur,%20FRA&x=5.09895601003&y=43.640656495782&radius=30000"
b6dcf9cf-4865-4f24-ba4a-57839097a65f,13074015,EAJE,,MAC  CROIX SAINTE MARTIGUES,,0442801585,,petite-enfance@ville-martigues.fr, Avenue Guy Moquet 13500 MARTIGUES,MARTIGUES,26380,NR,,false,,SALON DE PROVENCE CRECHE,"https://monenfant.fr/que-recherchez-vous?structure=EAJE&location=Salon-de-Provence,%20Bouches-du-Rh%C3%B4ne,%20Provence-Alpes-C%C3%B4te%20d%27Azur,%20FRA&x=5.09895601003&y=43.640656495782&radius=30000"
e98923f4-7b83-456a-8bbf-634586818b31,62615066,EAJE,,LE JARDIN DE MALOU,http://www.lamut.fr,0490260843,,jardindemalou@lamut.fr, Route De Cabannes 13670 VERQUIERES,VERQUIERES,26429,NR,,false,,SALON DE PROVENCE CRECHE,"https://monenfant.fr/que-recherchez-vous?structure=EAJE&location=Salon-de-Provence,%20Bouches-du-Rh%C3%B4ne,%20Provence-Alpes-C%C3%B4te%20d%27Azur,%20FRA&x=5.09895601003&y=43.640656495782&radius=30000"
9f9c69a0-9f62-4780-aa13-abaf8fd84454,13074187,EAJE,,MAC CAMILLE PELLETAN,,0442070755,,petite-enfance@ville-martigues.fr,15 Boulevard Camille Pelletan 13500 MARTIGUES,MARTIGUES,26800,NR,,false,,SALON DE PROVENCE CRECHE,"https://monenfant.fr/que-recherchez-vous?structure=EAJE&location=Salon-de-Provence,%20Bouches-du-Rh%C3%B4ne,%20Provence-Alpes-C%C3%B4te%20d%27Azur,%20FRA&x=5.09895601003&y=43.640656495782&radius=30000"
c909b4b3-4212-4222-91d7-8e56b99f55fb,13074144,EAJE,,MAC AMAVET MARTIGUES,,0442071885,,petite-enfance@ville-martigues.fr, Rue Edouard Amavet 13500 MARTIGUES,MARTIGUES,26853,NR,,false,,SALON DE PROVENCE CRECHE,"https://monenfant.fr/que-recherchez-vous?structure=EAJE&location=Salon-de-Provence,%20Bouches-du-Rh%C3%B4ne,%20Provence-Alpes-C%C3%B4te%20d%27Azur,%20FRA&x=5.09895601003&y=43.640656495782&radius=30000"
5775a889-afe1-457c-a951-44dd61ec371d,18185661,EAJE,,JE MADELEINE CHAUVE MARTIGUES,,0486514033,,je-madeleinechauve@ville-martigues.fr,10 Avenue Paul Di Lorto 13500 MARTIGUES,MARTIGUES,26933,NR,,false,,SALON DE PROVENCE CRECHE,"https://monenfant.fr/que-recherchez-vous?structure=EAJE&location=Salon-de-Provence,%20Bouches-du-Rh%C3%B4ne,%20Provence-Alpes-C%C3%B4te%20d%27Azur,%20FRA&x=5.09895601003&y=43.640656495782&radius=30000"
71287abd-25ff-4364-be20-b95006a70ca2,13073843,EAJE,,MAC CRECHE DU 8 MAI MARTIGUES,http://www.ville-martigues.fr/aa/petite-enfance-450.html,0442073820,,petite-enfance@ville-martigues.fr, Place du 8 Mai 1945 13500 MARTIGUES,MARTIGUES,27064,NR,,false,,SALON DE PROVENCE CRECHE,"https://monenfant.fr/que-recherchez-vous?structure=EAJE&location=Salon-de-Provence,%20Bouches-du-Rh%C3%B4ne,%20Provence-Alpes-C%C3%B4te%20d%27Azur,%20FRA&x=5.09895601003&y=43.640656495782&radius=30000"
2d89b462-76ed-40fc-b1b6-c505d574d81f,18186849,EAJE,,MAC LES PETITES BOBINES,http://www.crechesdefrance.com,0488600316,,contact@crechesdefrance.com,10 Avenue Ambroise Croizat 13110 PORT DE BOUC,PORT DE BOUC,27147,NR,,false,,SALON DE PROVENCE CRECHE,"https://monenfant.fr/que-recherchez-vous?structure=EAJE&location=Salon-de-Provence,%20Bouches-du-Rh%C3%B4ne,%20Provence-Alpes-C%C3%B4te%20d%27Azur,%20FRA&x=5.09895601003&y=43.640656495782&radius=30000"
778c0c5a-6113-4c4e-a35e-1d6a65bc52d8,12519540,EAJE,,MAC L'EAU VIVE,,0490953370,,creche-eauvive@wanadoo.fr,00 Place du Lavoir 13440 CABANNES,CABANNES,27298,NR,,false,,SALON DE PROVENCE CRECHE,"https://monenfant.fr/que-recherchez-vous?structure=EAJE&location=Salon-de-Provence,%20Bouches-du-Rh%C3%B4ne,%20Provence-Alpes-C%C3%B4te%20d%27Azur,%20FRA&x=5.09895601003&y=43.640656495782&radius=30000"
698bd594-fdee-46b6-872e-5e7401e1a2dc,12720014,EAJE,,MAC LE CLUB DU TOUT PETIT,https://www.mairie-saintremydeprovence.com/,0490921460,,creche@ville-srdp.fr,362 Avenue de Bientina 13210 ST REMY DE PROVENCE,ST REMY DE PROVENCE,27485,NR,,false,,SALON DE PROVENCE CRECHE,"https://monenfant.fr/que-recherchez-vous?structure=EAJE&location=Salon-de-Provence,%20Bouches-du-Rh%C3%B4ne,%20Provence-Alpes-C%C3%B4te%20d%27Azur,%20FRA&x=5.09895601003&y=43.640656495782&radius=30000"
ab0be6ff-d893-41a8-b52f-018b3739f775,18187906,EAJE,,MAC DOREMI ST REMY PCE ADMR BDR,http://www.admr13.com,0490927344,,,389 Route de Maillane 13210 ST REMY DE PROVENCE,ST REMY DE PROVENCE,27908,NR,,false,,SALON DE PROVENCE CRECHE,"https://monenfant.fr/que-recherchez-vous?structure=EAJE&location=Salon-de-Provence,%20Bouches-du-Rh%C3%B4ne,%20Provence-Alpes-C%C3%B4te%20d%27Azur,%20FRA&x=5.09895601003&y=43.640656495782&radius=30000"
b2603f41-ae43-424d-a783-2da852e05be1,12737266,EAJE,,"MULTI-ACCUEIL ""LI PITCHOUNETS""",https://www.luberonmontsdevaucluse.fr/,0490768937,,petiteenfance.lipitchounets@c-lmv.fr,  Les Imberts 84220 GORDES,GORDES,27910,NR,,false,,SALON DE PROVENCE CRECHE,"https://monenfant.fr/que-recherchez-vous?structure=EAJE&location=Salon-de-Provence,%20Bouches-du-Rh%C3%B4ne,%20Provence-Alpes-C%C3%B4te%20d%27Azur,%20FRA&x=5.09895601003&y=43.640656495782&radius=30000"
416af062-9070-4566-bd29-90f91fc23d8e,12531064,EAJE,,LE PETIT JARDIN DES AIGUES DOUCES,http://crecheoasis.fr,0413419620,,lepetitjardindesaiguesdouces@crechesoasis.fr, Rue Lucien Giorgetti 13110 PORT DE BOUC,PORT DE BOUC,28100,NR,,false,,SALON DE PROVENCE CRECHE,"https://monenfant.fr/que-recherchez-vous?structure=EAJE&location=Salon-de-Provence,%20Bouches-du-Rh%C3%B4ne,%20Provence-Alpes-C%C3%B4te%20d%27Azur,%20FRA&x=5.09895601003&y=43.640656495782&radius=30000"
2014b11f-a2a3-4ad1-ae44-8c84ccf688a2,18187447,EAJE,,MAC CVE ODETTE MENOT,http://www.portdebouc.fr/s-entraider/droits-et-aides-au-quotidien/petite-enfance/choisir-un-mode-de-garde.html,0442066493,,halte.garderie.menot@portdebouc.fr,26 Rue de Turenne 13110 PORT DE BOUC,PORT DE BOUC,28156,NR,,false,,SALON DE PROVENCE CRECHE,"https://monenfant.fr/que-recherchez-vous?structure=EAJE&location=Salon-de-Provence,%20Bouches-du-Rh%C3%B4ne,%20Provence-Alpes-C%C3%B4te%20d%27Azur,%20FRA&x=5.09895601003&y=43.640656495782&radius=30000"
0814ab6c-c320-438b-ac8d-14a519563710,12737438,EAJE,,"MULTI-ACCUEIL ""LI PITCHOTS""",https://www.luberonmontsdevaucluse.fr/,0490380178,,petiteenfance.lipichots@c-lmv.fr,  Lotissement L'Orée du Village 84800 LAGNES,LAGNES,28157,NR,,false,,SALON DE PROVENCE CRECHE,"https://monenfant.fr/que-recherchez-vous?structure=EAJE&location=Salon-de-Provence,%20Bouches-du-Rh%C3%B4ne,%20Provence-Alpes-C%C3%B4te%20d%27Azur,%20FRA&x=5.09895601003&y=43.640656495782&radius=30000"
197b991e-b2a4-4794-b744-6ecf4cdac8e0,12343108,LAEP,,LAEP CAFE BEBE - LES CANOURGUES,https://www.salon-de-provence.org,0490531469,,salonactionsante@aol.com, Rue Font Ségune 13300 SALON DE PROVENCE,SALON DE PROVENCE,0,,,false,,SALON DE PROVENCE RELAIS ET PARENT,"https://monenfant.fr/que-recherchez-vous?structure=RPE;LAEP&location=Salon-de-Provence,%20Bouches-du-Rh%C3%B4ne,%20Provence-Alpes-C%C3%B4te%20d%27Azur,%20FRA&x=5.09895601003&y=43.640656495782&radius=30000"
d1194d50-9aaf-4325-96cb-94c2b5c8b833,12136822,RPE,,RELAIS PETITE ENFANCE SALON DE PROVENCE ST CHAMAS,https://www.salondeprovence.fr/,0490564492,,ccas.rpe@salon-de-provence.org, Chemin de la Durance 13300 SALON DE PROVENCE,SALON DE PROVENCE,804,,,false,,SALON DE PROVENCE RELAIS ET PARENT,"https://monenfant.fr/que-recherchez-vous?structure=RPE;LAEP&location=Salon-de-Provence,%20Bouches-du-Rh%C3%B4ne,%20Provence-Alpes-C%C3%B4te%20d%27Azur,%20FRA&x=5.09895601003&y=43.640656495782&radius=30000"
8e392c6e-f042-4f82-866c-1e9babe0a5ca,12323199,LAEP,,LAEP CAFE BEBE MONAQUE,https://www.salon-de-provence.org,0490531469,,salonactionsante@aol.com,153  Ancienne route de Cornillon 13300 SALON DE PROVENCE,SALON DE PROVENCE,1491,,,false,,SALON DE PROVENCE RELAIS ET PARENT,"https://monenfant.fr/que-recherchez-vous?structure=RPE;LAEP&location=Salon-de-Provence,%20Bouches-du-Rh%C3%B4ne,%20Provence-Alpes-C%C3%B4te%20d%27Azur,%20FRA&x=5.09895601003&y=43.640656495782&radius=30000"
a3d70cc9-483f-460a-b9f0-8ad4f8904f5d,21206195,LAEP,,LAEP LA MAISON DES LUTINS,http://www.amotsouverts.org,0490503050,,amotsouverts@hotmail.fr, Place Des Baladins 13140 MIRAMAS,MIRAMAS,8917,,,false,,SALON DE PROVENCE RELAIS ET PARENT,"https://monenfant.fr/que-recherchez-vous?structure=RPE;LAEP&location=Salon-de-Provence,%20Bouches-du-Rh%C3%B4ne,%20Provence-Alpes-C%C3%B4te%20d%27Azur,%20FRA&x=5.09895601003&y=43.640656495782&radius=30000"
2ac01a66-1fc4-4566-b527-bd33154add05,12339195,LAEP,,LAEP L'ENVOL,,0490584999,,mac.ancel@mairie-miramas.fr,10 Avenue Maréchal Juin 13140 MIRAMAS,MIRAMAS,10369,,,false,,SALON DE PROVENCE RELAIS ET PARENT,"https://monenfant.fr/que-recherchez-vous?structure=RPE;LAEP&location=Salon-de-Provence,%20Bouches-du-Rh%C3%B4ne,%20Provence-Alpes-C%C3%B4te%20d%27Azur,%20FRA&x=5.09895601003&y=43.640656495782&radius=30000"
8addb4f1-b358-4cf6-90ca-c0ecbdfbe807,12147744,RPE,,RELAIS PETITE ENFANCE DES 3 COLLINES,http://www.miramas.org/ma-vie/maison-de-lenfance-et-de-la-jeunesse/petite-enfance/le-relais-assistants-maternels,0680313478,,relaispetiteenfance@mairie-miramas.fr,4 Boulevard du Docteur Jacques Minet 13140 MIRAMAS,MIRAMAS,10880,,,false,,SALON DE PROVENCE RELAIS ET PARENT,"https://monenfant.fr/que-recherchez-vous?structure=RPE;LAEP&location=Salon-de-Provence,%20Bouches-du-Rh%C3%B4ne,%20Provence-Alpes-C%C3%B4te%20d%27Azur,%20FRA&x=5.09895601003&y=43.640656495782&radius=30000"
af10aad8-a203-4de0-b8ea-e116080c9944,12328875,LAEP,,LAEP LES MATINS CALINS,,0490597376,,,20 Rue Fontaine 13370 MALLEMORT,MALLEMORT,11848,,,false,,SALON DE PROVENCE RELAIS ET PARENT,"https://monenfant.fr/que-recherchez-vous?structure=RPE;LAEP&location=Salon-de-Provence,%20Bouches-du-Rh%C3%B4ne,%20Provence-Alpes-C%C3%B4te%20d%27Azur,%20FRA&x=5.09895601003&y=43.640656495782&radius=30000"
4f1396f2-e04e-4d9a-affc-a7ffa866aa2b,64324184,LAEP,,BULLE DE JEUX,https://csapm.org,0490506949,,veronique.drouillet.familles@csapm.fr, Rue DE COULIES 13118 ISTRES,ISTRES,14171,,,false,,SALON DE PROVENCE RELAIS ET PARENT,"https://monenfant.fr/que-recherchez-vous?structure=RPE;LAEP&location=Salon-de-Provence,%20Bouches-du-Rh%C3%B4ne,%20Provence-Alpes-C%C3%B4te%20d%27Azur,%20FRA&x=5.09895601003&y=43.640656495782&radius=30000"
3f374239-3b06-4ee6-82d2-974dc31865ac,69856497,RPE,,RPE PETER PAN,https://www.istres.fr,04 13 29 57 41,,rpe@istres.fr, NR CEC LES HEURES CLAIRES 13800 ISTRES,ISTRES,15616,,,false,,SALON DE PROVENCE RELAIS ET PARENT,"https://monenfant.fr/que-recherchez-vous?structure=RPE;LAEP&location=Salon-de-Provence,%20Bouches-du-Rh%C3%B4ne,%20Provence-Alpes-C%C3%B4te%20d%27Azur,%20FRA&x=5.09895601003&y=43.640656495782&radius=30000"
3dfb42a4-abe0-46cb-b720-4cac5460f6a0,63197155,LAEP,,L'ARBRE DES LIENS,https://www.istres.fr,0413295174,,laurence.nury@istres.fr,1 Esplanade Bernardin Laugier 13800 ISTRES,ISTRES,16325,,,false,,SALON DE PROVENCE RELAIS ET PARENT,"https://monenfant.fr/que-recherchez-vous?structure=RPE;LAEP&location=Salon-de-Provence,%20Bouches-du-Rh%C3%B4ne,%20Provence-Alpes-C%C3%B4te%20d%27Azur,%20FRA&x=5.09895601003&y=43.640656495782&radius=30000"
ef6303e9-3aff-48ea-b83a-042a9f2dd49f,12213362,RPE,,RELAIS INTERCOMMUNAL - ANTENNE DE CAVAILLON,,0490760663,,petiteenfance.ramcav@c-lmv.fr,"191 Allée Roch Pape ""Maison de la Petite Enfance"" 84300 CAVAILLON",CAVAILLON,21404,,,false,,SALON DE PROVENCE RELAIS ET PARENT,"https://monenfant.fr/que-recherchez-vous?structure=RPE;LAEP&location=Salon-de-Provence,%20Bouches-du-Rh%C3%B4ne,%20Provence-Alpes-C%C3%B4te%20d%27Azur,%20FRA&x=5.09895601003&y=43.640656495782&radius=30000"
f6366926-5337-4ba1-a11c-54bfc5c6432f,12324231,LAEP,,"LAEP ""LA MOSAÏQUE""",,0490040577,,petiteenfance.laep@ccpld.fr,191 Allée Roch Pâpe 84300 CAVAILLON,CAVAILLON,21404,,,false,,SALON DE PROVENCE RELAIS ET PARENT,"https://monenfant.fr/que-recherchez-vous?structure=RPE;LAEP&location=Salon-de-Provence,%20Bouches-du-Rh%C3%B4ne,%20Provence-Alpes-C%C3%B4te%20d%27Azur,%20FRA&x=5.09895601003&y=43.640656495782&radius=30000"
06aece19-927d-4d6d-955b-da9ec302b7d8,12323156,LAEP,,LAEP ESPACE KANGOUROU,,0490471376,,, Rue du Soleil - Pôle Petite Enfance 13310 ST MARTIN DE CRAU,ST MARTIN DE CRAU,23153,,,false,,SALON DE PROVENCE RELAIS ET PARENT,"https://monenfant.fr/que-recherchez-vous?structure=RPE;LAEP&location=Salon-de-Provence,%20Bouches-du-Rh%C3%B4ne,%20Provence-Alpes-C%C3%B4te%20d%27Azur,%20FRA&x=5.09895601003&y=43.640656495782&radius=30000"
0d6bef1b-3513-412d-a857-35fbc5f24f8a,21216087,LAEP,,LAEP LE COIN PLUMES,https://csfosseen.fr,0442477198,,mazet@csfos.fr, Route du Mange - Boue 13270 FOS SUR MER,FOS SUR MER,23812,,,false,,SALON DE PROVENCE RELAIS ET PARENT,"https://monenfant.fr/que-recherchez-vous?structure=RPE;LAEP&location=Salon-de-Provence,%20Bouches-du-Rh%C3%B4ne,%20Provence-Alpes-C%C3%B4te%20d%27Azur,%20FRA&x=5.09895601003&y=43.640656495782&radius=30000"
30a358b4-e101-4e85-a8c0-11444aa5a61e,12140262,RPE,,RELAIS PETITE ENFANCE LMV SECTEUR COUSTELLET,https://www.luberonmontsdevaucluse.fr/petite-enfance/accueil-chez-une-assistante-maternelle,0607306850,,rpe.coustelletlauris@c-lmv.fr,39 Chemin du Sarret 84220 CABRIERES D AVIGNON,CABRIERES D AVIGNON,25838,,,false,,SALON DE PROVENCE RELAIS ET PARENT,"https://monenfant.fr/que-recherchez-vous?structure=RPE;LAEP&location=Salon-de-Provence,%20Bouches-du-Rh%C3%B4ne,%20Provence-Alpes-C%C3%B4te%20d%27Azur,%20FRA&x=5.09895601003&y=43.640656495782&radius=30000"
8b647d34-8b70-4934-aea0-ee6561aa80a7,21277740,RPE,,RELAIS PETITE ENFANCE LE COTEAU,,0442490535,,ram@ville-martigues.com, Avenue Georges Braque - Quartier Saint-Roch 13500 MARTIGUES,MARTIGUES,26269,,,false,,SALON DE PROVENCE RELAIS ET PARENT,"https://monenfant.fr/que-recherchez-vous?structure=RPE;LAEP&location=Salon-de-Provence,%20Bouches-du-Rh%C3%B4ne,%20Provence-Alpes-C%C3%B4te%20d%27Azur,%20FRA&x=5.09895601003&y=43.640656495782&radius=30000"
d411d66a-4e06-4855-8fe4-ae930e72bed4,12357250,LAEP,,LAEP LA PARENT'AISE,http://www.ville-martigues.fr/aa/petite-enfance-450.html,0486514029,,la-parentaise@ville-martigues.fr, Allée André Malraux - Notre Dame des Marins 13500 MARTIGUES,MARTIGUES,26442,,,false,,SALON DE PROVENCE RELAIS ET PARENT,"https://monenfant.fr/que-recherchez-vous?structure=RPE;LAEP&location=Salon-de-Provence,%20Bouches-du-Rh%C3%B4ne,%20Provence-Alpes-C%C3%B4te%20d%27Azur,%20FRA&x=5.09895601003&y=43.640656495782&radius=30000"
15eed14d-b2fa-4d22-bb43-2a8edc75c0db,64324818,LAEP,,LA PETITE RÉCRÉ,https://www.poleparentalitéprovence.org,0781184921,,contac.ressourcesfamilles@gmail.com,10 Avenue de la Libération 13210 ST REMY DE PROVENCE,ST REMY DE PROVENCE,26920,,,false,,SALON DE PROVENCE RELAIS ET PARENT,"https://monenfant.fr/que-recherchez-vous?structure=RPE;LAEP&location=Salon-de-Provence,%20Bouches-du-Rh%C3%B4ne,%20Provence-Alpes-C%C3%B4te%20d%27Azur,%20FRA&x=5.09895601003&y=43.640656495782&radius=30000"
e6617175-b20d-45bd-a4d5-a854cc38e00e,12136306,RPE,,RELAIS PETITE ENFANCE ALPILLES MONTAGNETTE,https://www.mairie-saintremydeprovence.com/vivre-a-saint-remy/enfance-jeunesse/petite-enfance/relais-assistants-maternels/,0490243355,,relaisalpillesmontagnette@gmail.com,10 Avenue de la libération 13210 ST REMY DE PROVENCE,ST REMY DE PROVENCE,26937,,,false,,SALON DE PROVENCE RELAIS ET PARENT,"https://monenfant.fr/que-recherchez-vous?structure=RPE;LAEP&location=Salon-de-Provence,%20Bouches-du-Rh%C3%B4ne,%20Provence-Alpes-C%C3%B4te%20d%27Azur,%20FRA&x=5.09895601003&y=43.640656495782&radius=30000"
cc9f8ea2-2b43-458f-a0ae-56bb4a3e4d67,12323242,LAEP,,LAEP LA CABANETTE,,0490953370,,famillesruralescabannes@gmail.com, Place du 8 Mai 13440 CABANNES,CABANNES,27287,,,false,,SALON DE PROVENCE RELAIS ET PARENT,"https://monenfant.fr/que-recherchez-vous?structure=RPE;LAEP&location=Salon-de-Provence,%20Bouches-du-Rh%C3%B4ne,%20Provence-Alpes-C%C3%B4te%20d%27Azur,%20FRA&x=5.09895601003&y=43.640656495782&radius=30000"
6b2e66c2-fb57-44a9-a743-682c756e481e,10971404,ALSH,,PSC COMMUNE SALON  -BAST HAUTE/BRESSON/LACRAU/LURIAN/P.BONELLI/MICHELET,http://www.salondeprovence.fr,0490448900,,, Place de l'hôtel de ville - BP120 13300 SALON DE PROVENCE,SALON DE PROVENCE,0,,,false,,SALON DE PROVENCE LOISIR,"https://monenfant.fr/que-recherchez-vous?structure=ALSH&location=Salon-de-Provence,%20Bouches-du-Rh%C3%B4ne,%20Provence-Alpes-C%C3%B4te%20d%27Azur,%20FRA&x=5.09895601003&y=43.640656495782&radius=30000"
21588fab-d2e7-4e6e-8ad2-a52b27adcd9d,40007266,ALSH,,ESC  CCAS DE SALON DE PROVENCE  - MATERNELLE DU PAVILLON,http://www.salondeprovence.fr,0490564098,,alsh@salon-de-provence.org,154 Rue Belle d'Argent 13300 SALON DE PROVENCE,SALON DE PROVENCE,710,,,false,,SALON DE PROVENCE LOISIR,"https://monenfant.fr/que-recherchez-vous?structure=ALSH&location=Salon-de-Provence,%20Bouches-du-Rh%C3%B4ne,%20Provence-Alpes-C%C3%B4te%20d%27Azur,%20FRA&x=5.09895601003&y=43.640656495782&radius=30000"
f32547db-56da-4aa0-9822-cf9ab44cf4e8,22235923,ALSH,,MERCREDI CCAS DE SALON  - ALSH PAVILLON',http://www.salondeprovence.fr,0490564098,,alsh@salon-de-provence.org, Rue Belle d'Argent 13300 SALON DE PROVENCE,SALON DE PROVENCE,710,,,false,,SALON DE PROVENCE LOISIR,"https://monenfant.fr/que-recherchez-vous?structure=ALSH&location=Salon-de-Provence,%20Bouches-du-Rh%C3%B4ne,%20Provence-Alpes-C%C3%B4te%20d%27Azur,%20FRA&x=5.09895601003&y=43.640656495782&radius=30000"
43b7ea58-617e-46b5-8577-a5c4232b1627,22236236,ALSH,,ESC ASS MOSAIQUE SALON - ECOLE DES BRESSONS,http://mosaique.centres-sociaux.fr,0499999999,,accueil@centremosaique.fr,106 Boulevard des princes des Baux 13300 SALON DE PROVENCE,SALON DE PROVENCE,783,,,false,,SALON DE PROVENCE LOISIR,"https://monenfant.fr/que-recherchez-vous?structure=ALSH&location=Salon-de-Provence,%20Bouches-du-Rh%C3%B4ne,%20Provence-Alpes-C%C3%B4te%20d%27Azur,%20FRA&x=5.09895601003&y=43.640656495782&radius=30000"
d49560d9-baef-434e-9ddc-d6e8af381d3f,40007838,ALSH,,PSC MERC  ASS MOSAIQUE SALON - ECOLE DES BRESSONS,http://mosaique.centres-sociaux.fr,0499999999,,accueil@centremosaique.fr,106 Boulevard des princes des Baux 13300 SALON DE PROVENCE,SALON DE PROVENCE,783,,,false,,SALON DE PROVENCE LOISIR,"https://monenfant.fr/que-recherchez-vous?structure=ALSH&location=Salon-de-Provence,%20Bouches-du-Rh%C3%B4ne,%20Provence-Alpes-C%C3%B4te%20d%27Azur,%20FRA&x=5.09895601003&y=43.640656495782&radius=30000"
d19b6c0c-b7be-4114-8fae-ce72758242a2,22236147,ALSH,,ADOS CANOURGUES 11/17 ANS,,0490440220,,aagesc@wanadoo.fr, Boulevard ROBERT SHUMAN 13300 SALON DE PROVENCE,SALON DE PROVENCE,952,,,false,,SALON DE PROVENCE LOISIR,"https://monenfant.fr/que-recherchez-vous?structure=ALSH&location=Salon-de-Provence,%20Bouches-du-Rh%C3%B4ne,%20Provence-Alpes-C%C3%B4te%20d%27Azur,%20FRA&x=5.09895601003&y=43.640656495782&radius=30000"
2eaa4be3-abce-493a-a421-d1245510e804,40007688,ALSH,,ESC SALON VACANCES LOISIRS SALON - ACM BASTIDE HAUTE,http://www.salonvacancesloisirs.fr,0610769286,,centre-aerer@orange.fr,1 Chemin TALAGARD 13300 SALON DE PROVENCE,SALON DE PROVENCE,1550,,,false,,SALON DE PROVENCE LOISIR,"https://monenfant.fr/que-recherchez-vous?structure=ALSH&location=Salon-de-Provence,%20Bouches-du-Rh%C3%B4ne,%20Provence-Alpes-C%C3%B4te%20d%27Azur,%20FRA&x=5.09895601003&y=43.640656495782&radius=30000"
71a82093-59e8-4941-9f7b-4a3e7579f075,11000429,ALSH,,MERC SALON VACANCES LOISIRS SALON - ACM BASTIDE HAUTE,http://www.salonvacancesloisirs.fr,0610769286,,centre-aerer@orange.fr,1 Chemin TALAGARD 13300 SALON DE PROVENCE,SALON DE PROVENCE,1550,,,false,,SALON DE PROVENCE LOISIR,"https://monenfant.fr/que-recherchez-vous?structure=ALSH&location=Salon-de-Provence,%20Bouches-du-Rh%C3%B4ne,%20Provence-Alpes-C%C3%B4te%20d%27Azur,%20FRA&x=5.09895601003&y=43.640656495782&radius=30000"
beedc77a-94f0-41e8-b4a5-91a3a676b0f3,40007349,ALSH,,ESC  CCAS DE SALON - COMPLEXE FRANÇOIS BLANC,http://www.salondeprovence.fr,0490457490,,alsh@salon-de-provence.org, Route Ancienne route de Cornillon 13300 SALON DE PROVENCE,SALON DE PROVENCE,2168,,,false,,SALON DE PROVENCE LOISIR,"https://monenfant.fr/que-recherchez-vous?structure=ALSH&location=Salon-de-Provence,%20Bouches-du-Rh%C3%B4ne,%20Provence-Alpes-C%C3%B4te%20d%27Azur,%20FRA&x=5.09895601003&y=43.640656495782&radius=30000"
300af859-088a-40c8-bfe1-ab80edc04f42,10776528,ALSH,,MERCREDI CCAS DE SALON - ALSH FRANÇOIS BLANC,http://www.salondeprovence.fr,0490457490,,alsh@salon-de-provence.org, Route Ancienne route de Cornillon 13300 SALON DE PROVENCE,SALON DE PROVENCE,2168,,,false,,SALON DE PROVENCE LOISIR,"https://monenfant.fr/que-recherchez-vous?structure=ALSH&location=Salon-de-Provence,%20Bouches-du-Rh%C3%B4ne,%20Provence-Alpes-C%C3%B4te%20d%27Azur,%20FRA&x=5.09895601003&y=43.640656495782&radius=30000"
9c3ff344-201b-4e62-bdac-4f33a71df277,40007068,ALSH,,ADO OJS SALON DE PROVENCE - LUCIE AUBRAC - HALLE PIERRE DE COUVBERTIN,,0490175121,,ojs.salon@wanadoo.fr,436 Chemin de la chapelle 13300 SALON DE PROVENCE,SALON DE PROVENCE,2931,,,false,,SALON DE PROVENCE LOISIR,"https://monenfant.fr/que-recherchez-vous?structure=ALSH&location=Salon-de-Provence,%20Bouches-du-Rh%C3%B4ne,%20Provence-Alpes-C%C3%B4te%20d%27Azur,%20FRA&x=5.09895601003&y=43.640656495782&radius=30000"
d7f3bc88-3fa7-415a-9bb8-71716e9dff72,22235877,ALSH,,ESC OJS SALON DE PROVENCE - LUCIE AUBRAC - HALLE PIERRE DE COUVBERTIN,,0490175121,,ojs.salon@wanadoo.fr,436 Chemin de la chapelle 13300 SALON DE PROVENCE,SALON DE PROVENCE,2931,,,false,,SALON DE PROVENCE LOISIR,"https://monenfant.fr/que-recherchez-vous?structure=ALSH&location=Salon-de-Provence,%20Bouches-du-Rh%C3%B4ne,%20Provence-Alpes-C%C3%B4te%20d%27Azur,%20FRA&x=5.09895601003&y=43.640656495782&radius=30000"
a8134e9e-27a0-4879-98b3-826fcb0aee40,40007124,ALSH,,MERC  OJS SALON DE PROVENCE - LUCIE AUBRAC,,0490175121,,ojs.salon@wanadoo.fr,436 Chemin de la chapelle 13300 SALON DE PROVENCE,SALON DE PROVENCE,2931,,,false,,SALON DE PROVENCE LOISIR,"https://monenfant.fr/que-recherchez-vous?structure=ALSH&location=Salon-de-Provence,%20Bouches-du-Rh%C3%B4ne,%20Provence-Alpes-C%C3%B4te%20d%27Azur,%20FRA&x=5.09895601003&y=43.640656495782&radius=30000"
634fce83-ff1c-4fac-8920-2fb49a4da7ad,39796351,ALSH,,ESC COMMUNE GRANS - MATER. J. PRÉVERT /ESE ROBERT HOSSEIN,http://www.grans.fr,0490559838,,smej@grans.fr, Boulevard VICTOR JAUFFRET 13450 GRANS,GRANS,4478,,,false,,SALON DE PROVENCE LOISIR,"https://monenfant.fr/que-recherchez-vous?structure=ALSH&location=Salon-de-Provence,%20Bouches-du-Rh%C3%B4ne,%20Provence-Alpes-C%C3%B4te%20d%27Azur,%20FRA&x=5.09895601003&y=43.640656495782&radius=30000"
62ce6353-37c1-43c2-aa48-22ed9b8c20b0,39796488,ALSH,,PSC COMMUNE GRANS - MATER. J. PRÉVERT /ELÉM BRASSENS ESE ROBERT HOSSEN,http://www.grans.fr,0490559838,,smej@grans.fr, Boulevard VICTOR JAUFFRET 13450 GRANS,GRANS,4478,,,false,,SALON DE PROVENCE LOISIR,"https://monenfant.fr/que-recherchez-vous?structure=ALSH&location=Salon-de-Provence,%20Bouches-du-Rh%C3%B4ne,%20Provence-Alpes-C%C3%B4te%20d%27Azur,%20FRA&x=5.09895601003&y=43.640656495782&radius=30000"
c9019504-3141-463b-993f-de1f57c29b29,11033109,ALSH,,ESC COMMUNE GRANS - ALSH ROBERT  HOSSEIN,http://www.grans.fr,0490559838,,smej@grans.fr, Boulevard Espace socio-éducatif Robert Hossein 13450 GRANS,GRANS,4520,,,false,,SALON DE PROVENCE LOISIR,"https://monenfant.fr/que-recherchez-vous?structure=ALSH&location=Salon-de-Provence,%20Bouches-du-Rh%C3%B4ne,%20Provence-Alpes-C%C3%B4te%20d%27Azur,%20FRA&x=5.09895601003&y=43.640656495782&radius=30000"
d8145e03-ef71-4ed0-aeef-911d18bbc71a,21434273,ALSH,,PSC COMMUNE DE LAMANON - GROUPE SCOLAIRE,,0465290213,,services.scolaire@lamanon.fr,11 Allée des écoles 13113 LAMANON,LAMANON,6750,,,false,,SALON DE PROVENCE LOISIR,"https://monenfant.fr/que-recherchez-vous?structure=ALSH&location=Salon-de-Provence,%20Bouches-du-Rh%C3%B4ne,%20Provence-Alpes-C%C3%B4te%20d%27Azur,%20FRA&x=5.09895601003&y=43.640656495782&radius=30000"
64c52fe8-bcd4-4c12-9fbe-373689f415ed,22088923,ALSH,,ESC COMMUNE EYGUIERES  - GABRIEL PÉRI',,0490578986,,service-animations@mairie-eyguieres.fr, Avenue Gabriel Péri 13430 EYGUIERES,EYGUIERES,7943,,,false,,SALON DE PROVENCE LOISIR,"https://monenfant.fr/que-recherchez-vous?structure=ALSH&location=Salon-de-Provence,%20Bouches-du-Rh%C3%B4ne,%20Provence-Alpes-C%C3%B4te%20d%27Azur,%20FRA&x=5.09895601003&y=43.640656495782&radius=30000"
5cd113e0-e16d-4b3b-9113-e8049c56af9d,39997301,ALSH,,PSC COMMUNE EYGUIERES  - GABRIEL PÉRI',,0490578986,,service-animations@mairie-eyguieres.fr, Avenue Gabriel Péri 13430 EYGUIERES,EYGUIERES,7943,,,false,,SALON DE PROVENCE LOISIR,"https://monenfant.fr/que-recherchez-vous?structure=ALSH&location=Salon-de-Provence,%20Bouches-du-Rh%C3%B4ne,%20Provence-Alpes-C%C3%B4te%20d%27Azur,%20FRA&x=5.09895601003&y=43.640656495782&radius=30000"
1d2cd77a-1aea-4d5d-b90c-06a300d227a9,22089491,ALSH,,ESC COMMUNE EYGUIERES  -'TRÉCASTEAUX',http://www.eyguieres.org,0490598800,,maire@mairie-eyguieres.fr, Faubourg de la liberation 13430 EYGUIERES,EYGUIERES,8509,,,false,,SALON DE PROVENCE LOISIR,"https://monenfant.fr/que-recherchez-vous?structure=ALSH&location=Salon-de-Provence,%20Bouches-du-Rh%C3%B4ne,%20Provence-Alpes-C%C3%B4te%20d%27Azur,%20FRA&x=5.09895601003&y=43.640656495782&radius=30000"
51702d0a-6550-4b52-bcd7-2d91f054c57f,39997392,ALSH,,PSC COMMUNE EYGUIERES  -'TRÉCASTEAUX',http://www.eyguieres.org,0490598800,,maire@mairie-eyguieres.fr, Faubourg de la liberation 13430 EYGUIERES,EYGUIERES,8509,,,false,,SALON DE PROVENCE LOISIR,"https://monenfant.fr/que-recherchez-vous?structure=ALSH&location=Salon-de-Provence,%20Bouches-du-Rh%C3%B4ne,%20Provence-Alpes-C%C3%B4te%20d%27Azur,%20FRA&x=5.09895601003&y=43.640656495782&radius=30000"
4ce69b73-65f7-4488-a32a-278175226788,10776141,ALSH,,PSC TARTINES ET CALINES ALLEINS,http://www.tartinesetcalins.e-monsite.com,0442550681,,periscolaire@tartinesetcalins.fr, Cours VICTOR HUGO 13980 ALLEINS,ALLEINS,8529,,,false,,SALON DE PROVENCE LOISIR,"https://monenfant.fr/que-recherchez-vous?structure=ALSH&location=Salon-de-Provence,%20Bouches-du-Rh%C3%B4ne,%20Provence-Alpes-C%C3%B4te%20d%27Azur,%20FRA&x=5.09895601003&y=43.640656495782&radius=30000"
d9a0daf8-382d-4aeb-9ff8-f6f41d88e195,10995871,ALSH,,ESC COMMUNE MIRAMAS -  CHATEAU DE CABASSE,,0490500204,,, Chemin DES ESPAGNOLS 13140 MIRAMAS,MIRAMAS,8697,,,false,,SALON DE PROVENCE LOISIR,"https://monenfant.fr/que-recherchez-vous?structure=ALSH&location=Salon-de-Provence,%20Bouches-du-Rh%C3%B4ne,%20Provence-Alpes-C%C3%B4te%20d%27Azur,%20FRA&x=5.09895601003&y=43.640656495782&radius=30000"
2410d68b-8e37-4be2-98b2-65ad0945928b,10995914,ALSH,,PSC MERC COMMUNE MIRAMAS -  CHATEAU DE CABASSE,,0490501882,,j.bard@mairie-miramas.fr, Chemin DES ESPAGNOLS 13140 MIRAMAS,MIRAMAS,8697,,,false,,SALON DE PROVENCE LOISIR,"https://monenfant.fr/que-recherchez-vous?structure=ALSH&location=Salon-de-Provence,%20Bouches-du-Rh%C3%B4ne,%20Provence-Alpes-C%C3%B4te%20d%27Azur,%20FRA&x=5.09895601003&y=43.640656495782&radius=30000"
ec19ea23-8d0d-42ca-992d-a60c442ef529,39806465,ALSH,,ADO AJ  JEAN GIONO MIRAMAS - 14-17 ANS,,0490503050,,agcs1@orange.fr, Place des Balladins 13140 MIRAMAS,MIRAMAS,8917,,,false,,SALON DE PROVENCE LOISIR,"https://monenfant.fr/que-recherchez-vous?structure=ALSH&location=Salon-de-Provence,%20Bouches-du-Rh%C3%B4ne,%20Provence-Alpes-C%C3%B4te%20d%27Azur,%20FRA&x=5.09895601003&y=43.640656495782&radius=30000"
9c987eaa-0b75-499e-8566-3f97ed60b017,21340701,ALSH,,ESC CS JEAN GIONO MIRAMAS - MATERNELLE ET 3/13 ANS JEAN GIONO,,0490503050,,directioncscjg@orange.fr, Place des Balladins 13140 MIRAMAS,MIRAMAS,8917,,,false,,SALON DE PROVENCE LOISIR,"https://monenfant.fr/que-recherchez-vous?structure=ALSH&location=Salon-de-Provence,%20Bouches-du-Rh%C3%B4ne,%20Provence-Alpes-C%C3%B4te%20d%27Azur,%20FRA&x=5.09895601003&y=43.640656495782&radius=30000"
87af099a-bcca-4fe2-9ab2-d0e18072d32a,10913647,ALSH,,PSC CS JEAN GIONO MIRAMAS,,0490503050,,agcs1@orange.fr, Place des Balladins 13140 MIRAMAS,MIRAMAS,8917,,,false,,SALON DE PROVENCE LOISIR,"https://monenfant.fr/que-recherchez-vous?structure=ALSH&location=Salon-de-Provence,%20Bouches-du-Rh%C3%B4ne,%20Provence-Alpes-C%C3%B4te%20d%27Azur,%20FRA&x=5.09895601003&y=43.640656495782&radius=30000"
96758546-7e52-4686-94b3-c5e761eddb4e,39806275,ALSH,,PSC CS JEAN GIONO MIRAMAS COLLEGE MIRAMARIS,,0490503050,,agcs1@orange.fr, Avenue du levant 13140 MIRAMAS,MIRAMAS,8917,,,false,,SALON DE PROVENCE LOISIR,"https://monenfant.fr/que-recherchez-vous?structure=ALSH&location=Salon-de-Provence,%20Bouches-du-Rh%C3%B4ne,%20Provence-Alpes-C%C3%B4te%20d%27Azur,%20FRA&x=5.09895601003&y=43.640656495782&radius=30000"
0af9e3bb-23f4-4a8f-bf83-70246e4dc8ff,39768369,ALSH,,PSC MERC  COMMUNE MIRAMAS - ACCUEIL DE LOISIRS GERARD PHILIPPE,,0490580393,,, Avenue JEAN MOULIN 13140 MIRAMAS,MIRAMAS,10252,,,false,,SALON DE PROVENCE LOISIR,"https://monenfant.fr/que-recherchez-vous?structure=ALSH&location=Salon-de-Provence,%20Bouches-du-Rh%C3%B4ne,%20Provence-Alpes-C%C3%B4te%20d%27Azur,%20FRA&x=5.09895601003&y=43.640656495782&radius=30000"
0c6c409c-45a9-49c3-abce-76924a34f120,39805894,ALSH,,AJ / ADOS 11-17 LA CARRAIRE,,0490500979,,la-carraire@wanadoo.fr, Place du Foirail 13140 MIRAMAS,MIRAMAS,10350,,,false,,SALON DE PROVENCE LOISIR,"https://monenfant.fr/que-recherchez-vous?structure=ALSH&location=Salon-de-Provence,%20Bouches-du-Rh%C3%B4ne,%20Provence-Alpes-C%C3%B4te%20d%27Azur,%20FRA&x=5.09895601003&y=43.640656495782&radius=30000"
d9a700d2-7e48-4e3d-8043-9dbc2632fa41,10996215,ALSH,,ESC COMMUNE MIRAMAS - ACCUEIL DE LOISIRS GERARD PHILIPPE,,0490580393,,, Avenue Pons - quartier Mas neuf 13140 MIRAMAS,MIRAMAS,10350,,,false,,SALON DE PROVENCE LOISIR,"https://monenfant.fr/que-recherchez-vous?structure=ALSH&location=Salon-de-Provence,%20Bouches-du-Rh%C3%B4ne,%20Provence-Alpes-C%C3%B4te%20d%27Azur,%20FRA&x=5.09895601003&y=43.640656495782&radius=30000"
1c818613-a7de-46de-849c-9a07f1b2513d,21339945,ALSH,,ESC ENFANTS LA CARRAIRE MIRAMAS - ENFTS 4/10 ANS,,0490500979,,la-carraire@wanadoo.fr, Place du Foirail 13140 MIRAMAS,MIRAMAS,10350,,,false,,SALON DE PROVENCE LOISIR,"https://monenfant.fr/que-recherchez-vous?structure=ALSH&location=Salon-de-Provence,%20Bouches-du-Rh%C3%B4ne,%20Provence-Alpes-C%C3%B4te%20d%27Azur,%20FRA&x=5.09895601003&y=43.640656495782&radius=30000"
1e45b6c8-c4bc-4691-ad51-96437605faeb,39805851,ALSH,,PSC LA CARRAIRE MIRAMAS,,0490500979,,la-carraire@wanadoo.fr, Place du Foirail 13140 MIRAMAS,MIRAMAS,10350,,,false,,SALON DE PROVENCE LOISIR,"https://monenfant.fr/que-recherchez-vous?structure=ALSH&location=Salon-de-Provence,%20Bouches-du-Rh%C3%B4ne,%20Provence-Alpes-C%C3%B4te%20d%27Azur,%20FRA&x=5.09895601003&y=43.640656495782&radius=30000"
f54ba6a4-cc78-4668-8270-3fac40a095ef,21657236,ALSH,,PSC VIVONS ENSEMBLE MALLEMORT -  FREDERIC MISTRAL,http://www.vivons-ensemble.org,0490597376,,vivonsensemble.foyerrural@gmail.com, Avenue Charles de Gaulle 13370 MALLEMORT,MALLEMORT,11367,,,false,,SALON DE PROVENCE LOISIR,"https://monenfant.fr/que-recherchez-vous?structure=ALSH&location=Salon-de-Provence,%20Bouches-du-Rh%C3%B4ne,%20Provence-Alpes-C%C3%B4te%20d%27Azur,%20FRA&x=5.09895601003&y=43.640656495782&radius=30000"
a812dea4-758a-4455-aab9-60db76bb225e,40716212,ALSH,,ADO COMMUNE DE ST CHAMAS -11/17 ANS,https://saint-chamas.com/,0490445258,,frederique.verranini@saint-chamas.com, Boulevard JOLIOT CURIE 13250 ST CHAMAS,ST CHAMAS,11482,,,false,,SALON DE PROVENCE LOISIR,"https://monenfant.fr/que-recherchez-vous?structure=ALSH&location=Salon-de-Provence,%20Bouches-du-Rh%C3%B4ne,%20Provence-Alpes-C%C3%B4te%20d%27Azur,%20FRA&x=5.09895601003&y=43.640656495782&radius=30000"
03188e4c-dfcb-42d3-81a7-de9030b9862a,39806008,ALSH,,ESC COMMUNE SENAS - BULLE AEREE EX JEAN MOULIN,http://www.senas.fr/enfants-et-jeunesse/jeunesse/,0490577909,,bulleaeree@senas.fr, Avenue des jardins 13560 SENAS,SENAS,11513,,,false,,SALON DE PROVENCE LOISIR,"https://monenfant.fr/que-recherchez-vous?structure=ALSH&location=Salon-de-Provence,%20Bouches-du-Rh%C3%B4ne,%20Provence-Alpes-C%C3%B4te%20d%27Azur,%20FRA&x=5.09895601003&y=43.640656495782&radius=30000"
de183db2-184e-4362-b659-8f6af7cb2678,39806096,ALSH,,PSC COMMUNE SENAS - BULLE AEREE PRIMAIRE,http://www.senas.fr/enfants-et-jeunesse/jeunesse/,0490577909,,bulleaeree@senas.fr, Avenue des jardins 13560 SENAS,SENAS,11513,,,false,,SALON DE PROVENCE LOISIR,"https://monenfant.fr/que-recherchez-vous?structure=ALSH&location=Salon-de-Provence,%20Bouches-du-Rh%C3%B4ne,%20Provence-Alpes-C%C3%B4te%20d%27Azur,%20FRA&x=5.09895601003&y=43.640656495782&radius=30000"
f62544fd-14c4-43ea-b71d-86af4770360e,21443677,ALSH,,ADO COMMUNE SENAS - ESP RENCONTRE 14/17 ANS,http://www.senas.fr/enfants-et-jeunesse/espace-rencontre-jeunes/,0490572799,,espacejeunes@senas.fr,24 Avenue JEAN MOULIN 13560 SENAS,SENAS,11528,,,false,,SALON DE PROVENCE LOISIR,"https://monenfant.fr/que-recherchez-vous?structure=ALSH&location=Salon-de-Provence,%20Bouches-du-Rh%C3%B4ne,%20Provence-Alpes-C%C3%B4te%20d%27Azur,%20FRA&x=5.09895601003&y=43.640656495782&radius=30000"
08abb0be-eb98-43c5-a052-938bd6e9c4d5,39806170,ALSH,,PSC  COMMUNE SENAS - BULLE AEREE AV JEAN MOULIN,http://www.senas.fr/enfants-et-jeunesse/jeunesse/,0490577909,,bulleaeree@senas.fr,24 Avenue jean moulin 13560 SENAS,SENAS,11528,,,false,,SALON DE PROVENCE LOISIR,"https://monenfant.fr/que-recherchez-vous?structure=ALSH&location=Salon-de-Provence,%20Bouches-du-Rh%C3%B4ne,%20Provence-Alpes-C%C3%B4te%20d%27Azur,%20FRA&x=5.09895601003&y=43.640656495782&radius=30000"
8b128f70-2dde-4d46-9249-9bd8cc97b662,10903456,ALSH,,ESC COMMUNE SENAS - BULLE AEREE,http://www.senas.fr/enfants-et-jeunesse/jeunesse/,0490577909,,bulleaeree@senas.fr, Avenue DU 8 MAI 1945 13560 SENAS,SENAS,11751,,,false,,SALON DE PROVENCE LOISIR,"https://monenfant.fr/que-recherchez-vous?structure=ALSH&location=Salon-de-Provence,%20Bouches-du-Rh%C3%B4ne,%20Provence-Alpes-C%C3%B4te%20d%27Azur,%20FRA&x=5.09895601003&y=43.640656495782&radius=30000"
d1b0bc03-fb9e-40d8-b0f5-eb220761dd3c,39806053,ALSH,,PSC COMMUNE SENAS - BULLE AEREE BIS,http://www.senas.fr/enfants-et-jeunesse/jeunesse/,0490577909,,bulleaeree@senas.fr, Avenue DU 8 MAI 1945 13560 SENAS,SENAS,11751,,,false,,SALON DE PROVENCE LOISIR,"https://monenfant.fr/que-recherchez-vous?structure=ALSH&location=Salon-de-Provence,%20Bouches-du-Rh%C3%B4ne,%20Provence-Alpes-C%C3%B4te%20d%27Azur,%20FRA&x=5.09895601003&y=43.640656495782&radius=30000"
c5b01ec2-746a-4ee0-9289-e08c114dabc3,10903929,ALSH,,13-AJ-LLM-MULTISITES -  ESPACE JEUNES MALLEMORT,,0490574903,,espacejeunes-mallemort@loisireduc.org,20 Avenue de la Fontaine 13370 MALLEMORT,MALLEMORT,11848,,,false,,SALON DE PROVENCE LOISIR,"https://monenfant.fr/que-recherchez-vous?structure=ALSH&location=Salon-de-Provence,%20Bouches-du-Rh%C3%B4ne,%20Provence-Alpes-C%C3%B4te%20d%27Azur,%20FRA&x=5.09895601003&y=43.640656495782&radius=30000"
4451699c-042f-4a84-b5b5-5e7fb66a5f7b,39855938,ALSH,,13-PSC -LLM-MALLEMORT,,0490574903,,espacejeunes-mallemort@loisireduc.org,20 Avenue de la Fontaine 13370 MALLEMORT,MALLEMORT,11848,,,false,,SALON DE PROVENCE LOISIR,"https://monenfant.fr/que-recherchez-vous?structure=ALSH&location=Salon-de-Provence,%20Bouches-du-Rh%C3%B4ne,%20Provence-Alpes-C%C3%B4te%20d%27Azur,%20FRA&x=5.09895601003&y=43.640656495782&radius=30000"
9d9a48c2-7c95-4a54-9a03-0ff7a6465070,21516201,ALSH,,ESC COMMUNE DE ST CHAMAS - LE RECAMPADO,,0490445217,,guichet.unique@saint-chamas.com,21 Avenue MAURICE BERLE 13250 ST CHAMAS,ST CHAMAS,11915,,,false,,SALON DE PROVENCE LOISIR,"https://monenfant.fr/que-recherchez-vous?structure=ALSH&location=Salon-de-Provence,%20Bouches-du-Rh%C3%B4ne,%20Provence-Alpes-C%C3%B4te%20d%27Azur,%20FRA&x=5.09895601003&y=43.640656495782&radius=30000"
028b0af8-1662-4d5c-aca6-f688f1d15905,39908644,ALSH,,PSC MERC COMMUNE DE ST CHAMAS - LE RECAMPADO,,0490445217,,guichet.unique@saint-chamas.com,21 Avenue MAURICE BERLE 13250 ST CHAMAS,ST CHAMAS,11915,,,false,,SALON DE PROVENCE LOISIR,"https://monenfant.fr/que-recherchez-vous?structure=ALSH&location=Salon-de-Provence,%20Bouches-du-Rh%C3%B4ne,%20Provence-Alpes-C%C3%B4te%20d%27Azur,%20FRA&x=5.09895601003&y=43.640656495782&radius=30000"
06ca1de6-9c43-4ede-8486-4cc7c9943262,40744717,ALSH,,ESC LES PITCHOUNS AUREILLE,,0698880606,,, Rue des bohemiens 13930 AUREILLE,AUREILLE,14247,,,false,,SALON DE PROVENCE LOISIR,"https://monenfant.fr/que-recherchez-vous?structure=ALSH&location=Salon-de-Provence,%20Bouches-du-Rh%C3%B4ne,%20Provence-Alpes-C%C3%B4te%20d%27Azur,%20FRA&x=5.09895601003&y=43.640656495782&radius=30000"
edff1572-5a16-49a1-8229-754f79e03182,40744764,ALSH,,PSC MERCLES PITCHOUNS AUREILLE,,0698880606,,, Rue des bohemiens 13930 AUREILLE,AUREILLE,14247,,,false,,SALON DE PROVENCE LOISIR,"https://monenfant.fr/que-recherchez-vous?structure=ALSH&location=Salon-de-Provence,%20Bouches-du-Rh%C3%B4ne,%20Provence-Alpes-C%C3%B4te%20d%27Azur,%20FRA&x=5.09895601003&y=43.640656495782&radius=30000"
379503cf-5031-4af8-b4f4-5e399fe74cc2,10679261,ALSH,,"ALSH ""LES ENFANTS DE MÉRINDOL""",,0490729359,,lesenfantsdemerindol@orange.fr,  Groupe scolaire les Oliviers 84360 MERINDOL,MERINDOL,15284,,,false,,SALON DE PROVENCE LOISIR,"https://monenfant.fr/que-recherchez-vous?structure=ALSH&location=Salon-de-Provence,%20Bouches-du-Rh%C3%B4ne,%20Provence-Alpes-C%C3%B4te%20d%27Azur,%20FRA&x=5.09895601003&y=43.640656495782&radius=30000"
232ddf38-4cd5-43f5-974c-ddc3196358d2,21441476,ALSH,,ADO CENTRE SOCIAL LA FARANDOLE  ISTRES - CAFÉ CITOYEN ET K'FET,,0442562939,,administration@cslafarandole.fr, Rue DE LA POUTRE BT G13 ET L17 13800 ISTRES,ISTRES,16330,,,false,,SALON DE PROVENCE LOISIR,"https://monenfant.fr/que-recherchez-vous?structure=ALSH&location=Salon-de-Provence,%20Bouches-du-Rh%C3%B4ne,%20Provence-Alpes-C%C3%B4te%20d%27Azur,%20FRA&x=5.09895601003&y=43.640656495782&radius=30000"
94569dc2-4c45-4a9a-ab02-b4fdb28de454,40521016,ALSH,,ESC  COMMUNE ISTRES  - ALSH ELISE ET JEAN MILLE,http://www.istres.fr,0413295930,,hgherbi@istres.fr,  RONDE DES PIOUTOUS 13800 ISTRES,ISTRES,16330,,,false,,SALON DE PROVENCE LOISIR,"https://monenfant.fr/que-recherchez-vous?structure=ALSH&location=Salon-de-Provence,%20Bouches-du-Rh%C3%B4ne,%20Provence-Alpes-C%C3%B4te%20d%27Azur,%20FRA&x=5.09895601003&y=43.640656495782&radius=30000"
799450ea-87a2-4c09-8684-0f483fededea,21444217,ALSH,,ESC COMMUNE ISTRES  - JEAN MOULIN,http://www.istres.fr,0413295930,,hgherbi@istres.fr, Place JEAN MOULIN - Quartier des Salles 13800 ISTRES,ISTRES,16330,,,false,,SALON DE PROVENCE LOISIR,"https://monenfant.fr/que-recherchez-vous?structure=ALSH&location=Salon-de-Provence,%20Bouches-du-Rh%C3%B4ne,%20Provence-Alpes-C%C3%B4te%20d%27Azur,%20FRA&x=5.09895601003&y=43.640656495782&radius=30000"
bf51ed49-c78d-417a-a2c3-8b99de34a502,22035675,ALSH,,ESC COMMUNE ISTRES  'LA CLEF DE LA CHAMPS',http://www.istres.fr,0413295930,,hgherbi@istres.fr, Promenade Raymond Chevalier 13800 ISTRES,ISTRES,16330,,,false,,SALON DE PROVENCE LOISIR,"https://monenfant.fr/que-recherchez-vous?structure=ALSH&location=Salon-de-Provence,%20Bouches-du-Rh%C3%B4ne,%20Provence-Alpes-C%C3%B4te%20d%27Azur,%20FRA&x=5.09895601003&y=43.640656495782&radius=30000"
9b91961b-3b5c-4f27-addb-a842481f7f2d,21446913,ALSH,,ESC COMMUNE ISTRES - LE CLOS DE LA ROCHE,http://www.istres.fr,0413295930,,hgherbi@istres.fr, Allée J. Roumanille - Quartier Rassuen 13800 ISTRES,ISTRES,16330,,,false,,SALON DE PROVENCE LOISIR,"https://monenfant.fr/que-recherchez-vous?structure=ALSH&location=Salon-de-Provence,%20Bouches-du-Rh%C3%B4ne,%20Provence-Alpes-C%C3%B4te%20d%27Azur,%20FRA&x=5.09895601003&y=43.640656495782&radius=30000"
c506b78e-be7f-44b7-8937-9327149a3987,40525525,ALSH,,ESC COMMUNE ISTRES - LES PETITS RIRES,https://istres.fr,0413295000,,dpe@istres.fr,  RONDE DES PIOTONS - LA PREDINA 13800 ISTRES,ISTRES,16330,,,false,,SALON DE PROVENCE LOISIR,"https://monenfant.fr/que-recherchez-vous?structure=ALSH&location=Salon-de-Provence,%20Bouches-du-Rh%C3%B4ne,%20Provence-Alpes-C%C3%B4te%20d%27Azur,%20FRA&x=5.09895601003&y=43.640656495782&radius=30000"
d37e12bd-2a8a-4102-a9a1-cf34634f0faf,40520805,ALSH,,PSC  COMMUNE ISTRES  - ALSH ELISE ET JEAN MILLE,http://www.istres.fr,0413295930,,hgherbi@istres.fr,  RONDE DES PIOUTOUS 13800 ISTRES,ISTRES,16330,,,false,,SALON DE PROVENCE LOISIR,"https://monenfant.fr/que-recherchez-vous?structure=ALSH&location=Salon-de-Provence,%20Bouches-du-Rh%C3%B4ne,%20Provence-Alpes-C%C3%B4te%20d%27Azur,%20FRA&x=5.09895601003&y=43.640656495782&radius=30000"
ba977ecf-b176-4a9d-a885-1a329c054d48,39780537,ALSH,,PSC COMMUNE ISTRES  'LA CLEF DE LA CHAMPS',http://www.istres.fr,0413295930,,hgherbi@istres.fr, Promenade Raymond Chevalier 13800 ISTRES,ISTRES,16330,,,false,,SALON DE PROVENCE LOISIR,"https://monenfant.fr/que-recherchez-vous?structure=ALSH&location=Salon-de-Provence,%20Bouches-du-Rh%C3%B4ne,%20Provence-Alpes-C%C3%B4te%20d%27Azur,%20FRA&x=5.09895601003&y=43.640656495782&radius=30000"
231b9efa-9b31-4986-95cf-cbb27ebf7698,40525668,ALSH,,PSC COMMUNE ISTRES -  ALSH LES PETITS RIRES,https://istres.fr,0413295000,,dpe@istres.fr,  RONDE DES PIOTONS - LA PREDINA 13800 ISTRES,ISTRES,16330,,,false,,SALON DE PROVENCE LOISIR,"https://monenfant.fr/que-recherchez-vous?structure=ALSH&location=Salon-de-Provence,%20Bouches-du-Rh%C3%B4ne,%20Provence-Alpes-C%C3%B4te%20d%27Azur,%20FRA&x=5.09895601003&y=43.640656495782&radius=30000"
ea041f20-b21a-4529-8f88-ffa77e2c6db9,40523476,ALSH,,ESC  COMMUNE ISTRES  - ALSH JACQUELINE AURIOL,http://www.istres.fr,0413295930,,hgherbi@istres.fr, Rue LES ROMANIQUETTES 13800 ISTRES,ISTRES,16435,,,false,,SALON DE PROVENCE LOISIR,"https://monenfant.fr/que-recherchez-vous?structure=ALSH&location=Salon-de-Provence,%20Bouches-du-Rh%C3%B4ne,%20Provence-Alpes-C%C3%B4te%20d%27Azur,%20FRA&x=5.09895601003&y=43.640656495782&radius=30000"
a7992dbd-c010-4c52-a998-ba892cdfea5f,21444309,ALSH,,ESC COMMUNE ISTRES  -'GOUIN',http://www.istres.fr,0413295930,,hgherbi@istres.fr, Avenue Guynemer 13800 ISTRES,ISTRES,16933,,,false,,SALON DE PROVENCE LOISIR,"https://monenfant.fr/que-recherchez-vous?structure=ALSH&location=Salon-de-Provence,%20Bouches-du-Rh%C3%B4ne,%20Provence-Alpes-C%C3%B4te%20d%27Azur,%20FRA&x=5.09895601003&y=43.640656495782&radius=30000"
9fa0229d-a730-4c7e-a153-791ce590a6fb,39780719,ALSH,,PSC COMMUNE ISTRES  -'GOUIN',http://www.istres.fr,0413295930,,hgherbi@istres.fr, Avenue Guynemer 13800 ISTRES,ISTRES,16933,,,false,,SALON DE PROVENCE LOISIR,"https://monenfant.fr/que-recherchez-vous?structure=ALSH&location=Salon-de-Provence,%20Bouches-du-Rh%C3%B4ne,%20Provence-Alpes-C%C3%B4te%20d%27Azur,%20FRA&x=5.09895601003&y=43.640656495782&radius=30000"
62e0354c-ca55-40a1-8144-47640b9974a4,40521959,ALSH,,ESC  COMMUNE ISTRES  - ALSH RAOULT ORTOLLAN,http://www.istres.fr,0413295930,,hgherbi@istres.fr, Allée DES MICOCOULIERS 13800 ISTRES,ISTRES,17173,,,false,,SALON DE PROVENCE LOISIR,"https://monenfant.fr/que-recherchez-vous?structure=ALSH&location=Salon-de-Provence,%20Bouches-du-Rh%C3%B4ne,%20Provence-Alpes-C%C3%B4te%20d%27Azur,%20FRA&x=5.09895601003&y=43.640656495782&radius=30000"
fb5d2f9e-1176-490e-bf67-b4f421d26d55,21482791,ALSH,,ADO FAM RURALES BDR ORGON - MAIN DANS LA MAIN,https://www.famillesrurales.org/bouches-du-rhone,0962675965,,aj.orgon@famillesrurales.org, Chemin de pied gautier 13660 ORGON,ORGON,17779,,,false,,SALON DE PROVENCE LOISIR,"https://monenfant.fr/que-recherchez-vous?structure=ALSH&location=Salon-de-Provence,%20Bouches-du-Rh%C3%B4ne,%20Provence-Alpes-C%C3%B4te%20d%27Azur,%20FRA&x=5.09895601003&y=43.640656495782&radius=30000"
d46bdc6e-3493-4a41-96b8-aa36872f7cc1,10671177,ALSH,,"ALSH ""CLUB JEUNES CHEVAL BLANC""",,0490719043,,clubj@ifranc.com, Allée des lauriers 84460 CHEVAL BLANC,CHEVAL BLANC,17953,,,false,,SALON DE PROVENCE LOISIR,"https://monenfant.fr/que-recherchez-vous?structure=ALSH&location=Salon-de-Provence,%20Bouches-du-Rh%C3%B4ne,%20Provence-Alpes-C%C3%B4te%20d%27Azur,%20FRA&x=5.09895601003&y=43.640656495782&radius=30000"
019e9900-ed04-4a14-9d8c-9c9f031e1035,10673542,ALSH,,"ALSH ""LES PEQUELETS""",,0432521873,,centreaere.chevalblanc@orange.fr, Rue des Gavois et allée des Lauriers 84460 CHEVAL BLANC,CHEVAL BLANC,17965,,,false,,SALON DE PROVENCE LOISIR,"https://monenfant.fr/que-recherchez-vous?structure=ALSH&location=Salon-de-Provence,%20Bouches-du-Rh%C3%B4ne,%20Provence-Alpes-C%C3%B4te%20d%27Azur,%20FRA&x=5.09895601003&y=43.640656495782&radius=30000"
3fd8b9db-c9c7-4849-ae84-5f2036b7c738,40523630,ALSH,,ESC  COMMUNE ISTRES  - PIERRE ARMANET,http://www.istres.fr,0413295930,,hgherbi@istres.fr, Avenue DU VENT DES DAMES 13800 ISTRES,ISTRES,18344,,,false,,SALON DE PROVENCE LOISIR,"https://monenfant.fr/que-recherchez-vous?structure=ALSH&location=Salon-de-Provence,%20Bouches-du-Rh%C3%B4ne,%20Provence-Alpes-C%C3%B4te%20d%27Azur,%20FRA&x=5.09895601003&y=43.640656495782&radius=30000"
c7f3986d-f3bd-49ff-8007-709fd960f0b7,21430662,ALSH,,ADO QUARTIERS SUD COMMUNE ISTRES - 12-17 ANS,,0442555024,,administration@csqsistres.fr, Allée des Magnanarelles 13800 ISTRES,ISTRES,18742,,,false,,SALON DE PROVENCE LOISIR,"https://monenfant.fr/que-recherchez-vous?structure=ALSH&location=Salon-de-Provence,%20Bouches-du-Rh%C3%B4ne,%20Provence-Alpes-C%C3%B4te%20d%27Azur,%20FRA&x=5.09895601003&y=43.640656495782&radius=30000"
8356b6c4-f28d-4bc2-bb83-70b7c690af40,10972694,ALSH,,ESC LOU PITCHOUN ORGON,,0490730790,,association.lou-pitchoun@wanadoo.fr, Route de Bazardes 13660 ORGON,ORGON,18863,,,false,,SALON DE PROVENCE LOISIR,"https://monenfant.fr/que-recherchez-vous?structure=ALSH&location=Salon-de-Provence,%20Bouches-du-Rh%C3%B4ne,%20Provence-Alpes-C%C3%B4te%20d%27Azur,%20FRA&x=5.09895601003&y=43.640656495782&radius=30000"
05c613d1-f5fa-4a36-aee8-9eb83d4d971a,39697649,ALSH,,PSC MERC LOU PITCHOUN ORGON,,0490730790,,association.lou-pitchoun@wanadoo.fr, Route de Bazardes 13660 ORGON,ORGON,18863,,,false,,SALON DE PROVENCE LOISIR,"https://monenfant.fr/que-recherchez-vous?structure=ALSH&location=Salon-de-Provence,%20Bouches-du-Rh%C3%B4ne,%20Provence-Alpes-C%C3%B4te%20d%27Azur,%20FRA&x=5.09895601003&y=43.640656495782&radius=30000"
019de9fe-2bdf-4e98-83a5-e047a5e9e443,21443532,ALSH,,ESC CHEMIN FAISAN MOURIES - MATERNELLE  ET ELEMENTAIRE,http://www.cheminfaisan.org,0490476377,,chemin.faisan@wanadoo.fr, Rue DES ARENES 13890 MOURIES,MOURIES,18880,,,false,,SALON DE PROVENCE LOISIR,"https://monenfant.fr/que-recherchez-vous?structure=ALSH&location=Salon-de-Provence,%20Bouches-du-Rh%C3%B4ne,%20Provence-Alpes-C%C3%B4te%20d%27Azur,%20FRA&x=5.09895601003&y=43.640656495782&radius=30000"
757b4296-adf1-4bd9-a69c-661861dc8355,22151706,ALSH,,ESC RECREATIV MOURIES - 4/11 ANS,,0490475871,,service.jeunesse@mairie-mouries.fr, Rue des Arènes 13890 MOURIES,MOURIES,18880,,,false,,SALON DE PROVENCE LOISIR,"https://monenfant.fr/que-recherchez-vous?structure=ALSH&location=Salon-de-Provence,%20Bouches-du-Rh%C3%B4ne,%20Provence-Alpes-C%C3%B4te%20d%27Azur,%20FRA&x=5.09895601003&y=43.640656495782&radius=30000"
f31c2298-bdef-40ca-ad5c-2183474078dc,40320568,ALSH,,PSC ECOLE MOURIES - ACM MERCREDIS ET PSC MATIN-MIDI ET SOIR,,0490475871,,service.jeunesse@mairie-mouries.fr, Rue des Arènes 13890 MOURIES,MOURIES,18880,,,false,,SALON DE PROVENCE LOISIR,"https://monenfant.fr/que-recherchez-vous?structure=ALSH&location=Salon-de-Provence,%20Bouches-du-Rh%C3%B4ne,%20Provence-Alpes-C%C3%B4te%20d%27Azur,%20FRA&x=5.09895601003&y=43.640656495782&radius=30000"
d28521fe-7967-4ff4-a949-e00e2cb9b159,21438935,ALSH,,ESC CENTRE DE L ENFANCE ISTRES - LE PRÉPAOU,,0442555024,,administration@csqsistres.fr, Allée des Piboules 13800 ISTRES,ISTRES,18887,,,false,,SALON DE PROVENCE LOISIR,"https://monenfant.fr/que-recherchez-vous?structure=ALSH&location=Salon-de-Provence,%20Bouches-du-Rh%C3%B4ne,%20Provence-Alpes-C%C3%B4te%20d%27Azur,%20FRA&x=5.09895601003&y=43.640656495782&radius=30000"
698ac416-2372-45e6-bc90-c52edddd6ba7,40319738,ALSH,,MERCREDI  CENTRE DE L ENFANCE ISTRES - LE PRÉPAOU,,0442555024,,administration@csqsistres.fr, Allée des Piboules 13800 ISTRES,ISTRES,18887,,,false,,SALON DE PROVENCE LOISIR,"https://monenfant.fr/que-recherchez-vous?structure=ALSH&location=Salon-de-Provence,%20Bouches-du-Rh%C3%B4ne,%20Provence-Alpes-C%C3%B4te%20d%27Azur,%20FRA&x=5.09895601003&y=43.640656495782&radius=30000"
38cd5a87-99af-45e8-a19c-2ff0026c0e05,39827802,ALSH,,ESC FAM RURALES BDR PLAN ORGON - ENFANTS,,0490732202,,al.po@famillesrurales.org,74 Route des écoles 13750 PLAN D ORGON,PLAN D ORGON,20610,,,false,,SALON DE PROVENCE LOISIR,"https://monenfant.fr/que-recherchez-vous?structure=ALSH&location=Salon-de-Provence,%20Bouches-du-Rh%C3%B4ne,%20Provence-Alpes-C%C3%B4te%20d%27Azur,%20FRA&x=5.09895601003&y=43.640656495782&radius=30000"
37a3cddb-dd0e-414e-af7e-749aa4780b2d,21431279,ALSH,,PSC MERC FAM RURALES BDR PLAN ORGON - PSC  3/12 ANS,,0490732202,,al.po@famillesrurales.org,74 Route des écoles 13750 PLAN D ORGON,PLAN D ORGON,20610,,,false,,SALON DE PROVENCE LOISIR,"https://monenfant.fr/que-recherchez-vous?structure=ALSH&location=Salon-de-Provence,%20Bouches-du-Rh%C3%B4ne,%20Provence-Alpes-C%C3%B4te%20d%27Azur,%20FRA&x=5.09895601003&y=43.640656495782&radius=30000"
914d2d02-5bde-4d48-9ad0-e9ee5bfd3170,22231044,ALSH,,ESC COMMUNE ST MITRE LES REMPARTS,http://www.saintmitrelesremparts.fr/index.php?option=com_content&view=article&id=61&Itemid=80,0442067416,,, Boulevard Jean Rostand 13920 ST MITRE LES REMPARTS,ST MITRE LES REMPARTS,21231,,,false,,SALON DE PROVENCE LOISIR,"https://monenfant.fr/que-recherchez-vous?structure=ALSH&location=Salon-de-Provence,%20Bouches-du-Rh%C3%B4ne,%20Provence-Alpes-C%C3%B4te%20d%27Azur,%20FRA&x=5.09895601003&y=43.640656495782&radius=30000"
1424b94e-c4a3-4be5-ac7d-961615b3a4f5,40002190,ALSH,,MERC COMMUNE ST MITRE LES REMPARTS,http://www.saintmitrelesremparts.fr/index.php?option=com_content&view=article&id=61&Itemid=80,0442067416,,, Boulevard Jean Rostand 13920 ST MITRE LES REMPARTS,ST MITRE LES REMPARTS,21231,,,false,,SALON DE PROVENCE LOISIR,"https://monenfant.fr/que-recherchez-vous?structure=ALSH&location=Salon-de-Provence,%20Bouches-du-Rh%C3%B4ne,%20Provence-Alpes-C%C3%B4te%20d%27Azur,%20FRA&x=5.09895601003&y=43.640656495782&radius=30000"
d8a10836-4e20-4af4-ad05-a6595b5db9c0,10668769,ALSH,,"ALSH ""LA BASTIDE""",,0490713995,,cslabastide@wanadoo.fr,835 Route de Pertuis 84300 CAVAILLON,CAVAILLON,21633,,,false,,SALON DE PROVENCE LOISIR,"https://monenfant.fr/que-recherchez-vous?structure=ALSH&location=Salon-de-Provence,%20Bouches-du-Rh%C3%B4ne,%20Provence-Alpes-C%C3%B4te%20d%27Azur,%20FRA&x=5.09895601003&y=43.640656495782&radius=30000"
499dc0d5-f7f7-4907-a3db-2abe478c2d32,10671865,ALSH,,"ALSH ""OEUVRE DES COLONIES DE VACANCES"" (OCV)",,0490782852,,ocvcavaillon@wanadoo.fr, Avenue Raoul Follerau 84300 CAVAILLON,CAVAILLON,22547,,,false,,SALON DE PROVENCE LOISIR,"https://monenfant.fr/que-recherchez-vous?structure=ALSH&location=Salon-de-Provence,%20Bouches-du-Rh%C3%B4ne,%20Provence-Alpes-C%C3%B4te%20d%27Azur,%20FRA&x=5.09895601003&y=43.640656495782&radius=30000"
70981c64-36ed-4cbd-831a-e37f49028d42,10678745,ALSH,,LE JARDIN DE L'ESCANSON,,0490719103,,contact@lejardindelescanson.fr,64 Place Jules Ferry 84440 ROBION,ROBION,22656,,,false,,SALON DE PROVENCE LOISIR,"https://monenfant.fr/que-recherchez-vous?structure=ALSH&location=Salon-de-Provence,%20Bouches-du-Rh%C3%B4ne,%20Provence-Alpes-C%C3%B4te%20d%27Azur,%20FRA&x=5.09895601003&y=43.640656495782&radius=30000"
e053848c-2a0f-418f-b6c1-8968ca7db692,21357390,ALSH,,ESC CS LES OLIVIERS ST MARTIN DE CRAU,,0486520330,,cso@orange.fr, Route D'ARLES 13310 ST MARTIN DE CRAU,ST MARTIN DE CRAU,23153,,,false,,SALON DE PROVENCE LOISIR,"https://monenfant.fr/que-recherchez-vous?structure=ALSH&location=Salon-de-Provence,%20Bouches-du-Rh%C3%B4ne,%20Provence-Alpes-C%C3%B4te%20d%27Azur,%20FRA&x=5.09895601003&y=43.640656495782&radius=30000"
dfedd2f2-9503-4a61-92eb-7704fe381958,40006498,ALSH,,PSC MERC CS LES OLIVIERS ST MARTIN DE CRAU,,0486520330,,cso@orange.fr, Route D'ARLES 13310 ST MARTIN DE CRAU,ST MARTIN DE CRAU,23153,,,false,,SALON DE PROVENCE LOISIR,"https://monenfant.fr/que-recherchez-vous?structure=ALSH&location=Salon-de-Provence,%20Bouches-du-Rh%C3%B4ne,%20Provence-Alpes-C%C3%B4te%20d%27Azur,%20FRA&x=5.09895601003&y=43.640656495782&radius=30000"
fd2ad9de-3377-4dab-b28d-5c4e2a433e89,10994796,ALSH,,"ALSH ""CENTRE DE LOISIRS COMMUNAL""",,0490769798,,ardisson.sophie.mairie-oppede@wanadoo.fr, Rue des Pouliverts - Espace Jardin de Madame 84580 OPPEDE,OPPEDE,23213,,,false,,SALON DE PROVENCE LOISIR,"https://monenfant.fr/que-recherchez-vous?structure=ALSH&location=Salon-de-Provence,%20Bouches-du-Rh%C3%B4ne,%20Provence-Alpes-C%C3%B4te%20d%27Azur,%20FRA&x=5.09895601003&y=43.640656495782&radius=30000"
24f39772-143a-4a42-897e-ddbf006c48cf,40883378,ALSH,,ADO CENTRE SOCIAL FOSSEEN FOS SUR MER - MQ DE LA TUILERIE,http://www.csfosseen.fr,0442477794,,secretariat@csfos.fr, Chemin DU MAZET 13270 FOS SUR MER,FOS SUR MER,23403,,,false,,SALON DE PROVENCE LOISIR,"https://monenfant.fr/que-recherchez-vous?structure=ALSH&location=Salon-de-Provence,%20Bouches-du-Rh%C3%B4ne,%20Provence-Alpes-C%C3%B4te%20d%27Azur,%20FRA&x=5.09895601003&y=43.640656495782&radius=30000"
02b1e802-0eb9-41dd-a13b-0bf607e5ecd0,40876556,ALSH,,ESC CENTRE SOCIAL FOSSEEN FOS SUR MER - MQ DE LA TUILERIE,http://www.csfosseen.fr,0442477794,,secretariat@csfos.fr, Chemin DU MAZET 13270 FOS SUR MER,FOS SUR MER,23403,,,false,,SALON DE PROVENCE LOISIR,"https://monenfant.fr/que-recherchez-vous?structure=ALSH&location=Salon-de-Provence,%20Bouches-du-Rh%C3%B4ne,%20Provence-Alpes-C%C3%B4te%20d%27Azur,%20FRA&x=5.09895601003&y=43.640656495782&radius=30000"
abeefc78-752b-4651-ab52-5e44dd37052a,10848416,ALSH,,ESC COMMUNE FOS SUR MER -  MAISON DES ENFANTS,http://www.fossurmer.fr/accueil-3.html,0442477083,,, Route du Mazet 13270 FOS SUR MER,FOS SUR MER,23403,,,false,,SALON DE PROVENCE LOISIR,"https://monenfant.fr/que-recherchez-vous?structure=ALSH&location=Salon-de-Provence,%20Bouches-du-Rh%C3%B4ne,%20Provence-Alpes-C%C3%B4te%20d%27Azur,%20FRA&x=5.09895601003&y=43.640656495782&radius=30000"
b6df6883-fe98-4ee5-b34b-c881456119d7,39799069,ALSH,,PSC MERC  COMMUNE FOS SUR MER -  MAISON DES ENFANTS,http://www.fossurmer.fr/accueil-3.html,0442477083,,, Route du Mazet 13270 FOS SUR MER,FOS SUR MER,23403,,,false,,SALON DE PROVENCE LOISIR,"https://monenfant.fr/que-recherchez-vous?structure=ALSH&location=Salon-de-Provence,%20Bouches-du-Rh%C3%B4ne,%20Provence-Alpes-C%C3%B4te%20d%27Azur,%20FRA&x=5.09895601003&y=43.640656495782&radius=30000"
fc3f17d8-3bec-49c6-b3ef-ec5aced7b7b0,40876599,ALSH,,PSC MERC CENTRE SOCIAL FOSSEEN FOS SUR MER - MQ DE LA TUILERIE,http://www.csfosseen.fr,0442477794,,secretariat@csfos.fr, Chemin DU MAZET 13270 FOS SUR MER,FOS SUR MER,23403,,,false,,SALON DE PROVENCE LOISIR,"https://monenfant.fr/que-recherchez-vous?structure=ALSH&location=Salon-de-Provence,%20Bouches-du-Rh%C3%B4ne,%20Provence-Alpes-C%C3%B4te%20d%27Azur,%20FRA&x=5.09895601003&y=43.640656495782&radius=30000"
8fb833c3-f17d-4bda-9ad9-d04d72903aae,39799231,ALSH,,ESC COMMUNE FOS SUR MER -  GILBERT DEL CORSO,http://www.fossurmer.fr/accueil-3.html,0787700945,,dir-acm-herail@mairie-fos-sur-mer.fr, Impasse des Pâturages 13270 FOS SUR MER,FOS SUR MER,23649,,,false,,SALON DE PROVENCE LOISIR,"https://monenfant.fr/que-recherchez-vous?structure=ALSH&location=Salon-de-Provence,%20Bouches-du-Rh%C3%B4ne,%20Provence-Alpes-C%C3%B4te%20d%27Azur,%20FRA&x=5.09895601003&y=43.640656495782&radius=30000"
84945263-d4a1-4fb6-99bc-1a18fc385a1d,21354203,ALSH,,PSC MERC COMMUNE FOS SUR MER -  GILBERT DEL CORSO,http://www.fossurmer.fr/accueil-3.html,0787700945,,dir-acm-herail@mairie-fos-sur-mer.fr, Impasse des Pâturages 13270 FOS SUR MER,FOS SUR MER,23649,,,false,,SALON DE PROVENCE LOISIR,"https://monenfant.fr/que-recherchez-vous?structure=ALSH&location=Salon-de-Provence,%20Bouches-du-Rh%C3%B4ne,%20Provence-Alpes-C%C3%B4te%20d%27Azur,%20FRA&x=5.09895601003&y=43.640656495782&radius=30000"
8cde9954-e44b-4dfd-a9d5-f11e11e0ba9c,40774573,ALSH,,ADO CENTRE SOCIAL FOSSEEN FOS SUR MER - MQ DU MAZET,http://www.csfosseen.fr,0442477198,,mazet@csfos.fr, Route DU MANGE-BOUE 13270 FOS SUR MER,FOS SUR MER,23812,,,false,,SALON DE PROVENCE LOISIR,"https://monenfant.fr/que-recherchez-vous?structure=ALSH&location=Salon-de-Provence,%20Bouches-du-Rh%C3%B4ne,%20Provence-Alpes-C%C3%B4te%20d%27Azur,%20FRA&x=5.09895601003&y=43.640656495782&radius=30000"
54f585a5-0a7b-41c4-b668-1c63b57f3c97,39797987,ALSH,,ESC  COMMUNE FOS SUR MER - MAZET,http://www.fossurmer.fr/accueil-3.html,0675094979,,dir-acm-mazet@mairie-fos-sur-mer.fr, Rue Mange-Boue 13270 FOS SUR MER,FOS SUR MER,23812,,,false,,SALON DE PROVENCE LOISIR,"https://monenfant.fr/que-recherchez-vous?structure=ALSH&location=Salon-de-Provence,%20Bouches-du-Rh%C3%B4ne,%20Provence-Alpes-C%C3%B4te%20d%27Azur,%20FRA&x=5.09895601003&y=43.640656495782&radius=30000"
102e1a9d-3848-4071-a3f2-3a976f5796eb,40774427,ALSH,,ESC CENTRE SOCIAL FOSSEEN FOS SUR MER - MQ DU MAZET,http://www.csfosseen.fr,0442477198,,mazet@csfos.fr, Route DU MANGE-BOUE 13270 FOS SUR MER,FOS SUR MER,23812,,,false,,SALON DE PROVENCE LOISIR,"https://monenfant.fr/que-recherchez-vous?structure=ALSH&location=Salon-de-Provence,%20Bouches-du-Rh%C3%B4ne,%20Provence-Alpes-C%C3%B4te%20d%27Azur,%20FRA&x=5.09895601003&y=43.640656495782&radius=30000"
3413edaf-0c31-4a3a-af24-efccdc86d1df,40774530,ALSH,,PSC MERC CENTRE SOCIAL FOSSEEN FOS SUR MER - MQ DU MAZET,http://www.csfosseen.fr,0442477198,,mazet@csfos.fr, Route DU MANGE-BOUE 13270 FOS SUR MER,FOS SUR MER,23812,,,false,,SALON DE PROVENCE LOISIR,"https://monenfant.fr/que-recherchez-vous?structure=ALSH&location=Salon-de-Provence,%20Bouches-du-Rh%C3%B4ne,%20Provence-Alpes-C%C3%B4te%20d%27Azur,%20FRA&x=5.09895601003&y=43.640656495782&radius=30000"
7f4d87a5-f1c0-49a0-9115-5c8faac69ad5,39799543,ALSH,,PSC MERC COMMUNE FOS SUR MER - MAZET,http://www.fossurmer.fr/accueil-3.html,0675094979,,dir-acm-mazet@mairie-fos-sur-mer.fr, Rue Mange-Boue 13270 FOS SUR MER,FOS SUR MER,23812,,,false,,SALON DE PROVENCE LOISIR,"https://monenfant.fr/que-recherchez-vous?structure=ALSH&location=Salon-de-Provence,%20Bouches-du-Rh%C3%B4ne,%20Provence-Alpes-C%C3%B4te%20d%27Azur,%20FRA&x=5.09895601003&y=43.640656495782&radius=30000"
37f90b12-1ff3-426e-9897-1624180e929f,39799694,ALSH,,ESC COMMUNE FOS SUR MER - MICHEL GERACHIOS,http://www.fossurmer.fr/accueil-3.html,0675094979,,dir-acm-gerachios@mairie-fos-sur-mer.fr, Avenue de cante grillet 13270 FOS SUR MER,FOS SUR MER,24460,,,false,,SALON DE PROVENCE LOISIR,"https://monenfant.fr/que-recherchez-vous?structure=ALSH&location=Salon-de-Provence,%20Bouches-du-Rh%C3%B4ne,%20Provence-Alpes-C%C3%B4te%20d%27Azur,%20FRA&x=5.09895601003&y=43.640656495782&radius=30000"
792459b0-c8d9-48a0-aa28-ebef0b0e3cdb,27863172,ALSH,,PSC MERC COMMUNE FOS SUR MER - MICHEL GERACHIOS,http://www.fossurmer.fr/accueil-3.html,0675094979,,dir-acm-gerachios@mairie-fos-sur-mer.fr, Avenue de cante grillet 13270 FOS SUR MER,FOS SUR MER,24460,,,false,,SALON DE PROVENCE LOISIR,"https://monenfant.fr/que-recherchez-vous?structure=ALSH&location=Salon-de-Provence,%20Bouches-du-Rh%C3%B4ne,%20Provence-Alpes-C%C3%B4te%20d%27Azur,%20FRA&x=5.09895601003&y=43.640656495782&radius=30000"
040105bd-deeb-46f9-8e3c-ac97797bb4c1,39967469,ALSH,,AJ LA MAISON DE BOUDEME-PISTOUN -AJ PISTOUN,,0442810630,,csboudeme@wanadoo.fr, Rue ROBERT DESNOS 13500 MARTIGUES,MARTIGUES,24793,,,false,,SALON DE PROVENCE LOISIR,"https://monenfant.fr/que-recherchez-vous?structure=ALSH&location=Salon-de-Provence,%20Bouches-du-Rh%C3%B4ne,%20Provence-Alpes-C%C3%B4te%20d%27Azur,%20FRA&x=5.09895601003&y=43.640656495782&radius=30000"
580cb6f5-d316-4fc8-8528-4644c19e9c0b,21431582,ALSH,,ESC FAM RURALES BDR ST ANDIOL - JEAN MOULIN,http://www.famillesrurales.org/bouches-du-rhone,0685409089,,al.saint-andiol@famillesrurales.org,17 Rue Jean Moulin 13670 ST ANDIOL,ST ANDIOL,24886,,,false,,SALON DE PROVENCE LOISIR,"https://monenfant.fr/que-recherchez-vous?structure=ALSH&location=Salon-de-Provence,%20Bouches-du-Rh%C3%B4ne,%20Provence-Alpes-C%C3%B4te%20d%27Azur,%20FRA&x=5.09895601003&y=43.640656495782&radius=30000"
2f7c2e8d-9eca-457a-aa4a-5652355f9594,10818742,ALSH,,ESC COMMUNE MARTIGUES -  CANTO PERDRIX,,0442803752,,, Allée Marcel Proust 13500 MARTIGUES,MARTIGUES,25001,,,false,,SALON DE PROVENCE LOISIR,"https://monenfant.fr/que-recherchez-vous?structure=ALSH&location=Salon-de-Provence,%20Bouches-du-Rh%C3%B4ne,%20Provence-Alpes-C%C3%B4te%20d%27Azur,%20FRA&x=5.09895601003&y=43.640656495782&radius=30000"
64c5d586-ee89-424e-a089-6c75d74bdc2e,39965789,ALSH,,MERC COMMUNE MARTIGUES -  GROUPE SCOLAIRE CANTO PERDRIX,,0442803752,,, Avenue DE CANTO PERDRIX 13500 MARTIGUES,MARTIGUES,25034,,,false,,SALON DE PROVENCE LOISIR,"https://monenfant.fr/que-recherchez-vous?structure=ALSH&location=Salon-de-Provence,%20Bouches-du-Rh%C3%B4ne,%20Provence-Alpes-C%C3%B4te%20d%27Azur,%20FRA&x=5.09895601003&y=43.640656495782&radius=30000"
3fa09a4d-29d6-4614-808a-6a99b8179ec0,21353856,ALSH,,ESC COMMUNE FOS SUR MER - MATERNELLE JONQUIERES,http://www.fossurmer.fr/accueil-3.html,0442477083,,dir-acm-darbaud@mairie-fos-sur-mer.fr, Rue des Nénuphars 13270 FOS SUR MER,FOS SUR MER,25075,,,false,,SALON DE PROVENCE LOISIR,"https://monenfant.fr/que-recherchez-vous?structure=ALSH&location=Salon-de-Provence,%20Bouches-du-Rh%C3%B4ne,%20Provence-Alpes-C%C3%B4te%20d%27Azur,%20FRA&x=5.09895601003&y=43.640656495782&radius=30000"
8cc0d129-d7c7-4d42-9ac0-6d68106e41d8,39799496,ALSH,,PSC MERC COMMUNE FOS SUR MER - ARBAUD JONQUIERE,http://www.fossurmer.fr/accueil-3.html,0442477083,,dir-acm-darbaud@mairie-fos-sur-mer.fr, Rue des Nénuphars 13270 FOS SUR MER,FOS SUR MER,25075,,,false,,SALON DE PROVENCE LOISIR,"https://monenfant.fr/que-recherchez-vous?structure=ALSH&location=Salon-de-Provence,%20Bouches-du-Rh%C3%B4ne,%20Provence-Alpes-C%C3%B4te%20d%27Azur,%20FRA&x=5.09895601003&y=43.640656495782&radius=30000"
05c44e26-9f20-43b3-b550-77cda1ee682a,10974457,ALSH,,ADO COMMUNE FOS SUR MER - MDJ,http://www.fossurmer.fr,0442477173,,service.jeunesse@mairie-fos-sur-mer.fr, Allée des pins 13270 FOS SUR MER,FOS SUR MER,25208,,,false,,SALON DE PROVENCE LOISIR,"https://monenfant.fr/que-recherchez-vous?structure=ALSH&location=Salon-de-Provence,%20Bouches-du-Rh%C3%B4ne,%20Provence-Alpes-C%C3%B4te%20d%27Azur,%20FRA&x=5.09895601003&y=43.640656495782&radius=30000"
9a0bb10c-2e97-43b5-a85b-b07132b8f35b,21388930,ALSH,,ASSOCIATION AVEC - LA GARE DE COUSTELLET,,0486508010,,jeunesse@aveclagare.org,105 Quai des entreprises 84660 MAUBEC,MAUBEC,25442,,,false,,SALON DE PROVENCE LOISIR,"https://monenfant.fr/que-recherchez-vous?structure=ALSH&location=Salon-de-Provence,%20Bouches-du-Rh%C3%B4ne,%20Provence-Alpes-C%C3%B4te%20d%27Azur,%20FRA&x=5.09895601003&y=43.640656495782&radius=30000"
c8e0cd4c-99bc-4589-bde4-6d2a2a12792a,11032077,ALSH,,ESC AACS MARTIGUES - ND  DES MARINS,,0442493600,,csdm@orange.fr, Allée André Malraux 13500 MARTIGUES,MARTIGUES,25617,,,false,,SALON DE PROVENCE LOISIR,"https://monenfant.fr/que-recherchez-vous?structure=ALSH&location=Salon-de-Provence,%20Bouches-du-Rh%C3%B4ne,%20Provence-Alpes-C%C3%B4te%20d%27Azur,%20FRA&x=5.09895601003&y=43.640656495782&radius=30000"
340289b2-cb24-459a-8d24-776e2a5015eb,39787509,ALSH,,PSC MERC AACS MARTIGUES - ND  DES MARINS,,0442493600,,csdm@orange.fr, Allée André Malraux 13500 MARTIGUES,MARTIGUES,25617,,,false,,SALON DE PROVENCE LOISIR,"https://monenfant.fr/que-recherchez-vous?structure=ALSH&location=Salon-de-Provence,%20Bouches-du-Rh%C3%B4ne,%20Provence-Alpes-C%C3%B4te%20d%27Azur,%20FRA&x=5.09895601003&y=43.640656495782&radius=30000"
ffdb23bc-94ba-4a2c-ae04-75d8d78db503,21419385,ALSH,,ALSH DE CABRIÈRES D'AVIGNON,,0490865862,,francas.vaucluse@gmail.com, Rue des écoles 84220 CABRIERES D AVIGNON,CABRIERES D AVIGNON,25642,,,false,,SALON DE PROVENCE LOISIR,"https://monenfant.fr/que-recherchez-vous?structure=ALSH&location=Salon-de-Provence,%20Bouches-du-Rh%C3%B4ne,%20Provence-Alpes-C%C3%B4te%20d%27Azur,%20FRA&x=5.09895601003&y=43.640656495782&radius=30000"
727cce52-2355-4699-bde6-3b1b0b9a68f4,10818699,ALSH,,ESC COMMUNE MARTIGUES  -  JEAN JAURES,http://www.ville-martigues.fr/,0442802865,,, Boulevard JOLIOT CURIE 13500 MARTIGUES,MARTIGUES,25764,,,false,,SALON DE PROVENCE LOISIR,"https://monenfant.fr/que-recherchez-vous?structure=ALSH&location=Salon-de-Provence,%20Bouches-du-Rh%C3%B4ne,%20Provence-Alpes-C%C3%B4te%20d%27Azur,%20FRA&x=5.09895601003&y=43.640656495782&radius=30000"
07e8c5e2-267c-45a0-a071-c675f02277f2,40897667,ALSH,,ADO CENTRE SOCIAL FOSSEEN FOS SUR MER - MQ DU PONT DU ROY,http://www.csfosseen.fr,0442064161,,pontduroy@csfos.fr, Cité LAFARGE 13270 FOS SUR MER,FOS SUR MER,25801,,,false,,SALON DE PROVENCE LOISIR,"https://monenfant.fr/que-recherchez-vous?structure=ALSH&location=Salon-de-Provence,%20Bouches-du-Rh%C3%B4ne,%20Provence-Alpes-C%C3%B4te%20d%27Azur,%20FRA&x=5.09895601003&y=43.640656495782&radius=30000"
8f339f0f-4409-4ff8-8a0d-0f7efde42507,40897354,ALSH,,ESC CENTRE SOCIAL FOSSEEN FOS SUR MER - MQ DU PONT DU ROY,http://www.csfosseen.fr,0442064161,,pontduroy@csfos.fr, Cité LAFARGE 13270 FOS SUR MER,FOS SUR MER,25801,,,false,,SALON DE PROVENCE LOISIR,"https://monenfant.fr/que-recherchez-vous?structure=ALSH&location=Salon-de-Provence,%20Bouches-du-Rh%C3%B4ne,%20Provence-Alpes-C%C3%B4te%20d%27Azur,%20FRA&x=5.09895601003&y=43.640656495782&radius=30000"
a471c587-1480-494d-8592-381a313b451f,40897960,ALSH,,PSC MERC CENTRE SOCIAL FOSSEEN FOS SUR MER - MQ DU PONT DU ROY,http://www.csfosseen.fr,0442064161,,pontduroy@csfos.fr, Cité LAFARGE 13270 FOS SUR MER,FOS SUR MER,25801,,,false,,SALON DE PROVENCE LOISIR,"https://monenfant.fr/que-recherchez-vous?structure=ALSH&location=Salon-de-Provence,%20Bouches-du-Rh%C3%B4ne,%20Provence-Alpes-C%C3%B4te%20d%27Azur,%20FRA&x=5.09895601003&y=43.640656495782&radius=30000"
44e7bbb1-8eae-46af-a730-e0a779fa8eb9,27862828,ALSH,,ESC COMMUNE FOS SUR MER - MATERNELLES MARIE MAURON,http://www.fossurmer.fr/accueil-3.html,0675095013,,dir-acm-giono@mairie-fos-sur-mer.fr,3 Chemin de la Croix 13270 FOS SUR MER,FOS SUR MER,26046,,,false,,SALON DE PROVENCE LOISIR,"https://monenfant.fr/que-recherchez-vous?structure=ALSH&location=Salon-de-Provence,%20Bouches-du-Rh%C3%B4ne,%20Provence-Alpes-C%C3%B4te%20d%27Azur,%20FRA&x=5.09895601003&y=43.640656495782&radius=30000"
daf2a418-efdc-4b36-8e50-69f07388e8c2,39799398,ALSH,,PSC MERC COMMUNE FOS SUR MER - MATERNELLES MARIE MAURON / JEAN GIONO',http://www.fossurmer.fr/accueil-3.html,0675095013,,dir-acm-giono@mairie-fos-sur-mer.fr,3 Chemin de la Croix 13270 FOS SUR MER,FOS SUR MER,26046,,,false,,SALON DE PROVENCE LOISIR,"https://monenfant.fr/que-recherchez-vous?structure=ALSH&location=Salon-de-Provence,%20Bouches-du-Rh%C3%B4ne,%20Provence-Alpes-C%C3%B4te%20d%27Azur,%20FRA&x=5.09895601003&y=43.640656495782&radius=30000"
65090e0e-efa3-46ed-9930-351be1458ca7,39787667,ALSH,,ESC AACS MARTIGUES  -  EUGENIE COTTON,,0442803644,,c.eugeniecotton@gmail.com,1 Rue colonel denfert 13500 MARTIGUES,MARTIGUES,26086,,,false,,SALON DE PROVENCE LOISIR,"https://monenfant.fr/que-recherchez-vous?structure=ALSH&location=Salon-de-Provence,%20Bouches-du-Rh%C3%B4ne,%20Provence-Alpes-C%C3%B4te%20d%27Azur,%20FRA&x=5.09895601003&y=43.640656495782&radius=30000"
7f7e27a2-713d-42d3-aba3-ac69ece4deff,11032421,ALSH,,PSC MERC AACS MARTIGUES  -  EUGENIE COTTON,,0442803644,,c.eugeniecotton@gmail.com,1 Rue colonel denfert 13500 MARTIGUES,MARTIGUES,26086,,,false,,SALON DE PROVENCE LOISIR,"https://monenfant.fr/que-recherchez-vous?structure=ALSH&location=Salon-de-Provence,%20Bouches-du-Rh%C3%B4ne,%20Provence-Alpes-C%C3%B4te%20d%27Azur,%20FRA&x=5.09895601003&y=43.640656495782&radius=30000"
2f3ba52d-9a61-43f7-bd93-caedfb5cc59f,39786946,ALSH,,ESC AACS MARTIGUES  -  PARADIS ST ROCH,,0442493400,,csstroch@wanadoo.fr, Allée Edgar Degas 13500 MARTIGUES,MARTIGUES,26229,,,false,,SALON DE PROVENCE LOISIR,"https://monenfant.fr/que-recherchez-vous?structure=ALSH&location=Salon-de-Provence,%20Bouches-du-Rh%C3%B4ne,%20Provence-Alpes-C%C3%B4te%20d%27Azur,%20FRA&x=5.09895601003&y=43.640656495782&radius=30000"
092b0363-2699-421d-a759-f081a789ea63,11032249,ALSH,,PSC MERC AACS MARTIGUES  -  PARADIS ST ROCH,,0442493400,,csstroch@wanadoo.fr, Allée Edgar Degas 13500 MARTIGUES,MARTIGUES,26229,,,false,,SALON DE PROVENCE LOISIR,"https://monenfant.fr/que-recherchez-vous?structure=ALSH&location=Salon-de-Provence,%20Bouches-du-Rh%C3%B4ne,%20Provence-Alpes-C%C3%B4te%20d%27Azur,%20FRA&x=5.09895601003&y=43.640656495782&radius=30000"
dd8848ff-58cc-41b9-86d5-31c5563618e1,11032206,ALSH,,ESC AACS MARTIGUES  - JACQUES MELI,,0442493606,,csmeli@orange.fr, Avenue guy moquet 13500 MARTIGUES,MARTIGUES,26380,,,false,,SALON DE PROVENCE LOISIR,"https://monenfant.fr/que-recherchez-vous?structure=ALSH&location=Salon-de-Provence,%20Bouches-du-Rh%C3%B4ne,%20Provence-Alpes-C%C3%B4te%20d%27Azur,%20FRA&x=5.09895601003&y=43.640656495782&radius=30000"
a0475a53-2f51-44a1-8059-c6bb87e0558f,11032292,ALSH,,ESC AACS MARTIGUES  - JEANNE PISTOUN,,0442493505,,centresocialjeannepistoun@wanadoo.fr, Rue Robert Desnos Canto 13500 MARTIGUES,MARTIGUES,26442,,,false,,SALON DE PROVENCE LOISIR,"https://monenfant.fr/que-recherchez-vous?structure=ALSH&location=Salon-de-Provence,%20Bouches-du-Rh%C3%B4ne,%20Provence-Alpes-C%C3%B4te%20d%27Azur,%20FRA&x=5.09895601003&y=43.640656495782&radius=30000"
9717a6b6-851a-4406-815b-a78120864d79,39787576,ALSH,,ESC AACS MARTIGUES - LAVERA,,0442811111,,lavera@wanadoo.fr, Avenue Raymond Simi 13500 MARTIGUES,MARTIGUES,26442,,,false,,SALON DE PROVENCE LOISIR,"https://monenfant.fr/que-recherchez-vous?structure=ALSH&location=Salon-de-Provence,%20Bouches-du-Rh%C3%B4ne,%20Provence-Alpes-C%C3%B4te%20d%27Azur,%20FRA&x=5.09895601003&y=43.640656495782&radius=30000"
b4479b88-3e41-4603-8f16-8580b5870e82,21522073,ALSH,,MERC COMMUNE MARTIGUES - GROUPE SCOLAIRE  HENRI TRANCHIER,http://www.ville-martigues.fr/,0442801910,,, Avenue GUY MOQUET - CROIX-SAINTE 13500 MARTIGUES,MARTIGUES,26442,,,false,,SALON DE PROVENCE LOISIR,"https://monenfant.fr/que-recherchez-vous?structure=ALSH&location=Salon-de-Provence,%20Bouches-du-Rh%C3%B4ne,%20Provence-Alpes-C%C3%B4te%20d%27Azur,%20FRA&x=5.09895601003&y=43.640656495782&radius=30000"
8f0ca406-56e9-4a1e-b0b0-a349e8bc5bd4,39786880,ALSH,,PSC MERC  AACS MARTIGUES  - JACQUES MELI,,0442493606,,csmeli@orange.fr,  MAS DE POUANEL/CROIX SAINTE 13500 MARTIGUES,MARTIGUES,26442,,,false,,SALON DE PROVENCE LOISIR,"https://monenfant.fr/que-recherchez-vous?structure=ALSH&location=Salon-de-Provence,%20Bouches-du-Rh%C3%B4ne,%20Provence-Alpes-C%C3%B4te%20d%27Azur,%20FRA&x=5.09895601003&y=43.640656495782&radius=30000"
479bbbf8-efe8-4aaf-8484-f8d475042d0c,39787055,ALSH,,PSC MERC AACS MARTIGUES  - JEANNE PISTOUN,,0442493505,,centresocialjeannepistoun@wanadoo.fr, Rue Robert Desnos Canto 13500 MARTIGUES,MARTIGUES,26442,,,false,,SALON DE PROVENCE LOISIR,"https://monenfant.fr/que-recherchez-vous?structure=ALSH&location=Salon-de-Provence,%20Bouches-du-Rh%C3%B4ne,%20Provence-Alpes-C%C3%B4te%20d%27Azur,%20FRA&x=5.09895601003&y=43.640656495782&radius=30000"
ee3052a0-17a3-412a-bc2b-4ed4dd880d2c,11032120,ALSH,,PSC MERC AACS MARTIGUES - LAVERA,,0442811111,,lavera@wanadoo.fr, Avenue Raymond Simi 13500 MARTIGUES,MARTIGUES,26442,,,false,,SALON DE PROVENCE LOISIR,"https://monenfant.fr/que-recherchez-vous?structure=ALSH&location=Salon-de-Provence,%20Bouches-du-Rh%C3%B4ne,%20Provence-Alpes-C%C3%B4te%20d%27Azur,%20FRA&x=5.09895601003&y=43.640656495782&radius=30000"
5ff7a333-7103-43fd-994c-096c263e32e7,22157872,ALSH,,ESC LES AMARANTES PORT DE BOUC,,0442065985,,centresocialbrel@wanadoo.fr, Quartier LES AMARANTES 13110 PORT DE BOUC,PORT DE BOUC,26520,,,false,,SALON DE PROVENCE LOISIR,"https://monenfant.fr/que-recherchez-vous?structure=ALSH&location=Salon-de-Provence,%20Bouches-du-Rh%C3%B4ne,%20Provence-Alpes-C%C3%B4te%20d%27Azur,%20FRA&x=5.09895601003&y=43.640656495782&radius=30000"
b733a340-f45e-4c13-9d32-20fd9196e77e,39843195,ALSH,,PSC MERC COMMUNE DE NOVES  - LOUISE MICHEL,,0490244323,,foyerdesjeunes.noves@wanadoo.fr, Avenue françois Marcel Roudier 13550 NOVES,NOVES,26692,,,false,,SALON DE PROVENCE LOISIR,"https://monenfant.fr/que-recherchez-vous?structure=ALSH&location=Salon-de-Provence,%20Bouches-du-Rh%C3%B4ne,%20Provence-Alpes-C%C3%B4te%20d%27Azur,%20FRA&x=5.09895601003&y=43.640656495782&radius=30000"
bd437e49-3224-4bf4-9e44-9b194de142df,39796824,ALSH,,ADO AJ LUCIA TICHADOU AASEC PORT - AJ LUCIA TICHADOU,,0442064633,,asec740@orange.fr,  RES LES COMTES 13110 PORT DE BOUC,PORT DE BOUC,26796,,,false,,SALON DE PROVENCE LOISIR,"https://monenfant.fr/que-recherchez-vous?structure=ALSH&location=Salon-de-Provence,%20Bouches-du-Rh%C3%B4ne,%20Provence-Alpes-C%C3%B4te%20d%27Azur,%20FRA&x=5.09895601003&y=43.640656495782&radius=30000"
9e66c474-3672-403a-8545-79fc0ad23cc9,21763147,ALSH,,PSC CHATEAUNEUF LES MARTIGUES  - MARIE MAURON',https://chateauneuf-les-martigues.espace-famille.net:chateauneuf-les-martigues:index.do,0442769025,,service.education@chateauneuf-les-martigues.fr, Avenue Saint MEDARD 13220 CHATEAUNEUF LES MARTIGUES,CHATEAUNEUF LES MARTIGUES,26861,,,false,,SALON DE PROVENCE LOISIR,"https://monenfant.fr/que-recherchez-vous?structure=ALSH&location=Salon-de-Provence,%20Bouches-du-Rh%C3%B4ne,%20Provence-Alpes-C%C3%B4te%20d%27Azur,%20FRA&x=5.09895601003&y=43.640656495782&radius=30000"
822b3640-9e30-4f9b-a2a6-8aa03afcb6e1,10821064,ALSH,,ADO AJ LUCIA TICHADOU AASEC PORT - ACM MARMORA,,0442064633,,asec740@orange.fr, Avenue JOSEPH MILLAT 13110 PORT DE BOUC,PORT DE BOUC,26928,,,false,,SALON DE PROVENCE LOISIR,"https://monenfant.fr/que-recherchez-vous?structure=ALSH&location=Salon-de-Provence,%20Bouches-du-Rh%C3%B4ne,%20Provence-Alpes-C%C3%B4te%20d%27Azur,%20FRA&x=5.09895601003&y=43.640656495782&radius=30000"
805eaeda-753f-4b2b-921f-19b1316c77ad,39796872,ALSH,,ESC LUCIA TICHADOU C MARMORAT PORT,,0442064633,,asec740@orange.fr, Avenue JOSEPH MILLAT 13110 PORT DE BOUC,PORT DE BOUC,26928,,,false,,SALON DE PROVENCE LOISIR,"https://monenfant.fr/que-recherchez-vous?structure=ALSH&location=Salon-de-Provence,%20Bouches-du-Rh%C3%B4ne,%20Provence-Alpes-C%C3%B4te%20d%27Azur,%20FRA&x=5.09895601003&y=43.640656495782&radius=30000"
7811bc17-150d-4fd8-8d2a-e76dad4f6e69,39796915,ALSH,,PSC MERC LUCIA TICHADOU C MARMORAT PORT DE BOUC,,0442064633,,asec740@orange.fr, Avenue JOSEPH MILLAT 13110 PORT DE BOUC,PORT DE BOUC,26928,,,false,,SALON DE PROVENCE LOISIR,"https://monenfant.fr/que-recherchez-vous?structure=ALSH&location=Salon-de-Provence,%20Bouches-du-Rh%C3%B4ne,%20Provence-Alpes-C%C3%B4te%20d%27Azur,%20FRA&x=5.09895601003&y=43.640656495782&radius=30000"
7d006b4e-0c46-4fcf-a9cb-af45ca9f2230,21431082,ALSH,,ESC FAM RURALES BDR PARADOU  -ACM,http://www.famillesrurales.org/bouches-du-rhone,0607415176,,alsh.paradou@gmail.com, Route Saint Roch 13520 PARADOU,PARADOU,26983,,,false,,SALON DE PROVENCE LOISIR,"https://monenfant.fr/que-recherchez-vous?structure=ALSH&location=Salon-de-Provence,%20Bouches-du-Rh%C3%B4ne,%20Provence-Alpes-C%C3%B4te%20d%27Azur,%20FRA&x=5.09895601003&y=43.640656495782&radius=30000"
96a51e63-6e9f-43fc-aaac-6c0207841d2d,39827887,ALSH,,MERC  FAM RURALES BDR PARADOU  - ACM,http://www.famillesrurales.org/bouches-du-rhone,0607415176,,alsh.paradou@gmail.com, Route Saint Roch 13520 PARADOU,PARADOU,26983,,,false,,SALON DE PROVENCE LOISIR,"https://monenfant.fr/que-recherchez-vous?structure=ALSH&location=Salon-de-Provence,%20Bouches-du-Rh%C3%B4ne,%20Provence-Alpes-C%C3%B4te%20d%27Azur,%20FRA&x=5.09895601003&y=43.640656495782&radius=30000"
fd58b33f-a0ab-45f5-9b4c-7a259541b010,11032378,ALSH,,PSC MERC AACS MARTIGUES -  JONQUIERES,,0442070601,,centre.social.jonquieres@wanadoo.fr, Place du 8 %Mai 1945 13500 MARTIGUES,MARTIGUES,27064,,,false,,SALON DE PROVENCE LOISIR,"https://monenfant.fr/que-recherchez-vous?structure=ALSH&location=Salon-de-Provence,%20Bouches-du-Rh%C3%B4ne,%20Provence-Alpes-C%C3%B4te%20d%27Azur,%20FRA&x=5.09895601003&y=43.640656495782&radius=30000"
aa0caa83-d538-4ddb-aa5d-112d90969842,41213016,ALSH,,ESC-EEUDF-13006 - GROUPE  LOCAL MARIN MISTRAL,https://eeudf.org,0142705220,,sn@eeudf.org,2 Route SAINT PIERRE 13500 MARTIGUES,MARTIGUES,27167,,,false,,SALON DE PROVENCE LOISIR,"https://monenfant.fr/que-recherchez-vous?structure=ALSH&location=Salon-de-Provence,%20Bouches-du-Rh%C3%B4ne,%20Provence-Alpes-C%C3%B4te%20d%27Azur,%20FRA&x=5.09895601003&y=43.640656495782&radius=30000"
8f3a6f49-b489-4c4d-8638-77598f4748d5,33402361,ALSH,,AJ COMMUNE DE CABANNES  - ESPACE ADOS,https://www.mairie-cabannes.fr/,0490904795,,enfance.jeunesse@mairie-cabannes.fr,1 Boulevard Saint Michel 13440 CABANNES,CABANNES,27175,,,false,,SALON DE PROVENCE LOISIR,"https://monenfant.fr/que-recherchez-vous?structure=ALSH&location=Salon-de-Provence,%20Bouches-du-Rh%C3%B4ne,%20Provence-Alpes-C%C3%B4te%20d%27Azur,%20FRA&x=5.09895601003&y=43.640656495782&radius=30000"
052ae9f5-39d4-4f20-a33c-9f6aa19e69d9,26463375,ALSH,,ADO AJ COMMUNE ST REMY DE PROVENCE -,,0490900123,,jeunesse@mairie-saintremydeprovence.fr,11 bis Avenue Felix Gras 13210 ST REMY DE PROVENCE,ST REMY DE PROVENCE,27200,,,false,,SALON DE PROVENCE LOISIR,"https://monenfant.fr/que-recherchez-vous?structure=ALSH&location=Salon-de-Provence,%20Bouches-du-Rh%C3%B4ne,%20Provence-Alpes-C%C3%B4te%20d%27Azur,%20FRA&x=5.09895601003&y=43.640656495782&radius=30000"
b1026b7f-364d-429e-a846-faa16dd30292,21346333,ALSH,,ESC COMMUNE CABANNES -  LES MARMOUSSETS',http://www.mairie-cabannes.fr,0490952801,,les.marmoussets@mairie-cabannes.fr, Avenue clothilde Parisot - Place du Lavoir 13440 CABANNES,CABANNES,27287,,,false,,SALON DE PROVENCE LOISIR,"https://monenfant.fr/que-recherchez-vous?structure=ALSH&location=Salon-de-Provence,%20Bouches-du-Rh%C3%B4ne,%20Provence-Alpes-C%C3%B4te%20d%27Azur,%20FRA&x=5.09895601003&y=43.640656495782&radius=30000"
02840844-bad8-4136-92fe-fd2124db8ba9,39996421,ALSH,,MERC COMMUNE CABANNES -  LES MARMOUSSETS',http://www.mairie-cabannes.fr,0490952801,,les.marmoussets@mairie-cabannes.fr, Avenue clothilde Parisot - Place du Lavoir 13440 CABANNES,CABANNES,27287,,,false,,SALON DE PROVENCE LOISIR,"https://monenfant.fr/que-recherchez-vous?structure=ALSH&location=Salon-de-Provence,%20Bouches-du-Rh%C3%B4ne,%20Provence-Alpes-C%C3%B4te%20d%27Azur,%20FRA&x=5.09895601003&y=43.640656495782&radius=30000"
28c29521-43ed-4d85-9b6b-b7bfac46410a,22033813,ALSH,,MERC MAS NICOLAS ST REMY DE PROVENCE -CENTRE DE LOISIRS,,0490925170,,alshmasnicolas@hotmail.fr,14 Rue Renée de la Comble 13210 ST REMY DE PROVENCE,ST REMY DE PROVENCE,27385,,,false,,SALON DE PROVENCE LOISIR,"https://monenfant.fr/que-recherchez-vous?structure=ALSH&location=Salon-de-Provence,%20Bouches-du-Rh%C3%B4ne,%20Provence-Alpes-C%C3%B4te%20d%27Azur,%20FRA&x=5.09895601003&y=43.640656495782&radius=30000"
6c0dd262-2b4b-4fb4-ba89-adc845df417f,40762760,ALSH,,ESC MAS NICOLAS ST REMY DE PROVENCE - CENTRE DE LOISIRS,,0490925170,,alshmasnicolas@hotmail.fr,4 Rue Renée de la Comble 13210 ST REMY DE PROVENCE,ST REMY DE PROVENCE,27407,,,false,,SALON DE PROVENCE LOISIR,"https://monenfant.fr/que-recherchez-vous?structure=ALSH&location=Salon-de-Provence,%20Bouches-du-Rh%C3%B4ne,%20Provence-Alpes-C%C3%B4te%20d%27Azur,%20FRA&x=5.09895601003&y=43.640656495782&radius=30000"
53dbe65f-9223-4d37-a51a-123dd8ca52e0,11032464,ALSH,,AJ LA MAISON DE BOUDEME-PISTOUN - AJ LA MAISON DE BOUDEME,,0442810630,,csboudeme@wanadoo.fr, Rue Gustave Eiffel 13500 MARTIGUES,MARTIGUES,27424,,,false,,SALON DE PROVENCE LOISIR,"https://monenfant.fr/que-recherchez-vous?structure=ALSH&location=Salon-de-Provence,%20Bouches-du-Rh%C3%B4ne,%20Provence-Alpes-C%C3%B4te%20d%27Azur,%20FRA&x=5.09895601003&y=43.640656495782&radius=30000"
3c700866-91e7-4832-8829-06db54b5f7ec,39967577,ALSH,,ESC AACS MARTIGUES  - CS DE BOUDEME,,0442810630,,csboudeme@wanadoo.fr, Rue Gustave Eiffel 13500 MARTIGUES,MARTIGUES,27424,,,false,,SALON DE PROVENCE LOISIR,"https://monenfant.fr/que-recherchez-vous?structure=ALSH&location=Salon-de-Provence,%20Bouches-du-Rh%C3%B4ne,%20Provence-Alpes-C%C3%B4te%20d%27Azur,%20FRA&x=5.09895601003&y=43.640656495782&radius=30000"
3054b36b-4620-4fa1-bcd3-40cd52ff864d,39967624,ALSH,,PSC MERC  AACS MARTIGUES  - CS DE BOUDEME,,0442810630,,csboudeme@wanadoo.fr, Rue Gustave Eiffel 13500 MARTIGUES,MARTIGUES,27424,,,false,,SALON DE PROVENCE LOISIR,"https://monenfant.fr/que-recherchez-vous?structure=ALSH&location=Salon-de-Provence,%20Bouches-du-Rh%C3%B4ne,%20Provence-Alpes-C%C3%B4te%20d%27Azur,%20FRA&x=5.09895601003&y=43.640656495782&radius=30000"
de6473b9-ec1e-46d0-8559-1b1105f42d13,26450475,ALSH,,ESC ELSA TRIOLET PORT DE BOUC,,0442066097,,ajes-asso@sfr.fr, Rue Charles Nedelec 13110 PORT DE BOUC,PORT DE BOUC,27662,,,false,,SALON DE PROVENCE LOISIR,"https://monenfant.fr/que-recherchez-vous?structure=ALSH&location=Salon-de-Provence,%20Bouches-du-Rh%C3%B4ne,%20Provence-Alpes-C%C3%B4te%20d%27Azur,%20FRA&x=5.09895601003&y=43.640656495782&radius=30000"
86edbb79-005c-40de-a7b4-bb120bc9dfc5,39998921,ALSH,,MERC ELSA TRIOLET PORT DE BOUC,,0442066097,,ajes-asso@sfr.fr, Rue Charles Nedelec 13110 PORT DE BOUC,PORT DE BOUC,27662,,,false,,SALON DE PROVENCE LOISIR,"https://monenfant.fr/que-recherchez-vous?structure=ALSH&location=Salon-de-Provence,%20Bouches-du-Rh%C3%B4ne,%20Provence-Alpes-C%C3%B4te%20d%27Azur,%20FRA&x=5.09895601003&y=43.640656495782&radius=30000"
6f21bf38-ae54-4e6f-8f54-de03ee5d128a,21439707,ALSH,,ESC LUCIE AUBRAC PORT DE BOUC,,0442354390,,centredeloisirs@portdebouc.fr,28 Boulevard dominique nicotra 13110 PORT DE BOUC,PORT DE BOUC,27743,,,false,,SALON DE PROVENCE LOISIR,"https://monenfant.fr/que-recherchez-vous?structure=ALSH&location=Salon-de-Provence,%20Bouches-du-Rh%C3%B4ne,%20Provence-Alpes-C%C3%B4te%20d%27Azur,%20FRA&x=5.09895601003&y=43.640656495782&radius=30000"
0b36539e-8a14-4b60-bd92-cc0cdf792b6f,39998982,ALSH,,PSC MERC  LUCIE AUBRAC PORT DE BOUC,,0442354390,,centredeloisirs@portdebouc.fr,28 Boulevard dominique nicotra 13110 PORT DE BOUC,PORT DE BOUC,27743,,,false,,SALON DE PROVENCE LOISIR,"https://monenfant.fr/que-recherchez-vous?structure=ALSH&location=Salon-de-Provence,%20Bouches-du-Rh%C3%B4ne,%20Provence-Alpes-C%C3%B4te%20d%27Azur,%20FRA&x=5.09895601003&y=43.640656495782&radius=30000"
3fbf9b02-3a02-4d5d-8fb2-54ebda6c046a,10666404,ALSH,,"ALSH ""DE LAGNES""",,0490865862,,francas.vaucluse@gmail.com,248 Rue de la République 84800 LAGNES,LAGNES,27952,,,false,,SALON DE PROVENCE LOISIR,"https://monenfant.fr/que-recherchez-vous?structure=ALSH&location=Salon-de-Provence,%20Bouches-du-Rh%C3%B4ne,%20Provence-Alpes-C%C3%B4te%20d%27Azur,%20FRA&x=5.09895601003&y=43.640656495782&radius=30000"
65c367b1-7cca-49de-a95a-45f9583b8b1d,21432602,ALSH,,PÉRISCOLAIRE CABRIÈRES D'AVIGNON - LAGNES,,0490865862,,francas.vaucluse@gmail.com,248 Rue de la République 84800 LAGNES,LAGNES,27952,,,false,,SALON DE PROVENCE LOISIR,"https://monenfant.fr/que-recherchez-vous?structure=ALSH&location=Salon-de-Provence,%20Bouches-du-Rh%C3%B4ne,%20Provence-Alpes-C%C3%B4te%20d%27Azur,%20FRA&x=5.09895601003&y=43.640656495782&radius=30000"
bfdc2eef-5ce3-4a28-bce6-8871873d415c,10972909,ALSH,,CENTRE SOCIAL FABIEN MENOT,https://csfabienmenot.org/,0613561252,,coordinateur.ejf.menot@gmail.com,29 Rue Turenne 13110 PORT DE BOUC,PORT DE BOUC,28157,,,false,,SALON DE PROVENCE LOISIR,"https://monenfant.fr/que-recherchez-vous?structure=ALSH&location=Salon-de-Provence,%20Bouches-du-Rh%C3%B4ne,%20Provence-Alpes-C%C3%B4te%20d%27Azur,%20FRA&x=5.09895601003&y=43.640656495782&radius=30000"
c8efc402-f381-43e2-a8f5-f057690fcfb2,40398950,ALSH,,CENTRE SOCIAL FABIEN MENOT PORT DE BOUC,https://csfabienmenot.org/,0442062506,,direction.menot@gmail.com,29 Rue Turenne 13110 PORT DE BOUC,PORT DE BOUC,28157,,,false,,SALON DE PROVENCE LOISIR,"https://monenfant.fr/que-recherchez-vous?structure=ALSH&location=Salon-de-Provence,%20Bouches-du-Rh%C3%B4ne,%20Provence-Alpes-C%C3%B4te%20d%27Azur,%20FRA&x=5.09895601003&y=43.640656495782&radius=30000"
5eb6ba08-8a9b-420d-b454-a6b732e224a5,39999091,ALSH,,PSC LES AIGUES DOUCES PORT DE BOUC,,0442062506,,fabienmenot@orange.fr,15 Rue Turenne 13110 PORT DE BOUC,PORT DE BOUC,28157,,,false,,SALON DE PROVENCE LOISIR,"https://monenfant.fr/que-recherchez-vous?structure=ALSH&location=Salon-de-Provence,%20Bouches-du-Rh%C3%B4ne,%20Provence-Alpes-C%C3%B4te%20d%27Azur,%20FRA&x=5.09895601003&y=43.640656495782&radius=30000"
bf4be411-9a5b-4e41-a3c5-5e71035adc22,39999182,ALSH,,PSC LES AMARANTES PORT DE BOUC,,0442065985,,centresocialbrel@wanadoo.fr, Rue TURENNE 13110 PORT DE BOUC,PORT DE BOUC,28157,,,false,,SALON DE PROVENCE LOISIR,"https://monenfant.fr/que-recherchez-vous?structure=ALSH&location=Salon-de-Provence,%20Bouches-du-Rh%C3%B4ne,%20Provence-Alpes-C%C3%B4te%20d%27Azur,%20FRA&x=5.09895601003&y=43.640656495782&radius=30000"
eb19f447-0b87-489e-b9e4-ebcda68c0b91,21444128,ALSH,,ESC SIVU DE VILLARGELLE NOVES - 3-14 ANS,http://www.villargelle.fr,0490941247,,enfanceloisirsvillargelle@orange.fr, Domaine de Villargelle 13550 NOVES,NOVES,28309,,,false,,SALON DE PROVENCE LOISIR,"https://monenfant.fr/que-recherchez-vous?structure=ALSH&location=Salon-de-Provence,%20Bouches-du-Rh%C3%B4ne,%20Provence-Alpes-C%C3%B4te%20d%27Azur,%20FRA&x=5.09895601003&y=43.640656495782&radius=30000"
4dda7248-6c17-4a3e-a4e4-a48e0117c307,41029473,ALSH,,ESC MAS NICOLAS ST REMY DE PROVENCE -ECOLE PRIMAIRE DE L'ARGELIER,,0490925170,,alshmasnicolas@hotmail.fr, Route D'AVIGNON 13210 ST REMY DE PROVENCE,ST REMY DE PROVENCE,28583,,,false,,SALON DE PROVENCE LOISIR,"https://monenfant.fr/que-recherchez-vous?structure=ALSH&location=Salon-de-Provence,%20Bouches-du-Rh%C3%B4ne,%20Provence-Alpes-C%C3%B4te%20d%27Azur,%20FRA&x=5.09895601003&y=43.640656495782&radius=30000"
3b9d6086-3a73-4f16-a603-aaf591be487f,12760744,EAJE,,MICRO-CRÊCHE ''LA RIBAMBELLE'',http://www.cotelub.fr,0490771365,,laribambelle@cotelub-spl.fr, Rue Bourgade 84240 LA BASTIDE DES JOURDANS,LA BASTIDE DES JOURDANS,14397,NR,,false,,PERTUIS CRECHE,"https://monenfant.fr/que-recherchez-vous?structure=EAJE&location=Pertuis,%20Vaucluse,%20Provence-Alpes-C%C3%B4te%20d%27Azur,%20FRA&x=5.503105877061&y=43.694632089555&radius=30000"
8560fc5c-7e86-4e77-bf8b-8445658c2182,45618185,EAJE,,CRÈCHE LA BALEINE BLEUE,https://www.paysapt-luberon.fr,0492777867,,creche.bb@paysapt-luberon.fr, Place Dénéral de Gaulle 04280 CERESTE,CERESTE,19301,NR,,false,,PERTUIS CRECHE,"https://monenfant.fr/que-recherchez-vous?structure=EAJE&location=Pertuis,%20Vaucluse,%20Provence-Alpes-C%C3%B4te%20d%27Azur,%20FRA&x=5.503105877061&y=43.694632089555&radius=30000"
27c88c1d-e9f6-460a-8182-658233b44f96,45660272,EAJE,,"MULTI-ACCUEIL ""APTIPAS""",https://www.igesa.fr,0490740651,,, Cité Saint Michel 84400 APT,APT,19886,NR,,false,,PERTUIS CRECHE,"https://monenfant.fr/que-recherchez-vous?structure=EAJE&location=Pertuis,%20Vaucluse,%20Provence-Alpes-C%C3%B4te%20d%27Azur,%20FRA&x=5.503105877061&y=43.694632089555&radius=30000"
24485536-8b29-4670-a30b-ad3a5e40dbfe,12741394,EAJE,,"MULTI-ACCUEIL ""LES PITCHOUNS DU LUBERON""",,0490757187,,creche.lespitchounsduluberon@cc-paysapt-luberon.fr, Quartier Labaud 84750 CASENEUVE,CASENEUVE,21230,NR,,false,,PERTUIS CRECHE,"https://monenfant.fr/que-recherchez-vous?structure=EAJE&location=Pertuis,%20Vaucluse,%20Provence-Alpes-C%C3%B4te%20d%27Azur,%20FRA&x=5.503105877061&y=43.694632089555&radius=30000"
e2d49416-eb62-4098-958d-d39ae6c9b19c,12900674,EAJE,,"MULTI-ACCUEIL MAC MAF ""LE NID""",,0490719683,,creche-lenid@cc-paysapt-luberon.fr,126 Boulevard Elzéar Pin 84400 APT,APT,21574,NR,,false,,PERTUIS CRECHE,"https://monenfant.fr/que-recherchez-vous?structure=EAJE&location=Pertuis,%20Vaucluse,%20Provence-Alpes-C%C3%B4te%20d%27Azur,%20FRA&x=5.503105877061&y=43.694632089555&radius=30000"
6f7cb637-5a92-489d-9e65-2d86493fe140,12741480,EAJE,,"ACCUEIL FAMILIAL ""MAC MAF""",,0490055787,,creche.accueilfamilial@cc-paysapt-luberon.fr, Voie Domitienne - Maison de la petite enfance 84400 APT,APT,22472,NR,,false,,PERTUIS CRECHE,"https://monenfant.fr/que-recherchez-vous?structure=EAJE&location=Pertuis,%20Vaucluse,%20Provence-Alpes-C%C3%B4te%20d%27Azur,%20FRA&x=5.503105877061&y=43.694632089555&radius=30000"
611ea0b7-2707-4598-8851-b37c2a349950,12741437,EAJE,,"MULTI-ACCUEIL ""LA CHRYSALIDE""",,0490055786,,creche.chrysalide@cc-paysapt-luberon.fr, Voie Domitienne - Maison de la Petite enfance 84400 APT,APT,22472,NR,,false,,PERTUIS CRECHE,"https://monenfant.fr/que-recherchez-vous?structure=EAJE&location=Pertuis,%20Vaucluse,%20Provence-Alpes-C%C3%B4te%20d%27Azur,%20FRA&x=5.503105877061&y=43.694632089555&radius=30000"
cd5db3e4-894b-4a30-8af3-c986df8fca31,71107616,EAJE,,MICRO-CRÈCHE LIBR'ÉVEIL,https://www.mc-libreveil.fr,0967483649,,contact@mc-libreveil.fr,6 Chemin de la Burlière 04860 PIERREVERT,PIERREVERT,23549,NR,,false,,PERTUIS CRECHE,"https://monenfant.fr/que-recherchez-vous?structure=EAJE&location=Pertuis,%20Vaucluse,%20Provence-Alpes-C%C3%B4te%20d%27Azur,%20FRA&x=5.503105877061&y=43.694632089555&radius=30000"
308a6ed9-7988-498b-a178-87e2ce7db1cc,12872165,EAJE,,LA COMPAGNIE DES PETITES MAINS,,0492782113,,csm@mairie-saintetulle.fr, Avenue de la république 04220 STE TULLE,STE TULLE,23573,NR,,false,,PERTUIS CRECHE,"https://monenfant.fr/que-recherchez-vous?structure=EAJE&location=Pertuis,%20Vaucluse,%20Provence-Alpes-C%C3%B4te%20d%27Azur,%20FRA&x=5.503105877061&y=43.694632089555&radius=30000"
20129b4a-8acf-45ed-8a9d-410c39d5dfa9,12923464,EAJE,,LES P'TITS RENARDEAUX,,0465100462,,, Chemin de Resplandin 04860 PIERREVERT,PIERREVERT,24395,NR,,false,,PERTUIS CRECHE,"https://monenfant.fr/que-recherchez-vous?structure=EAJE&location=Pertuis,%20Vaucluse,%20Provence-Alpes-C%C3%B4te%20d%27Azur,%20FRA&x=5.503105877061&y=43.694632089555&radius=30000"
feb0c6f3-a14c-4bb0-a992-69b38e79bb0a,12879991,EAJE,,LA MAISONNETTE,,0492764249,,creche.reillanne@gmx.fr, Chemin du stade 04110 REILLANNE,REILLANNE,24464,NR,,false,,PERTUIS CRECHE,"https://monenfant.fr/que-recherchez-vous?structure=EAJE&location=Pertuis,%20Vaucluse,%20Provence-Alpes-C%C3%B4te%20d%27Azur,%20FRA&x=5.503105877061&y=43.694632089555&radius=30000"
63888c17-3291-42fc-9e63-4e0019548897,12627556,EAJE,,LES ABEILLONS,https://www.vinon-sur-verdon.fr/enfance-et-scolarite/creche-les-abeillons/,0492788787,,garderiedesabeillons@gmail.com,21 Chemin De pas de Menc 83560 VINON SUR VERDON,VINON SUR VERDON,24813,NR,,false,,PERTUIS CRECHE,"https://monenfant.fr/que-recherchez-vous?structure=EAJE&location=Pertuis,%20Vaucluse,%20Provence-Alpes-C%C3%B4te%20d%27Azur,%20FRA&x=5.503105877061&y=43.694632089555&radius=30000"
dcbc3a70-e750-4e2e-94db-0c251e773413,12741523,EAJE,,"MULTI-ACCUEIL ""LA BOÎTE À MALICE""",,0432501002,,creche.laboiteamalice@cc-paysapt-luberon.fr,137 Rue de la Plantade 84400 GARGAS,GARGAS,26005,NR,,false,,PERTUIS CRECHE,"https://monenfant.fr/que-recherchez-vous?structure=EAJE&location=Pertuis,%20Vaucluse,%20Provence-Alpes-C%C3%B4te%20d%27Azur,%20FRA&x=5.503105877061&y=43.694632089555&radius=30000"
4e72dd7d-80b5-484f-a2f7-076fc76dab8c,12741566,EAJE,,MUTLI-ACCUEIL ''LE LIÈVRE ET LA TORTUE'',,0490726889,,creche.lelievreetlatortue@cc-paysapt-luberon.fr, Chemin des Lièvres 84220 GOULT,GOULT,26076,NR,,false,,PERTUIS CRECHE,"https://monenfant.fr/que-recherchez-vous?structure=EAJE&location=Pertuis,%20Vaucluse,%20Provence-Alpes-C%C3%B4te%20d%27Azur,%20FRA&x=5.503105877061&y=43.694632089555&radius=30000"
ef0ea6ee-ab3d-4b60-8c98-e0c0bc9d6bbc,12602788,EAJE,,POMME D'API,,0492872376,,pommedapi04@outlook.com,  La Trinque d'Isnard. Appartement 65. Bâtiment 2 04100 MANOSQUE,MANOSQUE,26312,NR,,false,,PERTUIS CRECHE,"https://monenfant.fr/que-recherchez-vous?structure=EAJE&location=Pertuis,%20Vaucluse,%20Provence-Alpes-C%C3%B4te%20d%27Azur,%20FRA&x=5.503105877061&y=43.694632089555&radius=30000"
8e8332e9-3f89-4625-88ea-48493d4152b1,12602831,EAJE,,LES PETITES PLANÈTES,https://www.ville-manosque.fr/,0492703576,,eblanc@ville-manosque.fr, Parc de Drouille 04100 MANOSQUE,MANOSQUE,27064,NR,,false,,PERTUIS CRECHE,"https://monenfant.fr/que-recherchez-vous?structure=EAJE&location=Pertuis,%20Vaucluse,%20Provence-Alpes-C%C3%B4te%20d%27Azur,%20FRA&x=5.503105877061&y=43.694632089555&radius=30000"
3dfbfa72-9ba3-4c99-ac25-1e7f369de9e0,41784054,EAJE,,MULTI-ACCUEIL FAMILIAL L'EXPLORATEUR,https://www.ville-manosque.fr/,0492703866,,cbonomi@ville-manosque.fr, Parc De Drouille 04100 MANOSQUE,MANOSQUE,27064,NR,,false,,PERTUIS CRECHE,"https://monenfant.fr/que-recherchez-vous?structure=EAJE&location=Pertuis,%20Vaucluse,%20Provence-Alpes-C%C3%B4te%20d%27Azur,%20FRA&x=5.503105877061&y=43.694632089555&radius=30000"
077d715f-5fe8-444c-ba2b-a6be95b42086,12140520,RPE,,RPE DU PAYS D'APT,https://www.paysapt-luberon.fr,0486692606,,rpe@paysapt-luberon.fr,Voie Domitienne - Maison de la Petite Enfance 84400 APT,APT,22472,,,false,,PERTUIS RELAIS ET PARENT,"https://monenfant.fr/que-recherchez-vous?structure=RPE;LAEP&location=Pertuis,%20Vaucluse,%20Provence-Alpes-C%C3%B4te%20d%27Azur,%20FRA&x=5.503105877061&y=43.694632089555&radius=30000"
11abf465-5b34-4c6e-a2f5-6cac61e0bad0,12343194,LAEP,,"LAEP ""LA PETITE MAISON""",https://www.paysapt-luberon.fr,0670463279,,laep@paysapt-luberon.fr,Voie Domitienne 84400 APT,APT,22593,,,false,,PERTUIS RELAIS ET PARENT,"https://monenfant.fr/que-recherchez-vous?structure=RPE;LAEP&location=Pertuis,%20Vaucluse,%20Provence-Alpes-C%C3%B4te%20d%27Azur,%20FRA&x=5.503105877061&y=43.694632089555&radius=30000"
d16b3769-3afe-496d-b635-168397ca31d7,12349166,LAEP,,CAFE BEBE,http://hautvarverdon.centres-sociaux.fr,0492793462,,csc.maisondupartage@orange.fr,162 Avenue DE LA LIBERATION 83560 VINON SUR VERDON,VINON SUR VERDON,25167,,,false,,PERTUIS RELAIS ET PARENT,"https://monenfant.fr/que-recherchez-vous?structure=RPE;LAEP&location=Pertuis,%20Vaucluse,%20Provence-Alpes-C%C3%B4te%20d%27Azur,%20FRA&x=5.503105877061&y=43.694632089555&radius=30000"
f1512b25-18aa-45a7-9122-8d33a18a4381,12328531,LAEP,,LAEP PATATI PATATA,http://ville-manosque.fr/petite-enfance/,0492703577,,maubert@ville-manosque.fr, Place Marcel Pagnol 04100 MANOSQUE,MANOSQUE,27367,,,false,,PERTUIS RELAIS ET PARENT,"https://monenfant.fr/que-recherchez-vous?structure=RPE;LAEP&location=Pertuis,%20Vaucluse,%20Provence-Alpes-C%C3%B4te%20d%27Azur,%20FRA&x=5.503105877061&y=43.694632089555&radius=30000"
ca3af7d1-caff-428f-b570-2f39bdd47599,29485157,RPE,,RPE  DLVA ANTENNE MANOSQUE,https://www.dlva.fr/mon-agglo-au-quotidien/enfance-famille/ram/,0492728974,,iribert@dlva.fr,"Pôle Petite Enfance ""La Farandole"" Parc De Drouille 04100 MANOSQUE",MANOSQUE,27955,,,false,,PERTUIS RELAIS ET PARENT,"https://monenfant.fr/que-recherchez-vous?structure=RPE;LAEP&location=Pertuis,%20Vaucluse,%20Provence-Alpes-C%C3%B4te%20d%27Azur,%20FRA&x=5.503105877061&y=43.694632089555&radius=30000"
89b16b1d-7a89-4027-8832-e8a4a0d1865c,12118827,RPE,,LEI BELUGO,,0615501256,,ram.leibelugo.83@gmail.com, Place du Dr Richaud 83560 GINASSERVIS,GINASSERVIS,27967,,,false,,PERTUIS RELAIS ET PARENT,"https://monenfant.fr/que-recherchez-vous?structure=RPE;LAEP&location=Pertuis,%20Vaucluse,%20Provence-Alpes-C%C3%B4te%20d%27Azur,%20FRA&x=5.503105877061&y=43.694632089555&radius=30000"
809393f2-866b-4b31-90e0-5bc5fcdb02a2,22352868,ALSH,,"ALSH PÉRISCOLAIRE TAPS ""LES GRANDES FERRAGES",,0490080105,,accueil.bdp84@orange.fr, Avenue de Verdun – Mairie 84120 BEAUMONT DE PERTUIS,BEAUMONT DE PERTUIS,15823,,,false,,PERTUIS LOISIR,"https://monenfant.fr/que-recherchez-vous?structure=ALSH&location=Pertuis,%20Vaucluse,%20Provence-Alpes-C%C3%B4te%20d%27Azur,%20FRA&x=5.503105877061&y=43.694632089555&radius=30000"
5ceabfcc-f546-4ea3-a484-6b3f737f8991,10666318,ALSH,,"ALSH ""LE BOISSET""",,0490752008,,mairiedessaintmartindecastillon@orange.fr,  Le Boisset 84750 ST MARTIN DE CASTILLON,ST MARTIN DE CASTILLON,17173,,,false,,PERTUIS LOISIR,"https://monenfant.fr/que-recherchez-vous?structure=ALSH&location=Pertuis,%20Vaucluse,%20Provence-Alpes-C%C3%B4te%20d%27Azur,%20FRA&x=5.503105877061&y=43.694632089555&radius=30000"
46af9e0f-bb04-4a6c-9090-ca1c3a587f14,10673499,ALSH,,"ALSH ""LA LUDO""",,0490743981,,, Route de Castellet 84400 SAIGNON,SAIGNON,18136,,,false,,PERTUIS LOISIR,"https://monenfant.fr/que-recherchez-vous?structure=ALSH&location=Pertuis,%20Vaucluse,%20Provence-Alpes-C%C3%B4te%20d%27Azur,%20FRA&x=5.503105877061&y=43.694632089555&radius=30000"
7fb55810-7487-4de4-b55b-d5e311144d0c,10673800,ALSH,,"ALSH ""SOLEIL LAVANDE""",,0490743981,,, Route de Castellet 84400 SAIGNON,SAIGNON,18136,,,false,,PERTUIS LOISIR,"https://monenfant.fr/que-recherchez-vous?structure=ALSH&location=Pertuis,%20Vaucluse,%20Provence-Alpes-C%C3%B4te%20d%27Azur,%20FRA&x=5.503105877061&y=43.694632089555&radius=30000"
8df0faec-b346-4d1a-a6e8-ea5d4a36bae1,10808461,ALSH,,ACCUEIL DE LOISIRS DE CERESTE,,0684587641,,sylvainpresutto@msn.com,  Ecole de Céreste     Cours Aristide BRIAND 04280 CERESTE,CERESTE,19287,,,false,,PERTUIS LOISIR,"https://monenfant.fr/que-recherchez-vous?structure=ALSH&location=Pertuis,%20Vaucluse,%20Provence-Alpes-C%C3%B4te%20d%27Azur,%20FRA&x=5.503105877061&y=43.694632089555&radius=30000"
1caee620-3f91-4a28-8429-5335d48fe339,54123539,ALSH,,CENTRE DE LOISIRS ACM LA CABANE AUX MINOTS,https://sites.google.com/view/lacabaneauxminotsdecereste/accueil,0684587641,,acmcereste04@gmail.com, Boulevard Victor Hugo 04280 CERESTE,CERESTE,19308,,,false,,PERTUIS LOISIR,"https://monenfant.fr/que-recherchez-vous?structure=ALSH&location=Pertuis,%20Vaucluse,%20Provence-Alpes-C%C3%B4te%20d%27Azur,%20FRA&x=5.503105877061&y=43.694632089555&radius=30000"
c9636838-4c8c-474d-9e02-ad196fe24bb4,10762553,ALSH,,"ALSH ""CLUB JEUNES JEAN-MOULIN""",,0490057834,,saj.bousque@apt.fr, Cité Saint Michèl 84400 APT,APT,19886,,,false,,PERTUIS LOISIR,"https://monenfant.fr/que-recherchez-vous?structure=ALSH&location=Pertuis,%20Vaucluse,%20Provence-Alpes-C%C3%B4te%20d%27Azur,%20FRA&x=5.503105877061&y=43.694632089555&radius=30000"
37e39c22-9e49-48a3-b845-63d16baa9ab2,10762639,ALSH,,"ALSH ""LA COLLINE MATERNELLE MUNICIPAL""",,0490048259,,saj.bosque@apt.fr, Cité Saint Michèl 84400 APT,APT,19886,,,false,,PERTUIS LOISIR,"https://monenfant.fr/que-recherchez-vous?structure=ALSH&location=Pertuis,%20Vaucluse,%20Provence-Alpes-C%C3%B4te%20d%27Azur,%20FRA&x=5.503105877061&y=43.694632089555&radius=30000"
a7dde525-17f2-45a5-848d-abf74b7a18c1,21447148,ALSH,,ALSH PÉRISCOLAIRE DE LA COLLINE,,0624953834,,periscolaire.maternel@apt.fr, Quartier St Michel 84400 APT,APT,19886,,,false,,PERTUIS LOISIR,"https://monenfant.fr/que-recherchez-vous?structure=ALSH&location=Pertuis,%20Vaucluse,%20Provence-Alpes-C%C3%B4te%20d%27Azur,%20FRA&x=5.503105877061&y=43.694632089555&radius=30000"
d244f81c-2306-4a2c-81bb-e1dc64b25dea,11368826,ALSH,,CENTRE DE LOISIRS DE CORBIÈRES,,0492782515,,secretariat@mairie-corbieres.fr,  Rue des Ferrages 04220 CORBIERES EN PROVENCE,CORBIERES EN PROVENCE,21309,,,false,,PERTUIS LOISIR,"https://monenfant.fr/que-recherchez-vous?structure=ALSH&location=Pertuis,%20Vaucluse,%20Provence-Alpes-C%C3%B4te%20d%27Azur,%20FRA&x=5.503105877061&y=43.694632089555&radius=30000"
811972c2-f508-4f4c-a93c-d1d00892cc4c,11065187,ALSH,,"ALSH ""CENTRE SOCIAL MAISON BONHOMME"" (APAS)",,0490048080,,apasmaisonbonhomme@orange.fr,455 Avenue de Verdun 84400 APT,APT,21382,,,false,,PERTUIS LOISIR,"https://monenfant.fr/que-recherchez-vous?structure=ALSH&location=Pertuis,%20Vaucluse,%20Provence-Alpes-C%C3%B4te%20d%27Azur,%20FRA&x=5.503105877061&y=43.694632089555&radius=30000"
835c2f9f-e982-4102-be22-fca86646c556,21446525,ALSH,,ALSH PÉRISCOLAIRE DE LA RUCHE,,0624953834,,periscolaire.maternelle@apt.fr, Rue Gambetta 84400 APT,APT,21803,,,false,,PERTUIS LOISIR,"https://monenfant.fr/que-recherchez-vous?structure=ALSH&location=Pertuis,%20Vaucluse,%20Provence-Alpes-C%C3%B4te%20d%27Azur,%20FRA&x=5.503105877061&y=43.694632089555&radius=30000"
35aea0c0-9ba7-421f-b465-edfe833cc303,23341233,ALSH,,ACCUEIL JEUNES,http://www.apt.fr,0490742683,,saj.cely@apt.fr, Place Cély 84400 APT,APT,21862,,,false,,PERTUIS LOISIR,"https://monenfant.fr/que-recherchez-vous?structure=ALSH&location=Pertuis,%20Vaucluse,%20Provence-Alpes-C%C3%B4te%20d%27Azur,%20FRA&x=5.503105877061&y=43.694632089555&radius=30000"
ffbdc847-7081-41e2-b423-f2483a052faa,21447002,ALSH,,ALSH PÉRISCOLAIRE DES ROMARINS,,0624953834,,periscolaire.maternel@apt.fr, Rue Cely 84400 APT,APT,21862,,,false,,PERTUIS LOISIR,"https://monenfant.fr/que-recherchez-vous?structure=ALSH&location=Pertuis,%20Vaucluse,%20Provence-Alpes-C%C3%B4te%20d%27Azur,%20FRA&x=5.503105877061&y=43.694632089555&radius=30000"
d6221fc2-be69-4a71-aaa9-473d241b4993,21446824,ALSH,,ALSH PÉRISCOLAIRE DES CORDELIERS,,0624953834,,periscolaire.maternel@apt.fr, Avenue de Viton 84400 APT,APT,21939,,,false,,PERTUIS LOISIR,"https://monenfant.fr/que-recherchez-vous?structure=ALSH&location=Pertuis,%20Vaucluse,%20Provence-Alpes-C%C3%B4te%20d%27Azur,%20FRA&x=5.503105877061&y=43.694632089555&radius=30000"
a313b9a1-4de2-45a3-8ac9-9725190be4ac,10666490,ALSH,,"ALSH ""LE BOSQUE""",,0490741262,,saj.bosque@apt.fr, Domaine de Bosque 84400 APT,APT,21960,,,false,,PERTUIS LOISIR,"https://monenfant.fr/que-recherchez-vous?structure=ALSH&location=Pertuis,%20Vaucluse,%20Provence-Alpes-C%C3%B4te%20d%27Azur,%20FRA&x=5.503105877061&y=43.694632089555&radius=30000"
28d50374-e331-4a90-b575-3ff6fc326560,10762510,ALSH,,"ALSH ""PÉRISCOLAIRES MULTI-SITE MUNICIPAUX : PAOU, JEAN-MOULIN ET CELY""",,0490741262,,saj.bosque@apt.fr, Place Gabriel Péri - BP 171 84400 APT,APT,21960,,,false,,PERTUIS LOISIR,"https://monenfant.fr/que-recherchez-vous?structure=ALSH&location=Pertuis,%20Vaucluse,%20Provence-Alpes-C%C3%B4te%20d%27Azur,%20FRA&x=5.503105877061&y=43.694632089555&radius=30000"
09504f67-ea50-4882-aee0-d0631d32a3c4,10668210,ALSH,,"ALSH ""DE VIENS""",,0490718795,,alshdeviens@orange.fr, Avenue Gilbert Bonnefoy 84750 VIENS,VIENS,22743,,,false,,PERTUIS LOISIR,"https://monenfant.fr/que-recherchez-vous?structure=ALSH&location=Pertuis,%20Vaucluse,%20Provence-Alpes-C%C3%B4te%20d%27Azur,%20FRA&x=5.503105877061&y=43.694632089555&radius=30000"
027450b4-6cd5-4125-a3a3-ca35927e0a92,11446914,ALSH,,CENTRE DE LOISIRS DE SAINTE-TULLE,http://www.ville-sainte-tulle.fr/index.php/votre-commune-au-quotidien/education-jeunesse/accueil-et-garderies/128-le-centre-de-loisirs,0492784997,,, Avenue de la République 04220 STE TULLE,STE TULLE,23573,,,false,,PERTUIS LOISIR,"https://monenfant.fr/que-recherchez-vous?structure=ALSH&location=Pertuis,%20Vaucluse,%20Provence-Alpes-C%C3%B4te%20d%27Azur,%20FRA&x=5.503105877061&y=43.694632089555&radius=30000"
ae5758bb-ba1a-4aeb-a376-531d44d6b16c,10810783,ALSH,,ACCUEIL DE LOISIRS LES RENARDEAUX,http://www.mairie-pierrevert.fr/clsh.html,0492728687,,clsh04860@orange.fr,  Groupe Gaston BERGER 04860 PIERREVERT,PIERREVERT,23817,,,false,,PERTUIS LOISIR,"https://monenfant.fr/que-recherchez-vous?structure=ALSH&location=Pertuis,%20Vaucluse,%20Provence-Alpes-C%C3%B4te%20d%27Azur,%20FRA&x=5.503105877061&y=43.694632089555&radius=30000"
000eb7ba-03d0-4874-9b8f-21846e34e014,43034712,ALSH,,ACM REILLANNE - ECOLE PRIMAIRE,,0492711066,,direction.reillanne@leolagrange.org, Rue DES ECOLES 04110 REILLANNE,REILLANNE,24112,,,false,,PERTUIS LOISIR,"https://monenfant.fr/que-recherchez-vous?structure=ALSH&location=Pertuis,%20Vaucluse,%20Provence-Alpes-C%C3%B4te%20d%27Azur,%20FRA&x=5.503105877061&y=43.694632089555&radius=30000"
7646448c-42cd-453c-ba80-867e55a251ba,10960783,ALSH,,ACCUEIL DE LOISIRS MATERNEL,http://www.vinon-sur-verdon.fr,0492789631,,accueil.de.loisirs-vinon@orange.fr,2 Place de la maternelle 83560 VINON SUR VERDON,VINON SUR VERDON,24943,,,false,,PERTUIS LOISIR,"https://monenfant.fr/que-recherchez-vous?structure=ALSH&location=Pertuis,%20Vaucluse,%20Provence-Alpes-C%C3%B4te%20d%27Azur,%20FRA&x=5.503105877061&y=43.694632089555&radius=30000"
be63ee68-41d2-48fe-8dab-c416fc973b19,10960740,ALSH,,ACCUEIL DE LOISIRS LES PITCHOUNETS,http://www.vinon.sur.verdon.fr,0492789631,,accueil.de.loisirs-vinon@orange.fr,34 Rue de la Bascule 83560 VINON SUR VERDON,VINON SUR VERDON,25165,,,false,,PERTUIS LOISIR,"https://monenfant.fr/que-recherchez-vous?structure=ALSH&location=Pertuis,%20Vaucluse,%20Provence-Alpes-C%C3%B4te%20d%27Azur,%20FRA&x=5.503105877061&y=43.694632089555&radius=30000"
ce11ea4e-2093-4422-901f-1608fc031e96,10680207,ALSH,,"ALSH ""PÉRISCOLAIRE LES SOURCES""",,0490743477,,info@ville-gargas.fr,  Ecole Maternelle les Sources 84400 GARGAS,GARGAS,25674,,,false,,PERTUIS LOISIR,"https://monenfant.fr/que-recherchez-vous?structure=ALSH&location=Pertuis,%20Vaucluse,%20Provence-Alpes-C%C3%B4te%20d%27Azur,%20FRA&x=5.503105877061&y=43.694632089555&radius=30000"
6d692f21-0ae1-4aa1-9a48-21ef7ac950d1,10672381,ALSH,,"ALSH ""LES OCRES GARGAS""",,0490741270,,info@ville-gargas.fr,  Le Château 84400 GARGAS,GARGAS,25840,,,false,,PERTUIS LOISIR,"https://monenfant.fr/que-recherchez-vous?structure=ALSH&location=Pertuis,%20Vaucluse,%20Provence-Alpes-C%C3%B4te%20d%27Azur,%20FRA&x=5.503105877061&y=43.694632089555&radius=30000"
5ecc6190-63f1-43eb-a37b-71725e5e4074,10680336,ALSH,,"ALSH ""LES OCRES JOURNÉES EVASIONS""",,0490741270,,info@ville-gargas.fr, Place du Château 84400 GARGAS,GARGAS,25840,,,false,,PERTUIS LOISIR,"https://monenfant.fr/que-recherchez-vous?structure=ALSH&location=Pertuis,%20Vaucluse,%20Provence-Alpes-C%C3%B4te%20d%27Azur,%20FRA&x=5.503105877061&y=43.694632089555&radius=30000"
f7fcaa5b-dffb-4800-b834-9a6c4f67b66f,10681067,ALSH,,"ALSH ""LES OCRES MULTISPORTS""",,0490741270,,info@ville-gargas.fr, Place du Château - Ecole des ocres 84400 GARGAS,GARGAS,25840,,,false,,PERTUIS LOISIR,"https://monenfant.fr/que-recherchez-vous?structure=ALSH&location=Pertuis,%20Vaucluse,%20Provence-Alpes-C%C3%B4te%20d%27Azur,%20FRA&x=5.503105877061&y=43.694632089555&radius=30000"
98e907ee-4561-4b45-83e6-2ac6256d7d62,25360142,ALSH,,ALSH PÉRISCOLAIRE,,0490741270,,info@ville-gargas.fr, Place de la Mairie 84400 GARGAS,GARGAS,25840,,,false,,PERTUIS LOISIR,"https://monenfant.fr/que-recherchez-vous?structure=ALSH&location=Pertuis,%20Vaucluse,%20Provence-Alpes-C%C3%B4te%20d%27Azur,%20FRA&x=5.503105877061&y=43.694632089555&radius=30000"
57febbdf-3b5b-43e0-bc83-e0939b3f26e3,11373040,ALSH,,CENTRE DE L'ENFANCE ROBERT HONDE,http://www.ville-manosque.fr/structures-extra-scolaire/centre-de-lenfance/,0492710989,,,  Place Pierre de Coubertin 04100 MANOSQUE,MANOSQUE,27314,,,false,,PERTUIS LOISIR,"https://monenfant.fr/que-recherchez-vous?structure=ALSH&location=Pertuis,%20Vaucluse,%20Provence-Alpes-C%C3%B4te%20d%27Azur,%20FRA&x=5.503105877061&y=43.694632089555&radius=30000"
20100323-2133-4f47-987e-0e085617133b,63160508,ALSH,,SPOT,,0646262597,,, Rue rené char 04100 MANOSQUE,MANOSQUE,27348,,,false,,PERTUIS LOISIR,"https://monenfant.fr/que-recherchez-vous?structure=ALSH&location=Pertuis,%20Vaucluse,%20Provence-Alpes-C%C3%B4te%20d%27Azur,%20FRA&x=5.503105877061&y=43.694632089555&radius=30000"
1eb19ccd-dfaa-4c9e-99a4-080ffddfb3f2,11373083,ALSH,,MAISON DES JEUNES ET DE LA CULTURE DE MANOSQUE,http://www.mjc-manosque.com,0492721970,,mjc-manosque@wanadoo.fr,1 Place de Leinfelden 04100 MANOSQUE,MANOSQUE,27465,,,false,,PERTUIS LOISIR,"https://monenfant.fr/que-recherchez-vous?structure=ALSH&location=Pertuis,%20Vaucluse,%20Provence-Alpes-C%C3%B4te%20d%27Azur,%20FRA&x=5.503105877061&y=43.694632089555&radius=30000"
8c837493-ba28-4c9c-ae8b-0e7075579b7d,10813191,ALSH,,SCOUTS ET GUIDES DE FRANCE MANOSQUE,,0492752042,,sgdfmanosque@yahoo.fr,86 Boulevard Denis Valverane 04100 MANOSQUE,MANOSQUE,27681,,,false,,PERTUIS LOISIR,"https://monenfant.fr/que-recherchez-vous?structure=ALSH&location=Pertuis,%20Vaucluse,%20Provence-Alpes-C%C3%B4te%20d%27Azur,%20FRA&x=5.503105877061&y=43.694632089555&radius=30000"
c19ef7a0-2287-4d95-902f-607d4e2a0efd,10667178,ALSH,,"ALSH ""ESPACE ACCUEILS JEUNES""",,0490057104,,secretariat.cslp@orange.fr, Place du Pasquier 84220 ROUSSILLON,ROUSSILLON,28623,,,false,,PERTUIS LOISIR,"https://monenfant.fr/que-recherchez-vous?structure=ALSH&location=Pertuis,%20Vaucluse,%20Provence-Alpes-C%C3%B4te%20d%27Azur,%20FRA&x=5.503105877061&y=43.694632089555&radius=30000"
ab1bc64b-4cfc-4fb5-9c86-daeaa4b98d3d,10666877,ALSH,,"ALSH ""LOU PASQUIER SEMAINES PASS""",,0490057104,,secretariat.cslp@orange.fr, Place du Pasquier 84220 ROUSSILLON,ROUSSILLON,28623,,,false,,PERTUIS LOISIR,"https://monenfant.fr/que-recherchez-vous?structure=ALSH&location=Pertuis,%20Vaucluse,%20Provence-Alpes-C%C3%B4te%20d%27Azur,%20FRA&x=5.503105877061&y=43.694632089555&radius=30000"
57420ebc-15b1-4a4e-b39f-cd6a259cd8f5,10667221,ALSH,,"ALSH ""MÉNERBES VACANCES""",,0490057104,,secretariat.cslp@orange.fr, Place Pasquier 84220 ROUSSILLON,ROUSSILLON,28623,,,false,,PERTUIS LOISIR,"https://monenfant.fr/que-recherchez-vous?structure=ALSH&location=Pertuis,%20Vaucluse,%20Provence-Alpes-C%C3%B4te%20d%27Azur,%20FRA&x=5.503105877061&y=43.694632089555&radius=30000"
7a086b22-9edf-4695-8e29-a5cb40059e28,12601369,EAJE,,LES COMPTINES,http://www.cpemanosque.fr/wiki/Les_Comptines,0492708041,,collectif3@orange.fr, Rue Pasteur Henri Gennatas 04100 MANOSQUE,MANOSQUE,718,NR,,false,,MANOSQUE CRECHE,"https://monenfant.fr/que-recherchez-vous?structure=EAJE&location=Manosque,%20Alpes-de-Haute-Provence,%20Provence-Alpes-C%C3%B4te%20d%27Azur,%20FRA&x=5.782337194148&y=43.833734199439&radius=30000"
ecf0ba30-e22d-4492-bb49-31e2ee062ba3,12875433,EAJE,,MICRO-CRÈCHE LES PAPILLONS,http://www.creche-manosque.fr,0492744453,,les-papillons@creche-manosque.fr,33 Boulevard du temps perdu 04100 MANOSQUE,MANOSQUE,1041,D,2026-09-07,false,,MANOSQUE CRECHE,"https://monenfant.fr/que-recherchez-vous?structure=EAJE&location=Manosque,%20Alpes-de-Haute-Provence,%20Provence-Alpes-C%C3%B4te%20d%27Azur,%20FRA&x=5.782337194148&y=43.833734199439&radius=30000"
fe27d58e-1982-41e2-8fb7-8e1b8c9c36ae,12872294,EAJE,,CRÈCHE MANOSQUE CALOUPILÉ - LA MAISON BLEUE,,0492745938,,manosque@la-maison-bleue.fr,209 bis Avenue Les Prés Combaux 04100 MANOSQUE,MANOSQUE,2102,D,2026-08-25,false,,MANOSQUE CRECHE,"https://monenfant.fr/que-recherchez-vous?structure=EAJE&location=Manosque,%20Alpes-de-Haute-Provence,%20Provence-Alpes-C%C3%B4te%20d%27Azur,%20FRA&x=5.782337194148&y=43.833734199439&radius=30000"
3cfde4ef-45e9-47bb-9d5c-506244abb2e9,12903684,EAJE,,MULTI-ACCUEIL MOULIN NEUF,http://www.ville-manosque.fr,0492703887,,,55 Chemin Auguste Girard 04100 MANOSQUE,MANOSQUE,2149,NR,,false,,MANOSQUE CRECHE,"https://monenfant.fr/que-recherchez-vous?structure=EAJE&location=Manosque,%20Alpes-de-Haute-Provence,%20Provence-Alpes-C%C3%B4te%20d%27Azur,%20FRA&x=5.782337194148&y=43.833734199439&radius=30000"
ded3e3cb-860b-4b6e-8801-aac731b18c58,12601283,EAJE,,LES LUTINS,,0492785362,,creche.les.lutins@orange.fr,115 Rue Léon Blum 04130 VOLX,VOLX,6566,NR,,false,,MANOSQUE CRECHE,"https://monenfant.fr/que-recherchez-vous?structure=EAJE&location=Manosque,%20Alpes-de-Haute-Provence,%20Provence-Alpes-C%C3%B4te%20d%27Azur,%20FRA&x=5.782337194148&y=43.833734199439&radius=30000"
18a0c06d-23b6-48cb-84b5-5941633889d5,12836080,EAJE,,"MULTI-ACCUEIL ""LES PETITS PAS"" ET ""LA COURTE ECHELLE""",,0492765302,,c.pain@villeneuve.fr,440 Chemin des Ecoliers 04180 VILLENEUVE,VILLENEUVE,9245,NR,,false,,MANOSQUE CRECHE,"https://monenfant.fr/que-recherchez-vous?structure=EAJE&location=Manosque,%20Alpes-de-Haute-Provence,%20Provence-Alpes-C%C3%B4te%20d%27Azur,%20FRA&x=5.782337194148&y=43.833734199439&radius=30000"
9b8e5587-2dca-40d3-88df-f9c184376df7,64421042,EAJE,,CRECHE DE ST MICHEL L'OBSERVATOIRE,,0492792611,,crechestmichelobs@gmail.com, Rue des remparts 04870 ST MICHEL L OBSERVATOIRE,ST MICHEL L OBSERVATOIRE,10047,NR,,false,,MANOSQUE CRECHE,"https://monenfant.fr/que-recherchez-vous?structure=EAJE&location=Manosque,%20Alpes-de-Haute-Provence,%20Provence-Alpes-C%C3%B4te%20d%27Azur,%20FRA&x=5.782337194148&y=43.833734199439&radius=30000"
8d360c15-e431-4533-9e66-1a16a163364c,12879948,EAJE,,CRÈCHE INTERCOMMUNALE DE VIREBOIS,,0492792611,,crechedevirebois.mane@gmail.com,277 Quartier ZAE de Pitaugier 04300 MANE,MANE,12077,NR,,false,,MANOSQUE CRECHE,"https://monenfant.fr/que-recherchez-vous?structure=EAJE&location=Manosque,%20Alpes-de-Haute-Provence,%20Provence-Alpes-C%C3%B4te%20d%27Azur,%20FRA&x=5.782337194148&y=43.833734199439&radius=30000"
c45c6ed9-bd9a-4276-8b26-9672f3a94499,13025769,EAJE,,LEI NISTOUN,https://www.mairie-greouxlesbains.fr/creche/,0492742729,,creche@mairie-greouxlesbains.fr,Chemin de la Barque 04800 GREOUX LES BAINS,GREOUX LES BAINS,12180,NR,,false,,MANOSQUE CRECHE,"https://monenfant.fr/que-recherchez-vous?structure=EAJE&location=Manosque,%20Alpes-de-Haute-Provence,%20Provence-Alpes-C%C3%B4te%20d%27Azur,%20FRA&x=5.782337194148&y=43.833734199439&radius=30000"
fdcb3bad-6b08-4cdf-9977-4bc9c62b6582,13025812,EAJE,,SUCRE D'ORGE,,0492798306,,crechesucredorge@free.fr, Allée des Amandiers 04700 LA BRILLANNE,LA BRILLANNE,13598,NR,,false,,MANOSQUE CRECHE,"https://monenfant.fr/que-recherchez-vous?structure=EAJE&location=Manosque,%20Alpes-de-Haute-Provence,%20Provence-Alpes-C%C3%B4te%20d%27Azur,%20FRA&x=5.782337194148&y=43.833734199439&radius=30000"
4bc1a9ad-07da-4828-a496-ad25c8c7e80a,12948920,EAJE,,LA NINEIA,,0492752876,,creche.lanineia@ville-forcalquier.fr, Avenue du 8 mai 1945 04300 FORCALQUIER,FORCALQUIER,14196,NR,,true,,MANOSQUE CRECHE,"https://monenfant.fr/que-recherchez-vous?structure=EAJE&location=Manosque,%20Alpes-de-Haute-Provence,%20Provence-Alpes-C%C3%B4te%20d%27Azur,%20FRA&x=5.782337194148&y=43.833734199439&radius=30000"
ebcfd26e-1d80-4dee-b54b-678c87f0ace2,12872079,EAJE,,MULTI ACCUEIL MUNICIPAL,,0492786611,,creche@mairie-oraison.fr, Avenue Charles Richaud 04700 ORAISON,ORAISON,14496,NR,,false,,MANOSQUE CRECHE,"https://monenfant.fr/que-recherchez-vous?structure=EAJE&location=Manosque,%20Alpes-de-Haute-Provence,%20Provence-Alpes-C%C3%B4te%20d%27Azur,%20FRA&x=5.782337194148&y=43.833734199439&radius=30000"
4c2b52a3-af94-475a-a40a-41ab80463217,12863049,EAJE,,MULTI ACCUEIL LES DIABLOTINS,,0492781897,,,7 Route de Valensole 04800 ST MARTIN DE BROMES,ST MARTIN DE BROMES,14762,NR,,false,,MANOSQUE CRECHE,"https://monenfant.fr/que-recherchez-vous?structure=EAJE&location=Manosque,%20Alpes-de-Haute-Provence,%20Provence-Alpes-C%C3%B4te%20d%27Azur,%20FRA&x=5.782337194148&y=43.833734199439&radius=30000"
283e5c09-66a1-4f98-aa90-c6e7738ba0c7,12990931,EAJE,,LA RIBAMBELLE,,0492748989,,laribambelle.valensole@wanadoo.fr,4 Impasse de La Ribambelle 04210 VALENSOLE,VALENSOLE,16065,NR,,false,,MANOSQUE CRECHE,"https://monenfant.fr/que-recherchez-vous?structure=EAJE&location=Manosque,%20Alpes-de-Haute-Provence,%20Provence-Alpes-C%C3%B4te%20d%27Azur,%20FRA&x=5.782337194148&y=43.833734199439&radius=30000"
317bb986-633b-4524-bd52-f0f2fa740f9b,12634909,EAJE,,LES COLIBRIS,,0972618027,,crechesaintjulien@odelvar.com, Chemin du Lac 83560 ST JULIEN,ST JULIEN,18572,NR,,false,,MANOSQUE CRECHE,"https://monenfant.fr/que-recherchez-vous?structure=EAJE&location=Manosque,%20Alpes-de-Haute-Provence,%20Provence-Alpes-C%C3%B4te%20d%27Azur,%20FRA&x=5.782337194148&y=43.833734199439&radius=30000"
eba2a0f2-0771-4940-99ce-daf0fe389603,57649220,RPE,,RPE DE LA CCHPPB,,0769277643,,rpe.hauteprovencepaysdebanon@gmail.com, Place Place de l'Eglise 04300 MANE,MANE,11572,,,false,,MANOSQUE RELAIS ET PARENT,"https://monenfant.fr/que-recherchez-vous?structure=RPE;LAEP&location=Manosque,%20Alpes-de-Haute-Provence,%20Provence-Alpes-C%C3%B4te%20d%27Azur,%20FRA&x=5.782337194148&y=43.833734199439&radius=30000"
a04d9ad0-7838-447a-a447-106c76f32092,12206224,RPE,,RAM ITINÉRANT FORCALQUIER-LURE,http://www.forcalquier-lure.com,0637925358,,rami@forcalquier-lure.com,"Le Grand Carré, BP 41, 13 Boulevard des martyrs 04300 FORCALQUIER",FORCALQUIER,14037,,,false,,MANOSQUE RELAIS ET PARENT,"https://monenfant.fr/que-recherchez-vous?structure=RPE;LAEP&location=Manosque,%20Alpes-de-Haute-Provence,%20Provence-Alpes-C%C3%B4te%20d%27Azur,%20FRA&x=5.782337194148&y=43.833734199439&radius=30000"
174ede3a-c049-4064-993a-41768e8a0669,63160359,LAEP,,LAEP A PETITS PAS,,0788962646,,laep@forcalquier-lure.com, Avenue du 8 mai 1945 04300 FORCALQUIER,FORCALQUIER,14196,,,false,,MANOSQUE RELAIS ET PARENT,"https://monenfant.fr/que-recherchez-vous?structure=RPE;LAEP&location=Manosque,%20Alpes-de-Haute-Provence,%20Provence-Alpes-C%C3%B4te%20d%27Azur,%20FRA&x=5.782337194148&y=43.833734199439&radius=30000"
7f74f897-dd93-4a12-856c-14d71e221220,12168814,RPE,,RAMIP FRUITS DE LA PASSION,http://assoparentalefruitsdelapassion.blogspot.com/p/ramip.html,0492315099,,rampassion@orange.fr, Rue Jean Moulin 04190 LES MEES,LES MEES,26543,,,false,,MANOSQUE RELAIS ET PARENT,"https://monenfant.fr/que-recherchez-vous?structure=RPE;LAEP&location=Manosque,%20Alpes-de-Haute-Provence,%20Provence-Alpes-C%C3%B4te%20d%27Azur,%20FRA&x=5.782337194148&y=43.833734199439&radius=30000"
e3f2330c-62db-498d-8dc8-e9d8fc1a480e,43030922,ALSH,,ACCEUIL DE LOISIRS SANS HEBERGEMENT DU MERCREDI VOLX,,0492701801,,alsh@mairie-volx.fr, Rue MARECHAL LECLERC 04130 VOLX,VOLX,6847,,,false,,MANOSQUE LOISIR,"https://monenfant.fr/que-recherchez-vous?structure=ALSH&location=Manosque,%20Alpes-de-Haute-Provence,%20Provence-Alpes-C%C3%B4te%20d%27Azur,%20FRA&x=5.782337194148&y=43.833734199439&radius=30000"
66425e88-cbd8-4bf9-9ac5-0880a99ffdb5,71074987,ALSH,,ACM VILLENEUVE,,0630419099,,jeunesse@villeneuve.fr, Place Aimé AILLAUD 04180 VILLENEUVE,VILLENEUVE,9263,,,false,,MANOSQUE LOISIR,"https://monenfant.fr/que-recherchez-vous?structure=ALSH&location=Manosque,%20Alpes-de-Haute-Provence,%20Provence-Alpes-C%C3%B4te%20d%27Azur,%20FRA&x=5.782337194148&y=43.833734199439&radius=30000"
944d03ad-a66b-4858-8d2c-f5c914cbab77,11447559,ALSH,,ACCUEIL DE LOISIRS SANS HÉBERGEMENT DE SAINT MICHEL L'OBSERVATOIRE,,0695701786,,enfance-loisirs-stmichel@orange.fr, Rue des remparts 04870 ST MICHEL L OBSERVATOIRE,ST MICHEL L OBSERVATOIRE,10089,,,false,,MANOSQUE LOISIR,"https://monenfant.fr/que-recherchez-vous?structure=ALSH&location=Manosque,%20Alpes-de-Haute-Provence,%20Provence-Alpes-C%C3%B4te%20d%27Azur,%20FRA&x=5.782337194148&y=43.833734199439&radius=30000"
c7b0de5e-cdd3-47f3-9866-3cc970e001b8,11372997,ALSH,,CENTRE DE LOISIRS SANS HÉBERGEMENT DE MANE,https://www.mane-en-provence.com/index.php?module=pagemaster&PAGE_user_op=view_page&PAGE_id=55&MMN_position=102:43:60,0492752147,,mairie@mane-en-provence.com, Chemin des Frères 04300 MANE,MANE,11518,,,false,,MANOSQUE LOISIR,"https://monenfant.fr/que-recherchez-vous?structure=ALSH&location=Manosque,%20Alpes-de-Haute-Provence,%20Provence-Alpes-C%C3%B4te%20d%27Azur,%20FRA&x=5.782337194148&y=43.833734199439&radius=30000"
c6643403-6c53-4cdc-9931-5b72611d6224,11372868,ALSH,,ACCUEIL DE MINEURS MORELON,http://mairie-greouxlesbains.fr/pole-education-jeunesse/,0492781336,,clsh-greoux@wanadoo.fr, Avenue des alpes 04800 GREOUX LES BAINS,GREOUX LES BAINS,11885,,,false,,MANOSQUE LOISIR,"https://monenfant.fr/que-recherchez-vous?structure=ALSH&location=Manosque,%20Alpes-de-Haute-Provence,%20Provence-Alpes-C%C3%B4te%20d%27Azur,%20FRA&x=5.782337194148&y=43.833734199439&radius=30000"
0c4c76cd-fd39-4df7-be8f-11e632bd99e4,11372825,ALSH,,ESPACE JEUNE GRÉOUX LES BAINS,http://mairie-greouxlesbains.fr/pole-education-jeunesse/,0492781539,,espacejeune.greoux@wanadoo.fr, Avenue de la barque 04800 GREOUX LES BAINS,GREOUX LES BAINS,12180,,,false,,MANOSQUE LOISIR,"https://monenfant.fr/que-recherchez-vous?structure=ALSH&location=Manosque,%20Alpes-de-Haute-Provence,%20Provence-Alpes-C%C3%B4te%20d%27Azur,%20FRA&x=5.782337194148&y=43.833734199439&radius=30000"
3cc7e1af-c1c4-4350-b4e2-88b654feb0d9,71015741,ALSH,,ALSH VALENSOLE,,0661998950,,al.valensole@odel.com, Route de marseille 04210 VALENSOLE,VALENSOLE,12861,,,false,,MANOSQUE LOISIR,"https://monenfant.fr/que-recherchez-vous?structure=ALSH&location=Manosque,%20Alpes-de-Haute-Provence,%20Provence-Alpes-C%C3%B4te%20d%27Azur,%20FRA&x=5.782337194148&y=43.833734199439&radius=30000"
e2c448db-977f-4525-a608-cf70c2bd208c,11369987,ALSH,,OFFICE MUNICIPALE DE LA JEUNESSE ET DES SPORTS,http://www.ville-forcalquier.fr/omjs.html,0492754326,,omjsforcalquier@orange.fr, Parc de la Louette 04300 FORCALQUIER,FORCALQUIER,13104,,,false,,MANOSQUE LOISIR,"https://monenfant.fr/que-recherchez-vous?structure=ALSH&location=Manosque,%20Alpes-de-Haute-Provence,%20Provence-Alpes-C%C3%B4te%20d%27Azur,%20FRA&x=5.782337194148&y=43.833734199439&radius=30000"
b55675b9-fc42-4524-bfa3-fe89ea862e41,11383790,ALSH,,ACCUEIL DE LOISIRS 6/11 ANS D'ORAISON,,0678387084,,jeunesse@mairie-oraison.fr,  quartier Sigare 04700 ORAISON,ORAISON,14265,,,false,,MANOSQUE LOISIR,"https://monenfant.fr/que-recherchez-vous?structure=ALSH&location=Manosque,%20Alpes-de-Haute-Provence,%20Provence-Alpes-C%C3%B4te%20d%27Azur,%20FRA&x=5.782337194148&y=43.833734199439&radius=30000"
09a86881-00a9-41b8-9c05-346e7bf2c914,11383747,ALSH,,ACCUEIL DE LOISIRS 3/6 ANS D'ORAISON,,0788380307,,jeunesse@mairie-oraison.fr,  angle rue Victor Gérard et Avenue Dr Daumas 04700 ORAISON,ORAISON,14335,,,false,,MANOSQUE LOISIR,"https://monenfant.fr/que-recherchez-vous?structure=ALSH&location=Manosque,%20Alpes-de-Haute-Provence,%20Provence-Alpes-C%C3%B4te%20d%27Azur,%20FRA&x=5.782337194148&y=43.833734199439&radius=30000"
27bb04bc-5446-4234-9dee-d3878df9fc3e,11383489,ALSH,,CENTRE MUNICIPAL DES JEUNES,,0492786646,,jeunesse@mairie-oraison.fr, Impasse Sigare 04700 ORAISON,ORAISON,14335,,,false,,MANOSQUE LOISIR,"https://monenfant.fr/que-recherchez-vous?structure=ALSH&location=Manosque,%20Alpes-de-Haute-Provence,%20Provence-Alpes-C%C3%B4te%20d%27Azur,%20FRA&x=5.782337194148&y=43.833734199439&radius=30000"
bc87c528-7d57-4998-ada8-2a8e82a2ff93,42465478,ALSH,,CENTRE DE LOISIRS POUR LES ACTIVITES PERISCOLAIRES,https://www.revestdesbrousses.fr,0492732858,,mairie.revestdesbrousses@orange.fr,Ecole Communale de Revest des Brousses Rue ECOLE COMMUNALE 04150 REVEST DES BROUSSES,REVEST DES BROUSSES,17973,,,false,,MANOSQUE LOISIR,"https://monenfant.fr/que-recherchez-vous?structure=ALSH&location=Manosque,%20Alpes-de-Haute-Provence,%20Provence-Alpes-C%C3%B4te%20d%27Azur,%20FRA&x=5.782337194148&y=43.833734199439&radius=30000"
79af6cac-3d93-4cd2-a7e0-aef2878e1ab0,64537754,ALSH,,ACCUEIL DE LOISIRS ODEL,,0620383996,,al.stjulien@odelvar.com, Chemin du Lac 83560 ST JULIEN,ST JULIEN,18443,,,false,,MANOSQUE LOISIR,"https://monenfant.fr/que-recherchez-vous?structure=ALSH&location=Manosque,%20Alpes-de-Haute-Provence,%20Provence-Alpes-C%C3%B4te%20d%27Azur,%20FRA&x=5.782337194148&y=43.833734199439&radius=30000"
b8702366-a7bf-4396-ae1e-9966fd729358,11489656,ALSH,,ALSH SAINT-ETIENNE LES ORGUES,http://www.saint-etienne-les-orgues.fr/,0492730200,,eejs@mairieselo.fr, Rue Arboux 04230 ST ETIENNE LES ORGUES,ST ETIENNE LES ORGUES,23517,,,false,,MANOSQUE LOISIR,"https://monenfant.fr/que-recherchez-vous?structure=ALSH&location=Manosque,%20Alpes-de-Haute-Provence,%20Provence-Alpes-C%C3%B4te%20d%27Azur,%20FRA&x=5.782337194148&y=43.833734199439&radius=30000"
563ac12b-1699-40ac-8b21-8e48e34084c1,11197850,ALSH,,HALTE-GARDERIE LES PETITS CÂLINS,,0492681351,,assolespetitscalins@sfr.fr,12 Avenue de la Libération 04310 PEYRUIS,PEYRUIS,24745,,,false,,MANOSQUE LOISIR,"https://monenfant.fr/que-recherchez-vous?structure=ALSH&location=Manosque,%20Alpes-de-Haute-Provence,%20Provence-Alpes-C%C3%B4te%20d%27Azur,%20FRA&x=5.782337194148&y=43.833734199439&radius=30000"
b64f9a78-3cc8-49bf-b7ef-7b8ae0209929,11375190,ALSH,,ACM 3-12 ANS DE PEYRUIS,https://www.peyruis.fr/mes-services/centre-de-loisirs,0492680394,,periscolaire@peyruis.fr,  Place de l'hôtel de ville 04310 PEYRUIS,PEYRUIS,24808,,,false,,MANOSQUE LOISIR,"https://monenfant.fr/que-recherchez-vous?structure=ALSH&location=Manosque,%20Alpes-de-Haute-Provence,%20Provence-Alpes-C%C3%B4te%20d%27Azur,%20FRA&x=5.782337194148&y=43.833734199439&radius=30000"
97a0c0d9-15ab-411c-8cb7-d1bec78666a9,11375147,ALSH,,PASS Ô JEUNES,http://www.passojeunes04.org,0486491522,,passojeunes04marionrobert@outlook.fr,  Stade Fernand Richaud 04310 PEYRUIS,PEYRUIS,24812,,,false,,MANOSQUE LOISIR,"https://monenfant.fr/que-recherchez-vous?structure=ALSH&location=Manosque,%20Alpes-de-Haute-Provence,%20Provence-Alpes-C%C3%B4te%20d%27Azur,%20FRA&x=5.782337194148&y=43.833734199439&radius=30000"
0fcf7e6b-3649-4921-92d5-02c4e71e0db1,11410321,ALSH,,ALSH LA MARE (MAISON D'ACCUEIL RIÉZOISE DE L'ENFANCE),https://lamare.alshriez.fr/,0492799742,,direction@alshriez.fr,  École Maternelle 04500 RIEZ,RIEZ,25071,,,false,,MANOSQUE LOISIR,"https://monenfant.fr/que-recherchez-vous?structure=ALSH&location=Manosque,%20Alpes-de-Haute-Provence,%20Provence-Alpes-C%C3%B4te%20d%27Azur,%20FRA&x=5.782337194148&y=43.833734199439&radius=30000"
2472a16f-b790-4f22-a1b0-b720fc0bea65,10986927,ALSH,,ALSH MATERNELLES- PRIMAIRES PASTORELLO LA VERDIERE,,0494041210,,, Grand rue ECOLE PASTORELLO 83560 LA VERDIERE,LA VERDIERE,25220,,,false,,MANOSQUE LOISIR,"https://monenfant.fr/que-recherchez-vous?structure=ALSH&location=Manosque,%20Alpes-de-Haute-Provence,%20Provence-Alpes-C%C3%B4te%20d%27Azur,%20FRA&x=5.782337194148&y=43.833734199439&radius=30000"
1be49d21-09d2-43f1-91f0-bd1f4d37f44f,11435863,ALSH,,CENTRE DE LOISIRS 3-17 ANS DE QUINSON,https://www.quinson.fr/,0681386804,,enfancejeunesseverdon@orange.fr, Rue du Var 04500 QUINSON,QUINSON,25368,,,false,,MANOSQUE LOISIR,"https://monenfant.fr/que-recherchez-vous?structure=ALSH&location=Manosque,%20Alpes-de-Haute-Provence,%20Provence-Alpes-C%C3%B4te%20d%27Azur,%20FRA&x=5.782337194148&y=43.833734199439&radius=30000"
57690f17-f6fb-42a8-93b8-6c35d6ce18b0,11368568,ALSH,,CENTRE DE LOISIRS DE BANON,https://www.francas04.com/nos-actions/les-accueils-de-loisirs-enfants/l-accueil-de-loisirs-de-banon/,0492730595,,wistitibanon@orange.fr,  La Cabre d'OR 04150 BANON,BANON,25811,,,false,,MANOSQUE LOISIR,"https://monenfant.fr/que-recherchez-vous?structure=ALSH&location=Manosque,%20Alpes-de-Haute-Provence,%20Provence-Alpes-C%C3%B4te%20d%27Azur,%20FRA&x=5.782337194148&y=43.833734199439&radius=30000"
834180f0-3a0c-48b5-ad7a-2a32f08481c1,11373169,ALSH,,ACCUEIL DE LOISIRS LA RABASSIÈRE,http://www.mairie-montagnac-montpezat.fr/Telechargements/Loisirs/Lettre-information-parents-rentree-2017.pdf,0681888093,,centredeloisirs@mairie-montagnac-montpezat.fr,  Salle polyvalente 04500 MONTAGNAC MONTPEZAT,MONTAGNAC MONTPEZAT,25818,,,false,,MANOSQUE LOISIR,"https://monenfant.fr/que-recherchez-vous?structure=ALSH&location=Manosque,%20Alpes-de-Haute-Provence,%20Provence-Alpes-C%C3%B4te%20d%27Azur,%20FRA&x=5.782337194148&y=43.833734199439&radius=30000"
0ce781a1-19a1-44a3-8e98-22e4d95e1d6c,11372352,ALSH,,ACCUEIL DE LOISIRS DES MÉES,https://www.francas04.com/nos-actions/les-accueils-de-loisirs-enfants/l-accueil-de-loisirs-des-m%C3%A9es/,0492624680,,alsh.lesmees@orange.fr,  Maison de l'enfance 04190 LES MEES,LES MEES,26677,,,false,,MANOSQUE LOISIR,"https://monenfant.fr/que-recherchez-vous?structure=ALSH&location=Manosque,%20Alpes-de-Haute-Provence,%20Provence-Alpes-C%C3%B4te%20d%27Azur,%20FRA&x=5.782337194148&y=43.833734199439&radius=30000"
55fc4f31-0f36-4d29-9e79-3d0432ef3dff,59338473,ALSH,,ESPACE JEUNES DES MÉES,https://francas04.com/espace-jeunes-des-mees/,0492341211,,espacejeunes.lesmees@orange.fr,1 Place Gérard Vacher 04190 LES MEES,LES MEES,26677,,,false,,MANOSQUE LOISIR,"https://monenfant.fr/que-recherchez-vous?structure=ALSH&location=Manosque,%20Alpes-de-Haute-Provence,%20Provence-Alpes-C%C3%B4te%20d%27Azur,%20FRA&x=5.782337194148&y=43.833734199439&radius=30000"
1ec34859-7898-4ef1-9f17-298d06da728f,11375233,ALSH,,CENTRE DE LOISIRS LES AVENTURIERS,https://puimoisson.jimdo.com/education/le-centre-de-loisirs/,0633880708,,mairie.puimoisson@wanadoo.fr, Route de Riez 04410 PUIMOISSON,PUIMOISSON,27117,,,false,,MANOSQUE LOISIR,"https://monenfant.fr/que-recherchez-vous?structure=ALSH&location=Manosque,%20Alpes-de-Haute-Provence,%20Provence-Alpes-C%C3%B4te%20d%27Azur,%20FRA&x=5.782337194148&y=43.833734199439&radius=30000"
1d456686-dbb1-4795-a5b0-f8a20804bf6a,12531279,EAJE,,LES MOUSSAILLONS,https://www.crechesdusud.fr/creches/les-moussaillons/,0491714056,,marseille8@creches-du-sud.fr,594 Avenue du Prado 13008 MARSEILLE,MARSEILLE,3717,NR,,false,,MARSEILLE CRECHE,"https://monenfant.fr/que-recherchez-vous?structure=EAJE&location=Marseille,%20Bouches-du-Rh%C3%B4ne,%20Provence-Alpes-C%C3%B4te%20d%27Azur,%20FRA&x=5.369840720842&y=43.296537711497&radius=30000"
57e1ae60-1800-479e-8d71-20a49975ce52,12612420,EAJE,,MAC LES LIBELLULES,http://www.crecheleslibellules.com,0491751237,,crecheleslibellules@maisondelafamille.net,286 Avenue de Mazargues 13008 MARSEILLE,MARSEILLE,4386,NR,,false,,MARSEILLE CRECHE,"https://monenfant.fr/que-recherchez-vous?structure=EAJE&location=Marseille,%20Bouches-du-Rh%C3%B4ne,%20Provence-Alpes-C%C3%B4te%20d%27Azur,%20FRA&x=5.369840720842&y=43.296537711497&radius=30000"
12ac6712-6f1a-4101-a853-28c75c69d9d3,18185363,EAJE,,MAC RÉCRÉ BÉBÉ,http://recrebb.fr/,0491799954,,,13 Avenue de la Magalone 13009 MARSEILLE,MARSEILLE,4649,NR,,false,,MARSEILLE CRECHE,"https://monenfant.fr/que-recherchez-vous?structure=EAJE&location=Marseille,%20Bouches-du-Rh%C3%B4ne,%20Provence-Alpes-C%C3%B4te%20d%27Azur,%20FRA&x=5.369840720842&y=43.296537711497&radius=30000"
1f0475dc-8afd-42f0-ad72-6b9b1784fe80,52227545,EAJE,,LES GABIANS,https://www.people-and-baby.com/creche/les-gabians/99284532?from=liste,0491962710,,les.gabians@people-and-baby.com,467 Avenue de Mazargues 13008 MARSEILLE,MARSEILLE,4817,NR,,false,,MARSEILLE CRECHE,"https://monenfant.fr/que-recherchez-vous?structure=EAJE&location=Marseille,%20Bouches-du-Rh%C3%B4ne,%20Provence-Alpes-C%C3%B4te%20d%27Azur,%20FRA&x=5.369840720842&y=43.296537711497&radius=30000"
33bd99d0-feb6-4408-b8f7-63b2a82691c9,18184207,EAJE,,JE OR ELIAHOU,,0491763836,,insfrh@yahoo.fr,323 Boulevard Michelet 13009 MARSEILLE,MARSEILLE,4846,NR,,false,,MARSEILLE CRECHE,"https://monenfant.fr/que-recherchez-vous?structure=EAJE&location=Marseille,%20Bouches-du-Rh%C3%B4ne,%20Provence-Alpes-C%C3%B4te%20d%27Azur,%20FRA&x=5.369840720842&y=43.296537711497&radius=30000"
01c9bf4a-3611-4fc7-b36f-3fb2b9059d8d,69869130,EAJE,,MÔMES EN POUSSETTE MAZARGUES,https://momesenpoussette.fr/,04 58 28 00 03,,mazargues@momesenpoussette.fr,487 Avenue de Mazargues 13008 MARSEILLE,MARSEILLE,4881,NR,,false,,MARSEILLE CRECHE,"https://monenfant.fr/que-recherchez-vous?structure=EAJE&location=Marseille,%20Bouches-du-Rh%C3%B4ne,%20Provence-Alpes-C%C3%B4te%20d%27Azur,%20FRA&x=5.369840720842&y=43.296537711497&radius=30000"
3e324163-7bd1-40db-9923-9e15d7992d4f,21184168,EAJE,,MIC-PAJE BB PITCHOUN STE ANNE,https://www.bbpitchoun.com/,0986398809,,,21 Boulevard Reynaud 13008 MARSEILLE,MARSEILLE,4902,NR,,false,,MARSEILLE CRECHE,"https://monenfant.fr/que-recherchez-vous?structure=EAJE&location=Marseille,%20Bouches-du-Rh%C3%B4ne,%20Provence-Alpes-C%C3%B4te%20d%27Azur,%20FRA&x=5.369840720842&y=43.296537711497&radius=30000"
3242fda4-4582-4e4b-8f07-c25387a69088,12522507,EAJE,,MAC POUSSY 1,,0491724369,,poussy.creche@orange.fr, Boulevard Haïfa 13008 MARSEILLE,MARSEILLE,5220,NR,,false,,MARSEILLE CRECHE,"https://monenfant.fr/que-recherchez-vous?structure=EAJE&location=Marseille,%20Bouches-du-Rh%C3%B4ne,%20Provence-Alpes-C%C3%B4te%20d%27Azur,%20FRA&x=5.369840720842&y=43.296537711497&radius=30000"
e9f6d68f-ea00-45c0-b989-dbbfa85c50c7,13052515,EAJE,,MAC LES PETITS LOUPS DE BONNEVEINE,http://www.halte-garderie-marseille.fr,0488446645,,contact@halte-garderie-marseille.fr,102 Avenue de Hambourg 13008 MARSEILLE,MARSEILLE,5452,NR,,false,,MARSEILLE CRECHE,"https://monenfant.fr/que-recherchez-vous?structure=EAJE&location=Marseille,%20Bouches-du-Rh%C3%B4ne,%20Provence-Alpes-C%C3%B4te%20d%27Azur,%20FRA&x=5.369840720842&y=43.296537711497&radius=30000"
d6f91b84-dd92-45bc-87dd-74ee5552e99d,21184411,EAJE,,MIC-PAJE LE JARDIN DU GAMIN,https://lejardindugamin.com,0484333786,,,20 Avenue Des Goumiers 13008 MARSEILLE,MARSEILLE,5459,NR,,false,,MARSEILLE CRECHE,"https://monenfant.fr/que-recherchez-vous?structure=EAJE&location=Marseille,%20Bouches-du-Rh%C3%B4ne,%20Provence-Alpes-C%C3%B4te%20d%27Azur,%20FRA&x=5.369840720842&y=43.296537711497&radius=30000"
84847f6b-500d-4343-afa6-2d563bf52490,12541599,EAJE,,MAC MAZARGUES,,0491401359,,,9 Boulevard Dessautel 13009 MARSEILLE,MARSEILLE,5570,NR,,false,,MARSEILLE CRECHE,"https://monenfant.fr/que-recherchez-vous?structure=EAJE&location=Marseille,%20Bouches-du-Rh%C3%B4ne,%20Provence-Alpes-C%C3%B4te%20d%27Azur,%20FRA&x=5.369840720842&y=43.296537711497&radius=30000"
d694ee41-beab-4dbc-b152-a90bbf76cd78,12542674,EAJE,,MAC LES ALISIERS,,0491820388,,,27 Boulevard des Alisiers 13009 MARSEILLE,MARSEILLE,5685,NR,,false,,MARSEILLE CRECHE,"https://monenfant.fr/que-recherchez-vous?structure=EAJE&location=Marseille,%20Bouches-du-Rh%C3%B4ne,%20Provence-Alpes-C%C3%B4te%20d%27Azur,%20FRA&x=5.369840720842&y=43.296537711497&radius=30000"
7efb7632-92f3-463b-86a4-e991e54a5733,18437994,EAJE,,MIC-PAJE ROMULUS & RÉMUS,https://www.youbeeforkids.com/micro-creches-youbeeforkids/region-sud/creche-romulus-remus-marseille-mazargues/,0491603238,,romulusetremus@youbee.com,121 Rue Jules Isaac 13009 MARSEILLE,MARSEILLE,5783,D,2026-08-25,false,,MARSEILLE CRECHE,"https://monenfant.fr/que-recherchez-vous?structure=EAJE&location=Marseille,%20Bouches-du-Rh%C3%B4ne,%20Provence-Alpes-C%C3%B4te%20d%27Azur,%20FRA&x=5.369840720842&y=43.296537711497&radius=30000"
c8154f01-d62f-45c9-8c8f-75950e558b49,12532139,EAJE,,SAINTE VICTOIRE,https://www.crechesdusud.fr/creches/sainte-victoire/,0491724851,,saintevictoire@creches-du-sud.fr,70 Avenue André Zenatti 13008 MARSEILLE,MARSEILLE,5792,NR,,false,,MARSEILLE CRECHE,"https://monenfant.fr/que-recherchez-vous?structure=EAJE&location=Marseille,%20Bouches-du-Rh%C3%B4ne,%20Provence-Alpes-C%C3%B4te%20d%27Azur,%20FRA&x=5.369840720842&y=43.296537711497&radius=30000"
2d2b20b6-4d47-4c49-8ab5-238318e442b5,18184250,EAJE,,JE BNE ELAZAR,,0496730886,,insfrh@yahoo.fr,11 Traverse Pourrières 13008 MARSEILLE,MARSEILLE,5872,NR,,false,,MARSEILLE CRECHE,"https://monenfant.fr/que-recherchez-vous?structure=EAJE&location=Marseille,%20Bouches-du-Rh%C3%B4ne,%20Provence-Alpes-C%C3%B4te%20d%27Azur,%20FRA&x=5.369840720842&y=43.296537711497&radius=30000"
81a62788-c8fd-439f-a21b-f2e0117b3167,63236622,EAJE,,ZOLA,https://www.youbeeforkids.com/micro-creches-youbeeforkids/region-sud/micro-creche-emile-zola-marseille-sainte-marguerite-mazargues/,0412046092,,zola@youbee.com,3 Rue Emile Zola 13009 MARSEILLE,MARSEILLE,5902,D,2026-08-25,false,,MARSEILLE CRECHE,"https://monenfant.fr/que-recherchez-vous?structure=EAJE&location=Marseille,%20Bouches-du-Rh%C3%B4ne,%20Provence-Alpes-C%C3%B4te%20d%27Azur,%20FRA&x=5.369840720842&y=43.296537711497&radius=30000"
60c6cabe-d96d-410f-88a2-e8fc22c72c92,12864511,EAJE,,LES MALICIEUX DE MAZARGUES,http://www.lpcr.fr,0413420055,,marseille.mazargues@crechesetmalices.com,81 Boulevard de la concorde 13009 MARSEILLE,MARSEILLE,5959,NR,,false,,MARSEILLE CRECHE,"https://monenfant.fr/que-recherchez-vous?structure=EAJE&location=Marseille,%20Bouches-du-Rh%C3%B4ne,%20Provence-Alpes-C%C3%B4te%20d%27Azur,%20FRA&x=5.369840720842&y=43.296537711497&radius=30000"
1859cd44-1705-42fd-b8e2-eb541bd7eb22,18183251,EAJE,,MAC POUSSY 3,http://www.poussycreche.fr/,0491165035,,,26 Boulevard Louvain 13008 MARSEILLE,MARSEILLE,5964,ND,,false,,MARSEILLE CRECHE,"https://monenfant.fr/que-recherchez-vous?structure=EAJE&location=Marseille,%20Bouches-du-Rh%C3%B4ne,%20Provence-Alpes-C%C3%B4te%20d%27Azur,%20FRA&x=5.369840720842&y=43.296537711497&radius=30000"
8508a70a-fbf7-44b0-bc9f-e063eb70cdf8,62892673,EAJE,,BABYNIERE MARSEILLE-MAZARGUES,https://babyniere.fr,0465956787,,info@babyniere.fr,2 Place ROBESPIERRE 13009 MARSEILLE,MARSEILLE,5995,NR,,false,,MARSEILLE CRECHE,"https://monenfant.fr/que-recherchez-vous?structure=EAJE&location=Marseille,%20Bouches-du-Rh%C3%B4ne,%20Provence-Alpes-C%C3%B4te%20d%27Azur,%20FRA&x=5.369840720842&y=43.296537711497&radius=30000"
56d6c226-3f63-4121-a1e6-26f695ac49cd,12864898,EAJE,,LES MALICIEUX DE FLORALIA,http://www.lpcr.fr,0413420068,,marseille.floralia@crechesetmalices.com,72 Rue de Floralia 13008 MARSEILLE,MARSEILLE,6152,NR,,false,,MARSEILLE CRECHE,"https://monenfant.fr/que-recherchez-vous?structure=EAJE&location=Marseille,%20Bouches-du-Rh%C3%B4ne,%20Provence-Alpes-C%C3%B4te%20d%27Azur,%20FRA&x=5.369840720842&y=43.296537711497&radius=30000"
de682cf6-66c0-48c9-964a-725212ded05a,18184161,EAJE,,JE CHMOUEL ISRAEL,,0491821889,,insfrh@yahoo.fr,13 Boulevard du redon 13009 MARSEILLE,MARSEILLE,6170,NR,,false,,MARSEILLE CRECHE,"https://monenfant.fr/que-recherchez-vous?structure=EAJE&location=Marseille,%20Bouches-du-Rh%C3%B4ne,%20Provence-Alpes-C%C3%B4te%20d%27Azur,%20FRA&x=5.369840720842&y=43.296537711497&radius=30000"
f66462a0-81af-4f1d-a48d-5dc7fe395cbb,18184058,EAJE,,MAC FLIP FLAP FLOUP,http://flip.flap.floup.free.fr,0491756061,,flip.flap.floup@free.fr,23 Chemin DE LA COLLINE 13009 MARSEILLE,MARSEILLE,6239,NR,,false,,MARSEILLE CRECHE,"https://monenfant.fr/que-recherchez-vous?structure=EAJE&location=Marseille,%20Bouches-du-Rh%C3%B4ne,%20Provence-Alpes-C%C3%B4te%20d%27Azur,%20FRA&x=5.369840720842&y=43.296537711497&radius=30000"
a2a0955e-7592-49a8-bc35-772c831840f6,12655979,EAJE,,MAC LES CÈDRES,,0491177395,,accueil@apaf.asso.fr,79 Boulevard du Redon 13009 MARSEILLE,MARSEILLE,6317,NR,,false,,MARSEILLE CRECHE,"https://monenfant.fr/que-recherchez-vous?structure=EAJE&location=Marseille,%20Bouches-du-Rh%C3%B4ne,%20Provence-Alpes-C%C3%B4te%20d%27Azur,%20FRA&x=5.369840720842&y=43.296537711497&radius=30000"
b1153b7b-ef54-44f7-ad68-7a68e8090de9,12654345,EAJE,,MAC LA CABOTINE,,0491268220,,,83 Boulevard du Redon 13009 MARSEILLE,MARSEILLE,6355,NR,,false,,MARSEILLE CRECHE,"https://monenfant.fr/que-recherchez-vous?structure=EAJE&location=Marseille,%20Bouches-du-Rh%C3%B4ne,%20Provence-Alpes-C%C3%B4te%20d%27Azur,%20FRA&x=5.369840720842&y=43.296537711497&radius=30000"
1e2c79c6-bc1c-4d1c-a7f4-cb8743434dc9,12546028,EAJE,,MAC REDON,,0491412379,,,83 Boulevard du Redon 13009 MARSEILLE,MARSEILLE,6355,NR,,false,,MARSEILLE CRECHE,"https://monenfant.fr/que-recherchez-vous?structure=EAJE&location=Marseille,%20Bouches-du-Rh%C3%B4ne,%20Provence-Alpes-C%C3%B4te%20d%27Azur,%20FRA&x=5.369840720842&y=43.296537711497&radius=30000"
67f0409b-8e61-4179-82e8-c27188bd1bf0,12550027,EAJE,,MAC LA POINTE ROUGE,,0491734962,,,81 Traverse Prat 13008 MARSEILLE,MARSEILLE,6376,NR,,false,,MARSEILLE CRECHE,"https://monenfant.fr/que-recherchez-vous?structure=EAJE&location=Marseille,%20Bouches-du-Rh%C3%B4ne,%20Provence-Alpes-C%C3%B4te%20d%27Azur,%20FRA&x=5.369840720842&y=43.296537711497&radius=30000"
6bf5af0b-5fae-4453-ad4c-416aa504c0d1,12550070,EAJE,,MAC DU ROY D'ESPAGNE,,0491730761,,, Allée Yvon Morandat 13008 MARSEILLE,MARSEILLE,6610,NR,,false,,MARSEILLE CRECHE,"https://monenfant.fr/que-recherchez-vous?structure=EAJE&location=Marseille,%20Bouches-du-Rh%C3%B4ne,%20Provence-Alpes-C%C3%B4te%20d%27Azur,%20FRA&x=5.369840720842&y=43.296537711497&radius=30000"
36b19898-ff44-4b28-85a8-c7b42afddfb1,12739072,EAJE,,MIC PAJE  BB PITCHOUN TASSIGNY,https://www.la-maison-bleue.fr/creche/provence-alpes-cote-dazur/bouches-du-rhone/marseille/13009/bb-pitchoun-tassigny,0488081212,,,103 Avenue De Lattre de Tassigny 13009 MARSEILLE,MARSEILLE,6680,NR,,false,,MARSEILLE CRECHE,"https://monenfant.fr/que-recherchez-vous?structure=EAJE&location=Marseille,%20Bouches-du-Rh%C3%B4ne,%20Provence-Alpes-C%C3%B4te%20d%27Azur,%20FRA&x=5.369840720842&y=43.296537711497&radius=30000"
967e16d6-81fd-4960-aaa5-1e9b72df140f,18183407,EAJE,,LES ENFANTS DE PARANGON,https://www.crechesdusud.fr/creches/les-enfants-de-parangon/,0488605420,,parangon@creches-du-sud.fr,125 Traverse Parangon 13008 MARSEILLE,MARSEILLE,6766,NR,,false,,MARSEILLE CRECHE,"https://monenfant.fr/que-recherchez-vous?structure=EAJE&location=Marseille,%20Bouches-du-Rh%C3%B4ne,%20Provence-Alpes-C%C3%B4te%20d%27Azur,%20FRA&x=5.369840720842&y=43.296537711497&radius=30000"
224d0206-f343-4a9f-8a3f-34beee7662c1,18183799,EAJE,,MAC POUSSY NET,http://www.poussycreche.fr,0491753730,,, Impasse Karabadjakian 13009 MARSEILLE,MARSEILLE,6984,NR,,false,,MARSEILLE CRECHE,"https://monenfant.fr/que-recherchez-vous?structure=EAJE&location=Marseille,%20Bouches-du-Rh%C3%B4ne,%20Provence-Alpes-C%C3%B4te%20d%27Azur,%20FRA&x=5.369840720842&y=43.296537711497&radius=30000"
f57ad3a5-2fe2-48e5-a4e2-ec6a9a02430f,12864597,EAJE,,MIC LES MALICIEUX DU ROY D'ESPAGNE,http://www.lpcr.fr,0413420066,,marseille.espagne@crechesetmalices.com,4 Rue CAPITAINE JEAN CROISA 13009 MARSEILLE,MARSEILLE,7287,NR,,false,,MARSEILLE CRECHE,"https://monenfant.fr/que-recherchez-vous?structure=EAJE&location=Marseille,%20Bouches-du-Rh%C3%B4ne,%20Provence-Alpes-C%C3%B4te%20d%27Azur,%20FRA&x=5.369840720842&y=43.296537711497&radius=30000"
f3255a5e-4417-42cd-b411-f6501b58850c,12545813,EAJE,,MAC BAUME-COLGATE,,0491407508,,,9 Traverse Colgate 13009 MARSEILLE,MARSEILLE,7602,NR,,false,,MARSEILLE CRECHE,"https://monenfant.fr/que-recherchez-vous?structure=EAJE&location=Marseille,%20Bouches-du-Rh%C3%B4ne,%20Provence-Alpes-C%C3%B4te%20d%27Azur,%20FRA&x=5.369840720842&y=43.296537711497&radius=30000"
a40e017e-96b1-4f13-b2ea-d1ac84a0731f,12536267,EAJE,,MAC LES PETITS LUTINS MARSEILLE,,0491738948,,lutins13009@gmail.com,125 Traverse Colgate 13009 MARSEILLE,MARSEILLE,7641,NR,,false,,MARSEILLE CRECHE,"https://monenfant.fr/que-recherchez-vous?structure=EAJE&location=Marseille,%20Bouches-du-Rh%C3%B4ne,%20Provence-Alpes-C%C3%B4te%20d%27Azur,%20FRA&x=5.369840720842&y=43.296537711497&radius=30000"
5041a659-d52b-4ab2-a1fc-d979c26e27d9,18185544,EAJE,,MAC POP CORN,,0491495016,,,170 Avenue de Luminy 13009 MARSEILLE,MARSEILLE,7771,NR,,false,,MARSEILLE CRECHE,"https://monenfant.fr/que-recherchez-vous?structure=EAJE&location=Marseille,%20Bouches-du-Rh%C3%B4ne,%20Provence-Alpes-C%C3%B4te%20d%27Azur,%20FRA&x=5.369840720842&y=43.296537711497&radius=30000"
4648f13b-61ae-4cdf-a9d8-e66845219798,12560906,EAJE,,MAC CARNOUX AVENIR,,0442735169,,carnouxavenir@lamut.fr,20 Avenue Paul Cezanne 13470 CARNOUX EN PROVENCE,CARNOUX EN PROVENCE,15711,NR,,false,,MARSEILLE CRECHE,"https://monenfant.fr/que-recherchez-vous?structure=EAJE&location=Marseille,%20Bouches-du-Rh%C3%B4ne,%20Provence-Alpes-C%C3%B4te%20d%27Azur,%20FRA&x=5.369840720842&y=43.296537711497&radius=30000"
dd0f71bb-8bfc-455b-93c0-920941998488,12701911,EAJE,,MAC LA RESPELIDO,http://www.cassis.fr,0442183568,,mac-respelido@cassis.fr,12 Avenue Jules Ferry 13260 CASSIS,CASSIS,16290,NR,,false,,MARSEILLE CRECHE,"https://monenfant.fr/que-recherchez-vous?structure=EAJE&location=Marseille,%20Bouches-du-Rh%C3%B4ne,%20Provence-Alpes-C%C3%B4te%20d%27Azur,%20FRA&x=5.369840720842&y=43.296537711497&radius=30000"
59f56c84-51d6-4d72-ab04-8476cd718edb,45331029,EAJE,,LES PETITS DRAGONS,https://www.igesa.fr,0442089652,,, Quartier Camp de Carpiagne - Quartier MDL Keck 13470 CARNOUX EN PROVENCE,CARNOUX EN PROVENCE,16520,NR,,false,,MARSEILLE CRECHE,"https://monenfant.fr/que-recherchez-vous?structure=EAJE&location=Marseille,%20Bouches-du-Rh%C3%B4ne,%20Provence-Alpes-C%C3%B4te%20d%27Azur,%20FRA&x=5.369840720842&y=43.296537711497&radius=30000"
f21ee9f3-a1ad-45ff-a6a7-b01bcf281911,12531107,EAJE,,MAC LES CANAILLOUS CASSIS,https://www.crechesdusud.fr/creches/les-canaillous/,0442013434,,cassis@creches-du-sud.fr, Avenue de Verdun - Quartier des Brayes 13260 CASSIS,CASSIS,16567,NR,,false,,MARSEILLE CRECHE,"https://monenfant.fr/que-recherchez-vous?structure=EAJE&location=Marseille,%20Bouches-du-Rh%C3%B4ne,%20Provence-Alpes-C%C3%B4te%20d%27Azur,%20FRA&x=5.369840720842&y=43.296537711497&radius=30000"
bbafba97-2e09-4b6b-9e9e-58bd62167964,21199409,EAJE,,MIC-PAJE PETIT À PETONS,,0442842635,,petitapetons13@gmail.com, Clos du Rocher 13830 ROQUEFORT LA BEDOULE,ROQUEFORT LA BEDOULE,17914,NR,,false,,MARSEILLE CRECHE,"https://monenfant.fr/que-recherchez-vous?structure=EAJE&location=Marseille,%20Bouches-du-Rh%C3%B4ne,%20Provence-Alpes-C%C3%B4te%20d%27Azur,%20FRA&x=5.369840720842&y=43.296537711497&radius=30000"
a78f14d2-ed65-430d-8bd1-3c8bf36a4121,12531150,EAJE,,LEÏ PICHOUN,https://www.crechesdusud.fr/creches/lei-pitchoun/,0442450319,,carry@creches-du-sud.fr, Chemin des diligences 13620 CARRY LE ROUET,CARRY LE ROUET,17946,NR,,false,,MARSEILLE CRECHE,"https://monenfant.fr/que-recherchez-vous?structure=EAJE&location=Marseille,%20Bouches-du-Rh%C3%B4ne,%20Provence-Alpes-C%C3%B4te%20d%27Azur,%20FRA&x=5.369840720842&y=43.296537711497&radius=30000"
ab466834-b32c-4323-8743-3748c21258f2,18115236,EAJE,,MAC LES P TITS LOUPS CARRY LE ROUET,https://www.leolagrange.org/petite-enfance-03-ans/,0972418877,,mac.carry@leolagrange.org,10 Avenue Bocoumajour 13620 CARRY LE ROUET,CARRY LE ROUET,18352,NR,,false,,MARSEILLE CRECHE,"https://monenfant.fr/que-recherchez-vous?structure=EAJE&location=Marseille,%20Bouches-du-Rh%C3%B4ne,%20Provence-Alpes-C%C3%B4te%20d%27Azur,%20FRA&x=5.369840720842&y=43.296537711497&radius=30000"
159dd06f-875c-4056-8e7b-4d81944c08dd,12723678,EAJE,,MULTI-ACCUEIL MUNICIPAL - LE CABANON DES PITCHOUN,http://www.caf.fr,0442731545,,creche-roquefortlabedoule@orange.fr, Avenue Fernand Balducci 13830 ROQUEFORT LA BEDOULE,ROQUEFORT LA BEDOULE,18636,NR,,false,,MARSEILLE CRECHE,"https://monenfant.fr/que-recherchez-vous?structure=EAJE&location=Marseille,%20Bouches-du-Rh%C3%B4ne,%20Provence-Alpes-C%C3%B4te%20d%27Azur,%20FRA&x=5.369840720842&y=43.296537711497&radius=30000"
cc9465f0-9cb2-414d-af20-eb4d5b059d12,12721003,EAJE,,MAC PARC D ACTIVITES,,0442328551,,assocrecheduparc@wanadoo.fr,280 Avenue du Château de Jouques 13420 GEMENOS,GEMENOS,19911,NR,,false,,MARSEILLE CRECHE,"https://monenfant.fr/que-recherchez-vous?structure=EAJE&location=Marseille,%20Bouches-du-Rh%C3%B4ne,%20Provence-Alpes-C%C3%B4te%20d%27Azur,%20FRA&x=5.369840720842&y=43.296537711497&radius=30000"
6c58de50-a496-4f65-9b8b-3dcdbed6d637,62891737,EAJE,,CANNE A PECHE,http://www.creches-happykids.fr,0695064165,,charlotte-criquet@creches-happykids.fr,601 Avenue Des Genevriers 13600 LA CIOTAT,LA CIOTAT,20952,NR,,false,,MARSEILLE CRECHE,"https://monenfant.fr/que-recherchez-vous?structure=EAJE&location=Marseille,%20Bouches-du-Rh%C3%B4ne,%20Provence-Alpes-C%C3%B4te%20d%27Azur,%20FRA&x=5.369840720842&y=43.296537711497&radius=30000"
4a8744a2-63b9-456b-8ec6-1032ab11e74d,62891975,EAJE,,CANNE A SUCRE,http://www.creches-happykids.fr,0695064165,,charlotte-criquet@creches-happykids.fr,601 Avenue Des Genevriers 13600 LA CIOTAT,LA CIOTAT,20952,NR,,false,,MARSEILLE CRECHE,"https://monenfant.fr/que-recherchez-vous?structure=EAJE&location=Marseille,%20Bouches-du-Rh%C3%B4ne,%20Provence-Alpes-C%C3%B4te%20d%27Azur,%20FRA&x=5.369840720842&y=43.296537711497&radius=30000"
28a9e94b-9825-464a-a7de-c3131140a2a8,12531580,EAJE,,LES PITCHOUNS D'ATHÉLIA,https://www.crechesdusud.fr/creches/les-pitchouns-athelia/,0442981320,,laciotat@creches-du-sud.fr,515 Avenue de la Tramontane 13600 LA CIOTAT,LA CIOTAT,21319,NR,,false,,MARSEILLE CRECHE,"https://monenfant.fr/que-recherchez-vous?structure=EAJE&location=Marseille,%20Bouches-du-Rh%C3%B4ne,%20Provence-Alpes-C%C3%B4te%20d%27Azur,%20FRA&x=5.369840720842&y=43.296537711497&radius=30000"
4540ea4b-6c46-45a3-add4-3ce8044a4f6f,12720057,EAJE,,MAC SAUSSET LES PINS EX CHENE,,0442132330,,creche.sausset@gmail.com,6 Avenue des Chênes 13960 SAUSSET LES PINS,SAUSSET LES PINS,22222,NR,,false,,MARSEILLE CRECHE,"https://monenfant.fr/que-recherchez-vous?structure=EAJE&location=Marseille,%20Bouches-du-Rh%C3%B4ne,%20Provence-Alpes-C%C3%B4te%20d%27Azur,%20FRA&x=5.369840720842&y=43.296537711497&radius=30000"
0d099789-0120-4445-a9bc-2563e5373eee,12572043,EAJE,,MAC FARDELOUP,,0442089671,,petite-enfance@mairie-laciotat.fr,36 Chemin de Fardeloup 13600 LA CIOTAT,LA CIOTAT,22333,NR,,false,,MARSEILLE CRECHE,"https://monenfant.fr/que-recherchez-vous?structure=EAJE&location=Marseille,%20Bouches-du-Rh%C3%B4ne,%20Provence-Alpes-C%C3%B4te%20d%27Azur,%20FRA&x=5.369840720842&y=43.296537711497&radius=30000"
1c77ff5a-ede8-48a2-afa4-c384f87a234f,12571914,EAJE,,MAC BARLATIER,http://www.laciotat.com,0442083742,,petite-enfance@mairie-laciotat.fr, Avenue de Maltemps 13600 LA CIOTAT,LA CIOTAT,23115,NR,,false,,MARSEILLE CRECHE,"https://monenfant.fr/que-recherchez-vous?structure=EAJE&location=Marseille,%20Bouches-du-Rh%C3%B4ne,%20Provence-Alpes-C%C3%B4te%20d%27Azur,%20FRA&x=5.369840720842&y=43.296537711497&radius=30000"
dcce5ba0-3add-4bc4-9105-4e2a486c25bb,18406435,EAJE,,MIC-PAJE LES MALICIEUX DES PEUPLIERS,https://www.grandir.com/fr/nurseries/nursery/409,0486257152,,ceyreste@lpcr.fr, Chemin des Peupliers lot 6 13600 CEYRESTE,CEYRESTE,23153,NR,,false,,MARSEILLE CRECHE,"https://monenfant.fr/que-recherchez-vous?structure=EAJE&location=Marseille,%20Bouches-du-Rh%C3%B4ne,%20Provence-Alpes-C%C3%B4te%20d%27Azur,%20FRA&x=5.369840720842&y=43.296537711497&radius=30000"
39fc26b0-13b4-4e91-b7a7-c611f5b9554a,12571871,EAJE,,MAC RITT,http://www.laciotat.com,0442832785,,petite-enfance@mairie-laciotat.fr, Avenue Joseph  Roumanille 13600 LA CIOTAT,LA CIOTAT,23195,NR,,false,,MARSEILLE CRECHE,"https://monenfant.fr/que-recherchez-vous?structure=EAJE&location=Marseille,%20Bouches-du-Rh%C3%B4ne,%20Provence-Alpes-C%C3%B4te%20d%27Azur,%20FRA&x=5.369840720842&y=43.296537711497&radius=30000"
ceae14f7-693d-4ef0-affa-0ba4b374b432,12724839,EAJE,,BABILOU LA CIOTAT ATHELIA,https://www.babilou.fr/,0442324538,,atelierdespetitspas@babilou.com,14 Avenue du Sorbier - Zone Athelia IV 13600 LA CIOTAT,LA CIOTAT,23490,NR,,false,,MARSEILLE CRECHE,"https://monenfant.fr/que-recherchez-vous?structure=EAJE&location=Marseille,%20Bouches-du-Rh%C3%B4ne,%20Provence-Alpes-C%C3%B4te%20d%27Azur,%20FRA&x=5.369840720842&y=43.296537711497&radius=30000"
f08bb370-1448-4ac6-b7cf-fd4fe31c6b70,12572086,EAJE,,MAC LES MATAGOTS,http://www.laciotat.com,0442719295,,petite-enfance@mairie-laciotat.fr, Avenue Guillaume Dulac - Bâtiment A 13600 LA CIOTAT,LA CIOTAT,23490,NR,,false,,MARSEILLE CRECHE,"https://monenfant.fr/que-recherchez-vous?structure=EAJE&location=Marseille,%20Bouches-du-Rh%C3%B4ne,%20Provence-Alpes-C%C3%B4te%20d%27Azur,%20FRA&x=5.369840720842&y=43.296537711497&radius=30000"
acd58489-1cb2-4d6c-aee8-e3919d9cf714,12572731,EAJE,,MAF LES MATAGOTS,,0442719295,,petite-enfance@mairie-laciotat.fr, Avenue Guillaume Dulac  Bâtiment A2 13600 LA CIOTAT,LA CIOTAT,23490,NR,,false,,MARSEILLE CRECHE,"https://monenfant.fr/que-recherchez-vous?structure=EAJE&location=Marseille,%20Bouches-du-Rh%C3%B4ne,%20Provence-Alpes-C%C3%B4te%20d%27Azur,%20FRA&x=5.369840720842&y=43.296537711497&radius=30000"
1685f78d-c989-4c38-a767-003a802e482a,13074058,EAJE,,MAC LA COURONNE MARTIGUES,,0442428793,,petite-enfance@ville-martigues.fr,9 Traverse de la Pointe Riche 13500 MARTIGUES,MARTIGUES,25980,NR,,false,,MARSEILLE CRECHE,"https://monenfant.fr/que-recherchez-vous?structure=EAJE&location=Marseille,%20Bouches-du-Rh%C3%B4ne,%20Provence-Alpes-C%C3%B4te%20d%27Azur,%20FRA&x=5.369840720842&y=43.296537711497&radius=30000"
fe0eed83-e33b-4450-ac4c-9a68e05cfa61,12591092,EAJE,,MACF  LA MAISON DES BÉBÉS,,0442739680,,crechecugeslespins@wanadoo.fr, Chemin de la ribassée. Quartier le cros reynier 13780 CUGES LES PINS,CUGES LES PINS,27669,NR,,false,,MARSEILLE CRECHE,"https://monenfant.fr/que-recherchez-vous?structure=EAJE&location=Marseille,%20Bouches-du-Rh%C3%B4ne,%20Provence-Alpes-C%C3%B4te%20d%27Azur,%20FRA&x=5.369840720842&y=43.296537711497&radius=30000"
e23a8375-5367-4de1-b30d-a646c4406bd8,12143143,RPE,,RELAIS PETITE ENFANCE GYPTIS,https://laligue13.fr/actions-sociales/reseau-petite-enfance/relais-d-assistants-maternels,0642606134,,ramgyptis8@laligue13.fr,8 Avenue ILLYSSIA 13008 MARSEILLE,MARSEILLE,4791,,,false,,MARSEILLE RELAIS ET PARENTS,"https://monenfant.fr/que-recherchez-vous?structure=RPE;LAEP&location=Marseille,%20Bouches-du-Rh%C3%B4ne,%20Provence-Alpes-C%C3%B4te%20d%27Azur,%20FRA&x=5.369840720842&y=43.296537711497&radius=30000"
d3545fc5-dc34-472d-b5a5-663a8fc4ccd8,41204589,ALSH,,ESC ROY D'ESPAGNE,http://www.roydes.fr,0491733982,,roydes@orange.fr,16  ALBENIZ 13008 MARSEILLE,MARSEILLE,3098,,,false,,MARSEILLE LOISIR,"https://monenfant.fr/que-recherchez-vous?structure=ALSH&location=Marseille,%20Bouches-du-Rh%C3%B4ne,%20Provence-Alpes-C%C3%B4te%20d%27Azur,%20FRA&x=5.369840720842&y=43.296537711497&radius=30000"
7bb0a4d3-7c72-458b-b338-0c8108a5b1be,41204633,ALSH,,MERCREDI ROY D'ESPAGNE,http://www.roydes.fr,0491733982,,roydes@orange.fr,16  ALBENIZ 13008 MARSEILLE,MARSEILLE,3098,,,false,,MARSEILLE LOISIR,"https://monenfant.fr/que-recherchez-vous?structure=ALSH&location=Marseille,%20Bouches-du-Rh%C3%B4ne,%20Provence-Alpes-C%C3%B4te%20d%27Azur,%20FRA&x=5.369840720842&y=43.296537711497&radius=30000"
893e277b-67a8-4510-af5c-2eb529c53aae,21358293,ALSH,,ESC CSC ST GINIEZ 13008 - ACM CS ST GINIEZ,,0491779305,,cscginiez8@gmail.com,38 Rue Raphaël Ponson 13008 MARSEILLE,MARSEILLE,3702,,,false,,MARSEILLE LOISIR,"https://monenfant.fr/que-recherchez-vous?structure=ALSH&location=Marseille,%20Bouches-du-Rh%C3%B4ne,%20Provence-Alpes-C%C3%B4te%20d%27Azur,%20FRA&x=5.369840720842&y=43.296537711497&radius=30000"
7646afc6-2012-4040-a0a0-218ef388bd44,39826171,ALSH,,PSC  CSC ST GINIEZ 13008 - ACM CS ST GINIEZ,,0491779305,,cscginiez8@gmail.com,38 Rue Raphaël Ponson 13008 MARSEILLE,MARSEILLE,3702,,,false,,MARSEILLE LOISIR,"https://monenfant.fr/que-recherchez-vous?structure=ALSH&location=Marseille,%20Bouches-du-Rh%C3%B4ne,%20Provence-Alpes-C%C3%B4te%20d%27Azur,%20FRA&x=5.369840720842&y=43.296537711497&radius=30000"
5e8d404a-298a-40da-ac8f-2588aad16b26,22637692,ALSH,,ESC SYNERGIE 13009 - ECOLE PARC DROMEL/SQUARE MICHELET,,0491798536,,contact@synergiefamily.com,1 Boulevard Dromel 13009 MARSEILLE,MARSEILLE,4176,,,false,,MARSEILLE LOISIR,"https://monenfant.fr/que-recherchez-vous?structure=ALSH&location=Marseille,%20Bouches-du-Rh%C3%B4ne,%20Provence-Alpes-C%C3%B4te%20d%27Azur,%20FRA&x=5.369840720842&y=43.296537711497&radius=30000"
edf9b6bb-670c-418a-8934-357bcad3f0df,40215998,ALSH,,MERC SYNERGIE 13009 - ECOLE PARC DROMEL/SQUARE MICHELET,,0491798536,,contact@synergiefamily.com,1 Boulevard Dromel 13009 MARSEILLE,MARSEILLE,4176,,,false,,MARSEILLE LOISIR,"https://monenfant.fr/que-recherchez-vous?structure=ALSH&location=Marseille,%20Bouches-du-Rh%C3%B4ne,%20Provence-Alpes-C%C3%B4te%20d%27Azur,%20FRA&x=5.369840720842&y=43.296537711497&radius=30000"
021966e9-c3d2-457d-b060-6115a59615f6,22461694,ALSH,,ESC SMUC 13008  JEAN BOUIN',http://www.smuc.fr,0683686091,,loisirs@smuc.fr,65 Avenue Clot Bey 13008 MARSEILLE,MARSEILLE,4356,,,false,,MARSEILLE LOISIR,"https://monenfant.fr/que-recherchez-vous?structure=ALSH&location=Marseille,%20Bouches-du-Rh%C3%B4ne,%20Provence-Alpes-C%C3%B4te%20d%27Azur,%20FRA&x=5.369840720842&y=43.296537711497&radius=30000"
d9525270-c764-417a-b443-06be9a7d2853,40026109,ALSH,,PSC SMUC 13008  JEAN BOUIN',http://www.smuc.fr,0683686091,,loisirs@smuc.fr,65 Avenue Clot Bey 13008 MARSEILLE,MARSEILLE,4356,,,false,,MARSEILLE LOISIR,"https://monenfant.fr/que-recherchez-vous?structure=ALSH&location=Marseille,%20Bouches-du-Rh%C3%B4ne,%20Provence-Alpes-C%C3%B4te%20d%27Azur,%20FRA&x=5.369840720842&y=43.296537711497&radius=30000"
b348adf4-25f2-4635-a389-aed3ad68aefa,21435222,ALSH,,ESC APIS 13009  - COIN JOLI,https://m.facebook.com/home.php?ref=wizard&rdr,0784020523,,coinjoli.apis@gmail.com,2 Rue Aviateur Lebrix 13009 MARSEILLE,MARSEILLE,4641,,,false,,MARSEILLE LOISIR,"https://monenfant.fr/que-recherchez-vous?structure=ALSH&location=Marseille,%20Bouches-du-Rh%C3%B4ne,%20Provence-Alpes-C%C3%B4te%20d%27Azur,%20FRA&x=5.369840720842&y=43.296537711497&radius=30000"
4a50a782-891a-4631-9596-e2879cd52d6f,40208894,ALSH,,MERC APIS 13009  - COIN JOLI,https://m.facebook.com/home.php?ref=wizard&rdr,0784020523,,coinjoli.apis@gmail.com,2 Rue Aviateur Lebrix 13009 MARSEILLE,MARSEILLE,4641,,,false,,MARSEILLE LOISIR,"https://monenfant.fr/que-recherchez-vous?structure=ALSH&location=Marseille,%20Bouches-du-Rh%C3%B4ne,%20Provence-Alpes-C%C3%B4te%20d%27Azur,%20FRA&x=5.369840720842&y=43.296537711497&radius=30000"
04c86074-ccd5-4538-998e-04b6f4dda2f8,21434980,ALSH,,ESC MAIRIE 4EME SECTEUR 13008 -  SAINTE ANNE,,0491228223,,acm-ste-anne@marseille.fr,388 Avenue DE MAZARGUES 13008 MARSEILLE,MARSEILLE,4668,,,false,,MARSEILLE LOISIR,"https://monenfant.fr/que-recherchez-vous?structure=ALSH&location=Marseille,%20Bouches-du-Rh%C3%B4ne,%20Provence-Alpes-C%C3%B4te%20d%27Azur,%20FRA&x=5.369840720842&y=43.296537711497&radius=30000"
0ff3e00d-6e71-4331-b6d5-f77f63d26c28,39831061,ALSH,,MERC  MAIRIE 4EME SECTEUR 13008 -  SAINTE ANNE,,0491228223,,acm-ste-anne@marseille.fr,388 Avenue DE MAZARGUES 13008 MARSEILLE,MARSEILLE,4668,,,false,,MARSEILLE LOISIR,"https://monenfant.fr/que-recherchez-vous?structure=ALSH&location=Marseille,%20Bouches-du-Rh%C3%B4ne,%20Provence-Alpes-C%C3%B4te%20d%27Azur,%20FRA&x=5.369840720842&y=43.296537711497&radius=30000"
a54bf6bc-f09f-4158-8170-168674207a90,10849835,ALSH,,ADO LA CRAVACHE APIS 13009 -MAISON DE QUARTIER  LE TRIOULET,http://m.facebook.com/home.php?ref=wizard&rdr,0640826145,,apis.secteurjeunes@gmail.com,36 Rue Aviateur Lebrix 13009 MARSEILLE,MARSEILLE,4829,,,false,,MARSEILLE LOISIR,"https://monenfant.fr/que-recherchez-vous?structure=ALSH&location=Marseille,%20Bouches-du-Rh%C3%B4ne,%20Provence-Alpes-C%C3%B4te%20d%27Azur,%20FRA&x=5.369840720842&y=43.296537711497&radius=30000"
0797762a-8df1-4fe1-8d69-0d778b41471f,21344261,ALSH,,ESC BETH HABAD 13009 - GAN OR-HELIAOU,,0648825004,,habad9eme@gmail.com,323 Boulevard MICHELET 13009 MARSEILLE,MARSEILLE,4832,,,false,,MARSEILLE LOISIR,"https://monenfant.fr/que-recherchez-vous?structure=ALSH&location=Marseille,%20Bouches-du-Rh%C3%B4ne,%20Provence-Alpes-C%C3%B4te%20d%27Azur,%20FRA&x=5.369840720842&y=43.296537711497&radius=30000"
1029ca4c-b2c9-43d4-9b00-a27d259aaa70,21344307,ALSH,,ESC BETH HABAD 13009 -(CENTRE DE FORMATION ET ENSEIGNEMENT),,0648825004,,habad9eme@gmail.com,323 Boulevard MICHELET 13009 MARSEILLE,MARSEILLE,4832,,,false,,MARSEILLE LOISIR,"https://monenfant.fr/que-recherchez-vous?structure=ALSH&location=Marseille,%20Bouches-du-Rh%C3%B4ne,%20Provence-Alpes-C%C3%B4te%20d%27Azur,%20FRA&x=5.369840720842&y=43.296537711497&radius=30000"
fc61e54a-5684-4e5b-bdab-49168e43c106,40866742,ALSH,,13-PSC SOIR -FAIL-13009 -  ELEMENTAIRE MAZARGUES BEAUCHENE,https://laligue13.fr/,0612780502,,referent28@laligue13.fr,5 Avenue MARIE BAJALAT 13009 MARSEILLE,MARSEILLE,4931,,,false,,MARSEILLE LOISIR,"https://monenfant.fr/que-recherchez-vous?structure=ALSH&location=Marseille,%20Bouches-du-Rh%C3%B4ne,%20Provence-Alpes-C%C3%B4te%20d%27Azur,%20FRA&x=5.369840720842&y=43.296537711497&radius=30000"
152add97-6dd4-4376-9e7b-2053ad8295e3,40867468,ALSH,,13-PSC SOIR -FAIL-13008 - ELEMENTAIRE  LE SABLIER 1,https://laligue13.fr/,0617739959,,referent11@laligue13.fr,52 Boulevard DU SABLIER 13008 MARSEILLE,MARSEILLE,5078,,,false,,MARSEILLE LOISIR,"https://monenfant.fr/que-recherchez-vous?structure=ALSH&location=Marseille,%20Bouches-du-Rh%C3%B4ne,%20Provence-Alpes-C%C3%B4te%20d%27Azur,%20FRA&x=5.369840720842&y=43.296537711497&radius=30000"
01ef7357-45d0-42ae-a93d-9e8e83cd7843,40867560,ALSH,,13-PSC SOIR -FAIL-13008 - ELEMENTAIRE  LE SABLIER 2,https://laligue13.fr/,0617739959,,referent11@laligue13.fr,52 Boulevard DU SABLIER 13008 MARSEILLE,MARSEILLE,5078,,,false,,MARSEILLE LOISIR,"https://monenfant.fr/que-recherchez-vous?structure=ALSH&location=Marseille,%20Bouches-du-Rh%C3%B4ne,%20Provence-Alpes-C%C3%B4te%20d%27Azur,%20FRA&x=5.369840720842&y=43.296537711497&radius=30000"
5bb5814e-42ad-4d73-9b59-21b4300e1af8,40867074,ALSH,,13-PSC SOIR -FAIL-13008 - MATERNELLE BONNEVEINE SABLIER,https://laligue13.fr/,0617739959,,referent11@laligue13.fr,52 Boulevard DU SABLIER 13008 MARSEILLE,MARSEILLE,5078,,,false,,MARSEILLE LOISIR,"https://monenfant.fr/que-recherchez-vous?structure=ALSH&location=Marseille,%20Bouches-du-Rh%C3%B4ne,%20Provence-Alpes-C%C3%B4te%20d%27Azur,%20FRA&x=5.369840720842&y=43.296537711497&radius=30000"
cbb53f46-a8a8-4e0c-9d0b-bae77474b972,40867159,ALSH,,13-PSC SOIR -FAIL-13008 - MATER ET ELEM LAPIN BLANC DES NEIGES,https://laligue13.fr/,0635260031,,referent15@laligue13.fr,131 Boulevard DU SABLIER 13008 MARSEILLE,MARSEILLE,5481,,,false,,MARSEILLE LOISIR,"https://monenfant.fr/que-recherchez-vous?structure=ALSH&location=Marseille,%20Bouches-du-Rh%C3%B4ne,%20Provence-Alpes-C%C3%B4te%20d%27Azur,%20FRA&x=5.369840720842&y=43.296537711497&radius=30000"
56138b4e-6daf-4361-a764-947debf5de91,40866879,ALSH,,13-PSC SOIR -FAIL-13009 -  MATERNELLE MAZARGUES GRANDE BASTIDE,https://laligue13.fr/,0613416266,,referent10@laligue13.fr,11 Avenue DESAUTEL 13009 MARSEILLE,MARSEILLE,5552,,,false,,MARSEILLE LOISIR,"https://monenfant.fr/que-recherchez-vous?structure=ALSH&location=Marseille,%20Bouches-du-Rh%C3%B4ne,%20Provence-Alpes-C%C3%B4te%20d%27Azur,%20FRA&x=5.369840720842&y=43.296537711497&radius=30000"
51ef8630-f38f-4ed4-a95a-0a236e00550d,40866352,ALSH,,13-PSC SOIR -FAIL-13009 - MATERNELLE ET ELEMENTAIRE CHATEAU SEC,https://laligue13.fr/,0612780502,,referent28@laligue13.fr,51 Chemin JOSEPH AIGUIER 13009 MARSEILLE,MARSEILLE,5660,,,false,,MARSEILLE LOISIR,"https://monenfant.fr/que-recherchez-vous?structure=ALSH&location=Marseille,%20Bouches-du-Rh%C3%B4ne,%20Provence-Alpes-C%C3%B4te%20d%27Azur,%20FRA&x=5.369840720842&y=43.296537711497&radius=30000"
2ddbfd39-5c14-4e8b-9476-fc9bab83254a,40867379,ALSH,,13-PSC SOIR -FAIL-13008 - MATER ET ELEM LAPIN BLANC,https://laligue13.fr/,0635260031,,referent15@laligue13.fr,70 Avenue ANDRE ZENATTI 13008 MARSEILLE,MARSEILLE,5769,,,false,,MARSEILLE LOISIR,"https://monenfant.fr/que-recherchez-vous?structure=ALSH&location=Marseille,%20Bouches-du-Rh%C3%B4ne,%20Provence-Alpes-C%C3%B4te%20d%27Azur,%20FRA&x=5.369840720842&y=43.296537711497&radius=30000"
ca27029e-da45-4595-b21d-c88ce304954f,11000472,ALSH,,ESC EPISEC 13008  -  BONNEVEINE,http://www.episec.fr,0491731459,,mpt.bonneveine@episec.fr,70 Avenue André Zénatti 13008 MARSEILLE,MARSEILLE,5769,,,false,,MARSEILLE LOISIR,"https://monenfant.fr/que-recherchez-vous?structure=ALSH&location=Marseille,%20Bouches-du-Rh%C3%B4ne,%20Provence-Alpes-C%C3%B4te%20d%27Azur,%20FRA&x=5.369840720842&y=43.296537711497&radius=30000"
b16c6ab5-779f-464e-aca3-38aa43aba4ca,39957191,ALSH,,MERCREDI  EPISEC 13008  -  BONNEVEINE,http://www.episec.fr,0491731459,,mpt.bonneveine@episec.fr,70 Avenue André Zénatti 13008 MARSEILLE,MARSEILLE,5769,,,false,,MARSEILLE LOISIR,"https://monenfant.fr/que-recherchez-vous?structure=ALSH&location=Marseille,%20Bouches-du-Rh%C3%B4ne,%20Provence-Alpes-C%C3%B4te%20d%27Azur,%20FRA&x=5.369840720842&y=43.296537711497&radius=30000"
315df589-febc-465d-b508-bdc8a470aeaa,40866785,ALSH,,13-PSC SOIR -FAIL-13009 -  MATERNELLE ET ELEMENTAIRE MAZARGUES CENTRE,https://laligue13.fr/,0779260301,,referent33@laligue13.fr,3 Rue FRANCOIS BLANC 13009 MARSEILLE,MARSEILLE,5813,,,false,,MARSEILLE LOISIR,"https://monenfant.fr/que-recherchez-vous?structure=ALSH&location=Marseille,%20Bouches-du-Rh%C3%B4ne,%20Provence-Alpes-C%C3%B4te%20d%27Azur,%20FRA&x=5.369840720842&y=43.296537711497&radius=30000"
83802b99-ac31-4687-a4eb-086806ffe4ef,40866968,ALSH,,13-PSC SOIR -FAIL-13008 - MATERNELLE ET ELEMENTAIRE BONEVEINE ZENATTI,https://laligue13.fr/,0635260031,,referent15@laligue13.fr,109 Avenue ANDRE ZENATTI 13008 MARSEILLE,MARSEILLE,5885,,,false,,MARSEILLE LOISIR,"https://monenfant.fr/que-recherchez-vous?structure=ALSH&location=Marseille,%20Bouches-du-Rh%C3%B4ne,%20Provence-Alpes-C%C3%B4te%20d%27Azur,%20FRA&x=5.369840720842&y=43.296537711497&radius=30000"
5053cd75-6d47-4650-94ef-84078bd942a7,41250174,ALSH,,ESC SYNERGIE 13009 - ECOLE CHATEAU SEC,,0646681986,,chateausec@synergie.com,39 Chemin JOSEPH AIGUIER 13009 MARSEILLE,MARSEILLE,5925,,,false,,MARSEILLE LOISIR,"https://monenfant.fr/que-recherchez-vous?structure=ALSH&location=Marseille,%20Bouches-du-Rh%C3%B4ne,%20Provence-Alpes-C%C3%B4te%20d%27Azur,%20FRA&x=5.369840720842&y=43.296537711497&radius=30000"
91cf4203-dec1-47d5-bdff-7d4e3ca2ffd5,41250260,ALSH,,MERC SYNERGIE 13009 - ECOLE CHATEAU SEC,,0646681986,,chateausec@synergie.com,39 Chemin JOSEPH AIGUIER 13009 MARSEILLE,MARSEILLE,5925,,,false,,MARSEILLE LOISIR,"https://monenfant.fr/que-recherchez-vous?structure=ALSH&location=Marseille,%20Bouches-du-Rh%C3%B4ne,%20Provence-Alpes-C%C3%B4te%20d%27Azur,%20FRA&x=5.369840720842&y=43.296537711497&radius=30000"
e3845aed-af35-4880-acb0-089a7109d3d9,40866693,ALSH,,13-PSC SOIR -FAIL-13009 - MATERNELLE ET ELEMENTAIRE LA SOUDE,https://laligue13.fr/,0779260301,,referent33@laligue13.fr,30 Avenue DE LA MARTHELINE 13009 MARSEILLE,MARSEILLE,6032,,,false,,MARSEILLE LOISIR,"https://monenfant.fr/que-recherchez-vous?structure=ALSH&location=Marseille,%20Bouches-du-Rh%C3%B4ne,%20Provence-Alpes-C%C3%B4te%20d%27Azur,%20FRA&x=5.369840720842&y=43.296537711497&radius=30000"
7b57edcf-af73-4244-af12-b1add7256f8a,21434534,ALSH,,ESC MAIRIE 4EME SECTEUR 13008 - PASTRE,,0491253316,,acm-pastre@marseille.fr,157 Avenue DE MONTREDON 13008 MARSEILLE,MARSEILLE,6286,,,false,,MARSEILLE LOISIR,"https://monenfant.fr/que-recherchez-vous?structure=ALSH&location=Marseille,%20Bouches-du-Rh%C3%B4ne,%20Provence-Alpes-C%C3%B4te%20d%27Azur,%20FRA&x=5.369840720842&y=43.296537711497&radius=30000"
7230a473-6683-4520-ba61-02a3510fe40b,39831107,ALSH,,MERC MAIRIE 4EME SECTEUR 13008 - PASTRE,,0491253316,,acm-pastre@marseille.fr,157 Avenue DE MONTREDON 13008 MARSEILLE,MARSEILLE,6286,,,false,,MARSEILLE LOISIR,"https://monenfant.fr/que-recherchez-vous?structure=ALSH&location=Marseille,%20Bouches-du-Rh%C3%B4ne,%20Provence-Alpes-C%C3%B4te%20d%27Azur,%20FRA&x=5.369840720842&y=43.296537711497&radius=30000"
e573ebc8-e242-4dc0-808e-f00553eeece1,41213249,ALSH,,ESC-EEUDF-13009 - GROUPE  LOCAL MARSEILLE CALANQUES,https://eeudf.org,0142705220,,sn@eeudf.org,9 Rue MAGNAN 13009 MARSEILLE,MARSEILLE,6314,,,false,,MARSEILLE LOISIR,"https://monenfant.fr/que-recherchez-vous?structure=ALSH&location=Marseille,%20Bouches-du-Rh%C3%B4ne,%20Provence-Alpes-C%C3%B4te%20d%27Azur,%20FRA&x=5.369840720842&y=43.296537711497&radius=30000"
a2d6b0f1-a40c-480c-b0f3-525ce766bd5c,40867697,ALSH,,13-PSC SOIR -FAIL-13008 - MATERNELLE ET ELEMENTAIRE POINTE ROUGE,https://laligue13.fr/,0617739959,,referent11@laligue13.fr,10 Boulevard PIOT 13008 MARSEILLE,MARSEILLE,6349,,,false,,MARSEILLE LOISIR,"https://monenfant.fr/que-recherchez-vous?structure=ALSH&location=Marseille,%20Bouches-du-Rh%C3%B4ne,%20Provence-Alpes-C%C3%B4te%20d%27Azur,%20FRA&x=5.369840720842&y=43.296537711497&radius=30000"
911cc03a-51a0-4bb0-9208-f143d6a84f52,40868051,ALSH,,13-PSC SOIR -FAIL-13008 - MATERNELLE STE CATHERINE,https://laligue13.fr/,0776856613,,referent44@laligue13.fr,98 Traverse DE PRAT 13008 MARSEILLE,MARSEILLE,6498,,,false,,MARSEILLE LOISIR,"https://monenfant.fr/que-recherchez-vous?structure=ALSH&location=Marseille,%20Bouches-du-Rh%C3%B4ne,%20Provence-Alpes-C%C3%B4te%20d%27Azur,%20FRA&x=5.369840720842&y=43.296537711497&radius=30000"
beb1dbd5-06af-4b87-99c9-9bf08eb1aa33,40867860,ALSH,,13-PSC SOIR -FAIL-13008 - MATER ET ELEMENTAIRE ROY D'ESPAGNE (CHABRIER),https://laligue13.fr/,0618009439,,referent23@laligue13.fr,1 Allée EMMANUEL CHABRIER 13008 MARSEILLE,MARSEILLE,6510,,,false,,MARSEILLE LOISIR,"https://monenfant.fr/que-recherchez-vous?structure=ALSH&location=Marseille,%20Bouches-du-Rh%C3%B4ne,%20Provence-Alpes-C%C3%B4te%20d%27Azur,%20FRA&x=5.369840720842&y=43.296537711497&radius=30000"
73aedf07-7ac6-4333-be05-de179b1b61ca,40868007,ALSH,,13-PSC SOIR -FAIL-13008 - MATERNELLE MONTREDON ENGALIERE,https://laligue13.fr/,0617739959,,referent44@laligue13.fr,8 Place ENGALIERE 13008 MARSEILLE,MARSEILLE,6524,,,false,,MARSEILLE LOISIR,"https://monenfant.fr/que-recherchez-vous?structure=ALSH&location=Marseille,%20Bouches-du-Rh%C3%B4ne,%20Provence-Alpes-C%C3%B4te%20d%27Azur,%20FRA&x=5.369840720842&y=43.296537711497&radius=30000"
9d4fafa6-d706-4c77-9074-0a6bf0ca7fad,21526473,ALSH,,ESC APIS 13009 -  'MAZARGUES VACCARO',,0679568912,,apis.vaccaro@gmail.com, Boulevard Général Koenig 13009 MARSEILLE,MARSEILLE,6808,,,false,,MARSEILLE LOISIR,"https://monenfant.fr/que-recherchez-vous?structure=ALSH&location=Marseille,%20Bouches-du-Rh%C3%B4ne,%20Provence-Alpes-C%C3%B4te%20d%27Azur,%20FRA&x=5.369840720842&y=43.296537711497&radius=30000"
6b96e72c-242b-429c-927e-2f2f7a4f8c4b,40209285,ALSH,,MERC APIS 13009 -  'MAZARGUES VACCARO',,0679568912,,apis.vaccaro@gmail.com, Boulevard Général Koenig 13009 MARSEILLE,MARSEILLE,6808,,,false,,MARSEILLE LOISIR,"https://monenfant.fr/que-recherchez-vous?structure=ALSH&location=Marseille,%20Bouches-du-Rh%C3%B4ne,%20Provence-Alpes-C%C3%B4te%20d%27Azur,%20FRA&x=5.369840720842&y=43.296537711497&radius=30000"
74dce301-cad9-457e-8f14-b3fc6dca2e81,40866922,ALSH,,13-PSC SOIR -FAIL-13009 - MATERNELLE ET ELEMENTAIRE ROY D'ESPAGNE GRANADOS,https://laligue13.fr/,0612784930,,referent45@laligue13.fr,3 Allée GRANADOS 13009 MARSEILLE,MARSEILLE,6941,,,false,,MARSEILLE LOISIR,"https://monenfant.fr/que-recherchez-vous?structure=ALSH&location=Marseille,%20Bouches-du-Rh%C3%B4ne,%20Provence-Alpes-C%C3%B4te%20d%27Azur,%20FRA&x=5.369840720842&y=43.296537711497&radius=30000"
ca101cca-5f0e-40c1-8231-a59f845cba46,21432512,ALSH,,ESC MAIRIE 4EME SECTEUR 13008 - CALANQUES,,0491731759,,acm-calanques@marseille.fr,2 Traverse DE LA MARBRERIE 13008 MARSEILLE,MARSEILLE,7115,,,false,,MARSEILLE LOISIR,"https://monenfant.fr/que-recherchez-vous?structure=ALSH&location=Marseille,%20Bouches-du-Rh%C3%B4ne,%20Provence-Alpes-C%C3%B4te%20d%27Azur,%20FRA&x=5.369840720842&y=43.296537711497&radius=30000"
104a5d8f-ea1f-4914-a5a4-e72a612d84b6,39831197,ALSH,,MERC MAIRIE 4EME SECTEUR 13008 - CALANQUES,,0491731759,,acm-calanques@marseille.fr,2 Traverse DE LA MARBRERIE 13008 MARSEILLE,MARSEILLE,7115,,,false,,MARSEILLE LOISIR,"https://monenfant.fr/que-recherchez-vous?structure=ALSH&location=Marseille,%20Bouches-du-Rh%C3%B4ne,%20Provence-Alpes-C%C3%B4te%20d%27Azur,%20FRA&x=5.369840720842&y=43.296537711497&radius=30000"
d91fcf10-9fa2-4642-9146-420725e1f2ea,21441640,ALSH,,ESC MER ET COLLINE 13008,http://www.meretcolline.com,0491722291,,contact@meretcolline.com,16 Boulevard la Verrerie 13008 MARSEILLE,MARSEILLE,7155,,,false,,MARSEILLE LOISIR,"https://monenfant.fr/que-recherchez-vous?structure=ALSH&location=Marseille,%20Bouches-du-Rh%C3%B4ne,%20Provence-Alpes-C%C3%B4te%20d%27Azur,%20FRA&x=5.369840720842&y=43.296537711497&radius=30000"
34084fe6-1631-4f14-bd51-2b40eb9c2599,39890153,ALSH,,PSC CS  MER ET COLLINE 13008,http://www.meretcolline.com,0491722291,,contact@meretcolline.com,16 Boulevard la Verrerie 13008 MARSEILLE,MARSEILLE,7155,,,false,,MARSEILLE LOISIR,"https://monenfant.fr/que-recherchez-vous?structure=ALSH&location=Marseille,%20Bouches-du-Rh%C3%B4ne,%20Provence-Alpes-C%C3%B4te%20d%27Azur,%20FRA&x=5.369840720842&y=43.296537711497&radius=30000"
ea31fb90-1f10-4043-b2cf-0e30a63b0e7a,40866602,ALSH,,13-PSC SOIR -FAIL-13009 - MATERNELLE ET ELEMENTAIRE LA BAUME,https://laligue13.fr/,0624837986,,referent37@laligue13.fr,9 Avenue COLGATE 13009 MARSEILLE,MARSEILLE,7619,,,false,,MARSEILLE LOISIR,"https://monenfant.fr/que-recherchez-vous?structure=ALSH&location=Marseille,%20Bouches-du-Rh%C3%B4ne,%20Provence-Alpes-C%C3%B4te%20d%27Azur,%20FRA&x=5.369840720842&y=43.296537711497&radius=30000"
f2e64988-fb36-4d4b-8600-b0ba9143028a,33756206,ALSH,,MERC COMMUNE AUBAGNE -  CHARREL MATERNEL ET PRIMAIRE,,0442181956,,cleacharrel.club@aubagne.fr,  ZAC DU CHARREL 13400 AUBAGNE,AUBAGNE,14882,,,false,,MARSEILLE LOISIR,"https://monenfant.fr/que-recherchez-vous?structure=ALSH&location=Marseille,%20Bouches-du-Rh%C3%B4ne,%20Provence-Alpes-C%C3%B4te%20d%27Azur,%20FRA&x=5.369840720842&y=43.296537711497&radius=30000"
958e8193-7c74-48d8-9988-e521b06ac760,21348912,ALSH,,ESC COMMUNE AUBAGNE -  CHARREL MATERNEL ET PRIMAIRE,,0442181956,,cleacharrel.club@aubagne.fr, Voie ZAC DU CHARREL 13400 AUBAGNE,AUBAGNE,15227,,,false,,MARSEILLE LOISIR,"https://monenfant.fr/que-recherchez-vous?structure=ALSH&location=Marseille,%20Bouches-du-Rh%C3%B4ne,%20Provence-Alpes-C%C3%B4te%20d%27Azur,%20FRA&x=5.369840720842&y=43.296537711497&radius=30000"
4f52465a-5107-44f3-8cc2-94de01e65a43,10972737,ALSH,,ESC LA RESPELIDO CASSIS,https://www.cassis.fr,0442183571,,centre-aere@cassis.fr,12 Avenue JULES FERRY 13260 CASSIS,CASSIS,16290,,,false,,MARSEILLE LOISIR,"https://monenfant.fr/que-recherchez-vous?structure=ALSH&location=Marseille,%20Bouches-du-Rh%C3%B4ne,%20Provence-Alpes-C%C3%B4te%20d%27Azur,%20FRA&x=5.369840720842&y=43.296537711497&radius=30000"
a5f5c48a-e7d0-4298-8133-60e8d80f316f,39902835,ALSH,,PSC LA RESPELIDO CASSIS,https://www.cassis.fr,0442183571,,centre-aere@cassis.fr,12 Avenue JULES FERRY 13260 CASSIS,CASSIS,16290,,,false,,MARSEILLE LOISIR,"https://monenfant.fr/que-recherchez-vous?structure=ALSH&location=Marseille,%20Bouches-du-Rh%C3%B4ne,%20Provence-Alpes-C%C3%B4te%20d%27Azur,%20FRA&x=5.369840720842&y=43.296537711497&radius=30000"
9102aef4-f230-4d21-8bf5-719171c265c9,22079098,ALSH,,ESC COMMUNE CARNOUX -  FREDERIC MISTRAL MATERNELLE 1 ET 2,http://www.carnoux-en-provence.fr,0442737382,,i.nascimento@mairie-carnoux.fr, Avenue du Mail 13470 CARNOUX EN PROVENCE,CARNOUX EN PROVENCE,16291,,,false,,MARSEILLE LOISIR,"https://monenfant.fr/que-recherchez-vous?structure=ALSH&location=Marseille,%20Bouches-du-Rh%C3%B4ne,%20Provence-Alpes-C%C3%B4te%20d%27Azur,%20FRA&x=5.369840720842&y=43.296537711497&radius=30000"
3add0eab-213c-40ce-9ef5-66aa70968e29,39996469,ALSH,,PSC COMMUNE CARNOUX -  FREDERIC MISTRAL ÉLEM ET MATERNELLE,http://www.carnoux-en-provence.fr,0442737382,,i.nascimento@mairie-carnoux.fr, Avenue du Mail 13470 CARNOUX EN PROVENCE,CARNOUX EN PROVENCE,16291,,,false,,MARSEILLE LOISIR,"https://monenfant.fr/que-recherchez-vous?structure=ALSH&location=Marseille,%20Bouches-du-Rh%C3%B4ne,%20Provence-Alpes-C%C3%B4te%20d%27Azur,%20FRA&x=5.369840720842&y=43.296537711497&radius=30000"
0d60273e-3f20-4f94-a6a3-124e0ef29652,40988965,ALSH,,ESC LA RESPELIDO CASSIS - ECOLE MATERNELLE CAP CANAILLE,https://www.cassis.fr,0442183571,,centre-aere@cassis.fr,4 Allée ALBERT COULIN 13260 CASSIS,CASSIS,16471,,,false,,MARSEILLE LOISIR,"https://monenfant.fr/que-recherchez-vous?structure=ALSH&location=Marseille,%20Bouches-du-Rh%C3%B4ne,%20Provence-Alpes-C%C3%B4te%20d%27Azur,%20FRA&x=5.369840720842&y=43.296537711497&radius=30000"
f4e16bd4-4090-410c-aed3-4c51fa87778e,11000687,ALSH,,ADO COMMUNE CARNOUX,http://www.carnoux-en-provence.fr,0442737382,,v.tarin@mairie-carnoux.fr,2 Place de la 1ere armee 13470 CARNOUX EN PROVENCE,CARNOUX EN PROVENCE,16520,,,false,,MARSEILLE LOISIR,"https://monenfant.fr/que-recherchez-vous?structure=ALSH&location=Marseille,%20Bouches-du-Rh%C3%B4ne,%20Provence-Alpes-C%C3%B4te%20d%27Azur,%20FRA&x=5.369840720842&y=43.296537711497&radius=30000"
7d8fe1f4-be97-4b7f-9715-56b3346c17ac,40772973,ALSH,,ESC LES ESPILLIERES AUBAGNE - ELEMENTAIRE,,0442181956,,,1500 Chemin DES ESPILLIERES 13400 AUBAGNE,AUBAGNE,16710,,,false,,MARSEILLE LOISIR,"https://monenfant.fr/que-recherchez-vous?structure=ALSH&location=Marseille,%20Bouches-du-Rh%C3%B4ne,%20Provence-Alpes-C%C3%B4te%20d%27Azur,%20FRA&x=5.369840720842&y=43.296537711497&radius=30000"
d02fa479-5fcf-44ce-a9b1-b8f122bbf805,39623128,ALSH,,ESC COMMUNE AUBAGNE - MERMOZ PRIMAIRE,,0442181956,,cleamermoz.club@aubagne.fr, Avenue JEAN MERMOZ 13400 AUBAGNE,AUBAGNE,16815,,,false,,MARSEILLE LOISIR,"https://monenfant.fr/que-recherchez-vous?structure=ALSH&location=Marseille,%20Bouches-du-Rh%C3%B4ne,%20Provence-Alpes-C%C3%B4te%20d%27Azur,%20FRA&x=5.369840720842&y=43.296537711497&radius=30000"
9c567143-fca3-4d0b-bc8c-31c6368a9c30,21347781,ALSH,,MERC COMMUNE AUBAGNE - MERMOZ MATERNELLE,,0442181956,,cleamermoz.pouce@aubagne.fr, Avenue JEAN MERMOZ 13400 AUBAGNE,AUBAGNE,16815,,,false,,MARSEILLE LOISIR,"https://monenfant.fr/que-recherchez-vous?structure=ALSH&location=Marseille,%20Bouches-du-Rh%C3%B4ne,%20Provence-Alpes-C%C3%B4te%20d%27Azur,%20FRA&x=5.369840720842&y=43.296537711497&radius=30000"
d1173988-a714-4aeb-b059-c32176aeac95,21348961,ALSH,,MERC COMMUNE AUBAGNE - MERMOZ PRIMAIRE,,0442181956,,cleamermoz.club@aubagne.fr, Avenue JEAN MERMOZ 13400 AUBAGNE,AUBAGNE,16815,,,false,,MARSEILLE LOISIR,"https://monenfant.fr/que-recherchez-vous?structure=ALSH&location=Marseille,%20Bouches-du-Rh%C3%B4ne,%20Provence-Alpes-C%C3%B4te%20d%27Azur,%20FRA&x=5.369840720842&y=43.296537711497&radius=30000"
1e4b7395-4358-4cc3-9cbe-a3a1479fa62a,41187659,ALSH,,ESC  COMMUNE ROQUEFORT LA BEDOULE - ECOLE J.CURIE,http://www.roquefort-labedoule.fr,0442732607,,cml-maternel@roquefort-labedoule.fr, Avenue Fernand Balducci 13830 ROQUEFORT LA BEDOULE,ROQUEFORT LA BEDOULE,18636,,,false,,MARSEILLE LOISIR,"https://monenfant.fr/que-recherchez-vous?structure=ALSH&location=Marseille,%20Bouches-du-Rh%C3%B4ne,%20Provence-Alpes-C%C3%B4te%20d%27Azur,%20FRA&x=5.369840720842&y=43.296537711497&radius=30000"
17e9bf97-f112-420e-b1cb-b03e76381412,25107840,ALSH,,PSC MERC COMMUNE ROQUEFORT LA BEDOULE - ECOLE J.CURIE,http://www.roquefort-labedoule.fr,0442732607,,cml-maternel@roquefort-labedoule.fr, Avenue Fernand Balducci 13830 ROQUEFORT LA BEDOULE,ROQUEFORT LA BEDOULE,18636,,,false,,MARSEILLE LOISIR,"https://monenfant.fr/que-recherchez-vous?structure=ALSH&location=Marseille,%20Bouches-du-Rh%C3%B4ne,%20Provence-Alpes-C%C3%B4te%20d%27Azur,%20FRA&x=5.369840720842&y=43.296537711497&radius=30000"
961f5921-940d-4010-875f-7547680e28d8,11000386,ALSH,,ADO COMMUNE DE ROQUEFORT LA BEDOULE - CARREFOUR JEUNES,,0442732112,,accueil@roquefort-labedoule.fr,9 Avenue Marius Ghirardelli 13830 ROQUEFORT LA BEDOULE,ROQUEFORT LA BEDOULE,18800,,,false,,MARSEILLE LOISIR,"https://monenfant.fr/que-recherchez-vous?structure=ALSH&location=Marseille,%20Bouches-du-Rh%C3%B4ne,%20Provence-Alpes-C%C3%B4te%20d%27Azur,%20FRA&x=5.369840720842&y=43.296537711497&radius=30000"
f592e6b1-7986-4502-bac9-17c8cca67cbc,40320428,ALSH,,ESC  COMMUNE DE ROQUEFORT LA BEDOULE - CARREFOUR JEUNES,,0442732112,,accueil@roquefort-labedoule.fr,9 Avenue Marius Ghirardelli 13830 ROQUEFORT LA BEDOULE,ROQUEFORT LA BEDOULE,18800,,,false,,MARSEILLE LOISIR,"https://monenfant.fr/que-recherchez-vous?structure=ALSH&location=Marseille,%20Bouches-du-Rh%C3%B4ne,%20Provence-Alpes-C%C3%B4te%20d%27Azur,%20FRA&x=5.369840720842&y=43.296537711497&radius=30000"
ff84071a-6a13-4d79-a2ec-84728d44c36f,10800952,ALSH,,ESC COMMUNE GEMENOS - CL ECOLE ELEMENTAIRE  VESSIOT,,0442327145,,cgranci@mairie-gemenos.fr, Boulevard VESSIOT 13420 GEMENOS,GEMENOS,21021,,,false,,MARSEILLE LOISIR,"https://monenfant.fr/que-recherchez-vous?structure=ALSH&location=Marseille,%20Bouches-du-Rh%C3%B4ne,%20Provence-Alpes-C%C3%B4te%20d%27Azur,%20FRA&x=5.369840720842&y=43.296537711497&radius=30000"
2eca4ce2-809a-48e8-a742-ce19fbe7eeb0,22070381,ALSH,,PSC COMMUNE LA CIOTAT - JPAUL MARIA FABRY,http://www.laciotat.com,0442838590,,,89 Allée DU RIBAS1 13600 LA CIOTAT,LA CIOTAT,21944,,,false,,MARSEILLE LOISIR,"https://monenfant.fr/que-recherchez-vous?structure=ALSH&location=Marseille,%20Bouches-du-Rh%C3%B4ne,%20Provence-Alpes-C%C3%B4te%20d%27Azur,%20FRA&x=5.369840720842&y=43.296537711497&radius=30000"
8405a7ef-2436-42e0-b6ae-979aa2be22cb,21436139,ALSH,,PSC COMMUNE LA CIOTAT -  LOUIS PECOUT,http://laciotat.com,0442838590,,, Avenue de FARDELOUP 13600 LA CIOTAT,LA CIOTAT,21979,,,false,,MARSEILLE LOISIR,"https://monenfant.fr/que-recherchez-vous?structure=ALSH&location=Marseille,%20Bouches-du-Rh%C3%B4ne,%20Provence-Alpes-C%C3%B4te%20d%27Azur,%20FRA&x=5.369840720842&y=43.296537711497&radius=30000"
ba5dd5eb-f97f-4247-954a-a8271cb1caa0,10907197,ALSH,,ESC COMMUNE DE SAUSSET LES PINS  LE PETIT NID,,0442428865,,alsh.sausset@gmail.com,11 Place De l'Horloge 13960 SAUSSET LES PINS,SAUSSET LES PINS,22302,,,false,,MARSEILLE LOISIR,"https://monenfant.fr/que-recherchez-vous?structure=ALSH&location=Marseille,%20Bouches-du-Rh%C3%B4ne,%20Provence-Alpes-C%C3%B4te%20d%27Azur,%20FRA&x=5.369840720842&y=43.296537711497&radius=30000"
83fd273a-0c1e-42c4-870e-be37b893e1e1,39904730,ALSH,,MERC COMMUNE DE SAUSSET LES PINS  LE PETIT NID,,0442428865,,alsh.sausset@gmail.com,11 Place De l'Horloge 13960 SAUSSET LES PINS,SAUSSET LES PINS,22302,,,false,,MARSEILLE LOISIR,"https://monenfant.fr/que-recherchez-vous?structure=ALSH&location=Marseille,%20Bouches-du-Rh%C3%B4ne,%20Provence-Alpes-C%C3%B4te%20d%27Azur,%20FRA&x=5.369840720842&y=43.296537711497&radius=30000"
8a84f929-a220-427d-bd72-896ddb686beb,22070572,ALSH,,PSC COMMUNE LA CIOTAT -  ROGER LEGUEREC,http://www.laciotat.com,0442838590,,,17 Avenue MARCEL CAMUSSO 13600 LA CIOTAT,LA CIOTAT,22676,,,false,,MARSEILLE LOISIR,"https://monenfant.fr/que-recherchez-vous?structure=ALSH&location=Marseille,%20Bouches-du-Rh%C3%B4ne,%20Provence-Alpes-C%C3%B4te%20d%27Azur,%20FRA&x=5.369840720842&y=43.296537711497&radius=30000"
ab845ace-aa31-454a-9701-611808b1ba11,22069709,ALSH,,PSC COMMUNE LA CIOTAT - JACQUES PREVERT,http://www.laciotat.com,0442838590,,,1222 Avenue GUILLAUME DULAC 13600 LA CIOTAT,LA CIOTAT,22685,,,false,,MARSEILLE LOISIR,"https://monenfant.fr/que-recherchez-vous?structure=ALSH&location=Marseille,%20Bouches-du-Rh%C3%B4ne,%20Provence-Alpes-C%C3%B4te%20d%27Azur,%20FRA&x=5.369840720842&y=43.296537711497&radius=30000"
86fc5b21-d4eb-4304-94fb-74770cd093f1,22069489,ALSH,,PSC COMMUNE LA CIOTAT -  LOUIS VIGNOL,http://www.laciotat.com,0442838590,,, Chemin DE VIREBELLE 13600 LA CIOTAT,LA CIOTAT,22837,,,false,,MARSEILLE LOISIR,"https://monenfant.fr/que-recherchez-vous?structure=ALSH&location=Marseille,%20Bouches-du-Rh%C3%B4ne,%20Provence-Alpes-C%C3%B4te%20d%27Azur,%20FRA&x=5.369840720842&y=43.296537711497&radius=30000"
36a64b24-6a7b-4ab4-be95-12e857ad64fc,39838389,ALSH,,ESC COMMUNE LA CIOTAT -  PAUL BERT/JEAN ZAY,http://www.laciotat.com,0442838590,,, Avenue de la Marine 13600 LA CIOTAT,LA CIOTAT,22861,,,false,,MARSEILLE LOISIR,"https://monenfant.fr/que-recherchez-vous?structure=ALSH&location=Marseille,%20Bouches-du-Rh%C3%B4ne,%20Provence-Alpes-C%C3%B4te%20d%27Azur,%20FRA&x=5.369840720842&y=43.296537711497&radius=30000"
fe4b7460-8a2e-4b28-95c4-ff1ce1b6c590,21347341,ALSH,,PSC COMMUNE LA CIOTAT -  PAUL BERT/JEAN ZAY,http://www.laciotat.com,0442838590,,, Avenue de la Marine 13600 LA CIOTAT,LA CIOTAT,22861,,,false,,MARSEILLE LOISIR,"https://monenfant.fr/que-recherchez-vous?structure=ALSH&location=Marseille,%20Bouches-du-Rh%C3%B4ne,%20Provence-Alpes-C%C3%B4te%20d%27Azur,%20FRA&x=5.369840720842&y=43.296537711497&radius=30000"
f76f7b97-6d5f-43c5-bcc9-32055bbce4cc,22036042,ALSH,,PSC COMMUNE LA CIOTAT - MALTEMPS',http://www.laciotat.com,0442838590,,, Avenue de MALTEMPS 13600 LA CIOTAT,LA CIOTAT,23115,,,false,,MARSEILLE LOISIR,"https://monenfant.fr/que-recherchez-vous?structure=ALSH&location=Marseille,%20Bouches-du-Rh%C3%B4ne,%20Provence-Alpes-C%C3%B4te%20d%27Azur,%20FRA&x=5.369840720842&y=43.296537711497&radius=30000"
2bd9cc8e-0771-4738-95b0-fb7d67146def,10998236,ALSH,,13-PSC-ODEL VAR-13600 - ECOLE ÉLÉM DE CEREYSTE,,0442837710,,carol.daille@wanadoo.fr, Place Albert Blanc 13600 CEYRESTE,CEYRESTE,23185,,,false,,MARSEILLE LOISIR,"https://monenfant.fr/que-recherchez-vous?structure=ALSH&location=Marseille,%20Bouches-du-Rh%C3%B4ne,%20Provence-Alpes-C%C3%B4te%20d%27Azur,%20FRA&x=5.369840720842&y=43.296537711497&radius=30000"
478ebfa6-7124-490b-a51b-a3b3ae7f5add,39838335,ALSH,,ESC COMMUNE LA CIOTAT -  LA SALIS,http://www.laciotat.com,0442838590,,, Traverse Du Secadou 13600 LA CIOTAT,LA CIOTAT,23246,,,false,,MARSEILLE LOISIR,"https://monenfant.fr/que-recherchez-vous?structure=ALSH&location=Marseille,%20Bouches-du-Rh%C3%B4ne,%20Provence-Alpes-C%C3%B4te%20d%27Azur,%20FRA&x=5.369840720842&y=43.296537711497&radius=30000"
a3501f9f-05e9-4d57-96dc-1a20c5009b76,22036206,ALSH,,PSC COMMUNE LA CIOTAT -  LA SALIS,http://www.laciotat.com,0442838590,,, Traverse Du Secadou 13600 LA CIOTAT,LA CIOTAT,23246,,,false,,MARSEILLE LOISIR,"https://monenfant.fr/que-recherchez-vous?structure=ALSH&location=Marseille,%20Bouches-du-Rh%C3%B4ne,%20Provence-Alpes-C%C3%B4te%20d%27Azur,%20FRA&x=5.369840720842&y=43.296537711497&radius=30000"
b1ba2a98-9633-40bd-b9f0-663967dc0dfb,39831867,ALSH,,PSC COMMUNE LA CIOTAT - CENTRE VILLE,http://www.laciotat.com,0442838590,,,78 Rue GEORGES ROMAND 13600 LA CIOTAT,LA CIOTAT,23395,,,false,,MARSEILLE LOISIR,"https://monenfant.fr/que-recherchez-vous?structure=ALSH&location=Marseille,%20Bouches-du-Rh%C3%B4ne,%20Provence-Alpes-C%C3%B4te%20d%27Azur,%20FRA&x=5.369840720842&y=43.296537711497&radius=30000"
6eab80d6-84fd-4aa0-9e43-0334e6b393d0,39824849,ALSH,,ADO AJ L ABEILLE LA CIOTAT,http://laciotat.com,0442838590,,,45 Route CEYRESTE 13600 LA CIOTAT,LA CIOTAT,23490,,,false,,MARSEILLE LOISIR,"https://monenfant.fr/que-recherchez-vous?structure=ALSH&location=Marseille,%20Bouches-du-Rh%C3%B4ne,%20Provence-Alpes-C%C3%B4te%20d%27Azur,%20FRA&x=5.369840720842&y=43.296537711497&radius=30000"
695ed20c-70b3-4ed9-baa2-feaa04bd1cdd,39838242,ALSH,,ESC COMMUNE LA CIOTAT - LA GARDE POURCELLY,http://www.laciotat.com,0442838590,,, Chemin des Calanques - av du mugel 13600 LA CIOTAT,LA CIOTAT,23490,,,false,,MARSEILLE LOISIR,"https://monenfant.fr/que-recherchez-vous?structure=ALSH&location=Marseille,%20Bouches-du-Rh%C3%B4ne,%20Provence-Alpes-C%C3%B4te%20d%27Azur,%20FRA&x=5.369840720842&y=43.296537711497&radius=30000"
bd837f21-1305-4115-b05b-f71891de1fc1,21356922,ALSH,,ESC CS L ABEILLE LA CIOTAT,http://laciotat.com,0442838590,,,45 Route CEYRESTE 13600 LA CIOTAT,LA CIOTAT,23490,,,false,,MARSEILLE LOISIR,"https://monenfant.fr/que-recherchez-vous?structure=ALSH&location=Marseille,%20Bouches-du-Rh%C3%B4ne,%20Provence-Alpes-C%C3%B4te%20d%27Azur,%20FRA&x=5.369840720842&y=43.296537711497&radius=30000"
5c402a2e-be87-4da1-a36d-7624327495fe,39824806,ALSH,,MERC CS L ABEILLE LA CIOTAT,http://laciotat.com,0442838590,,,45 Route CEYRESTE 13600 LA CIOTAT,LA CIOTAT,23490,,,false,,MARSEILLE LOISIR,"https://monenfant.fr/que-recherchez-vous?structure=ALSH&location=Marseille,%20Bouches-du-Rh%C3%B4ne,%20Provence-Alpes-C%C3%B4te%20d%27Azur,%20FRA&x=5.369840720842&y=43.296537711497&radius=30000"
ecffeb3e-bbea-49ae-8a29-b1e47c8ff1d8,22069874,ALSH,,PSC COMMUNE LA CIOTAT -  LOUIS MARIN,http://www.laciotat.com,0442838590,,, Place LOUIS MARIN 13600 LA CIOTAT,LA CIOTAT,23490,,,false,,MARSEILLE LOISIR,"https://monenfant.fr/que-recherchez-vous?structure=ALSH&location=Marseille,%20Bouches-du-Rh%C3%B4ne,%20Provence-Alpes-C%C3%B4te%20d%27Azur,%20FRA&x=5.369840720842&y=43.296537711497&radius=30000"
c2e5cb7d-fbd2-43c7-9cef-efe1f4578843,22036361,ALSH,,PSC COMMUNE LA CIOTAT - LA GARDE POURCELLY,http://www.laciotat.com,0442838590,,, Chemin des Calanques - av du mugel 13600 LA CIOTAT,LA CIOTAT,23490,,,false,,MARSEILLE LOISIR,"https://monenfant.fr/que-recherchez-vous?structure=ALSH&location=Marseille,%20Bouches-du-Rh%C3%B4ne,%20Provence-Alpes-C%C3%B4te%20d%27Azur,%20FRA&x=5.369840720842&y=43.296537711497&radius=30000"
0459bc8b-1b6a-4c88-a3ee-8e5d1ba8a8a1,22070898,ALSH,,PSC COMMUNE LA CIOTAT - AFFERAGE,http://www.laciotat.com,0442838590,,, Boulevard JEAN JAURES 13600 LA CIOTAT,LA CIOTAT,23517,,,false,,MARSEILLE LOISIR,"https://monenfant.fr/que-recherchez-vous?structure=ALSH&location=Marseille,%20Bouches-du-Rh%C3%B4ne,%20Provence-Alpes-C%C3%B4te%20d%27Azur,%20FRA&x=5.369840720842&y=43.296537711497&radius=30000"
96b357d4-7c9f-468e-bce8-0df53518c613,10818570,ALSH,,ESC COMMUNE MARTIGUES -  SAINTE CROIX,http://www.ville-martigues.fr/,0442066253,,, Chemin de la Quiétude 13500 MARTIGUES,MARTIGUES,24114,,,false,,MARSEILLE LOISIR,"https://monenfant.fr/que-recherchez-vous?structure=ALSH&location=Marseille,%20Bouches-du-Rh%C3%B4ne,%20Provence-Alpes-C%C3%B4te%20d%27Azur,%20FRA&x=5.369840720842&y=43.296537711497&radius=30000"
bec31546-fb58-497d-b665-4f6213e64871,39838036,ALSH,,ESC COMMUNE LA CIOTAT -  SAINT JEAN,http://laciotat.com,0442838590,,,373 Avenue de Saint Jean 13600 LA CIOTAT,LA CIOTAT,24255,,,false,,MARSEILLE LOISIR,"https://monenfant.fr/que-recherchez-vous?structure=ALSH&location=Marseille,%20Bouches-du-Rh%C3%B4ne,%20Provence-Alpes-C%C3%B4te%20d%27Azur,%20FRA&x=5.369840720842&y=43.296537711497&radius=30000"
1a607d98-6a67-431d-acbc-207480d1b9ae,21435576,ALSH,,PSC COMMUNE LA CIOTAT -  SAINT JEAN,http://laciotat.com,0442838590,,,373 Avenue de Saint Jean 13600 LA CIOTAT,LA CIOTAT,24255,,,false,,MARSEILLE LOISIR,"https://monenfant.fr/que-recherchez-vous?structure=ALSH&location=Marseille,%20Bouches-du-Rh%C3%B4ne,%20Provence-Alpes-C%C3%B4te%20d%27Azur,%20FRA&x=5.369840720842&y=43.296537711497&radius=30000"
285efa5b-2e7c-4a5e-91a9-139935f16f38,39838140,ALSH,,ESC COMMUNE LA CIOTAT -  ELSA TRIOLET,http://laciotat.com,0442838590,,,517 Avenue de Saint Jean 13600 LA CIOTAT,LA CIOTAT,24303,,,false,,MARSEILLE LOISIR,"https://monenfant.fr/que-recherchez-vous?structure=ALSH&location=Marseille,%20Bouches-du-Rh%C3%B4ne,%20Provence-Alpes-C%C3%B4te%20d%27Azur,%20FRA&x=5.369840720842&y=43.296537711497&radius=30000"
cec6e38d-d840-42a9-b72f-8d9b5b675ba9,21435619,ALSH,,PSC COMMUNE LA CIOTAT -  ELSA TRIOLET,http://laciotat.com,0442838590,,,517 Avenue de Saint Jean 13600 LA CIOTAT,LA CIOTAT,24303,,,false,,MARSEILLE LOISIR,"https://monenfant.fr/que-recherchez-vous?structure=ALSH&location=Marseille,%20Bouches-du-Rh%C3%B4ne,%20Provence-Alpes-C%C3%B4te%20d%27Azur,%20FRA&x=5.369840720842&y=43.296537711497&radius=30000"
fb448415-635c-4d85-a564-262b4d9af9f1,10818269,ALSH,,ESC COMMUNE MARTIGUES -  LA COURONNE,http://www.ville-martigues.fr/,0442807651,,, Chemin du Phare 13500 MARTIGUES,MARTIGUES,25939,,,false,,MARSEILLE LOISIR,"https://monenfant.fr/que-recherchez-vous?structure=ALSH&location=Marseille,%20Bouches-du-Rh%C3%B4ne,%20Provence-Alpes-C%C3%B4te%20d%27Azur,%20FRA&x=5.369840720842&y=43.296537711497&radius=30000"
26454ccf-8987-41ef-9ab8-0e52bab86b47,39966287,ALSH,,MERC COMMUNE MARTIGUES -  GROUPE SCOLAIRE LA COURONNE,http://www.ville-martigues.fr/,0442807651,,, Chemin du Phare 13500 MARTIGUES,MARTIGUES,25939,,,false,,MARSEILLE LOISIR,"https://monenfant.fr/que-recherchez-vous?structure=ALSH&location=Marseille,%20Bouches-du-Rh%C3%B4ne,%20Provence-Alpes-C%C3%B4te%20d%27Azur,%20FRA&x=5.369840720842&y=43.296537711497&radius=30000"
0839030e-71ca-477c-a0ef-6cd32d1ec275,11032550,ALSH,,ESC AACS MARTIGUES - MPT DE CARRO,,0442496130,,maisoncarro@aacs.martigues.fr, Traverse des PINS 13500 MARTIGUES,MARTIGUES,26886,,,false,,MARSEILLE LOISIR,"https://monenfant.fr/que-recherchez-vous?structure=ALSH&location=Marseille,%20Bouches-du-Rh%C3%B4ne,%20Provence-Alpes-C%C3%B4te%20d%27Azur,%20FRA&x=5.369840720842&y=43.296537711497&radius=30000"
cdcd2ff1-ecc3-4699-bcb1-b73dbfa94eb6,22087371,ALSH,,ADO COMMUNE CUGES LES PINS,http://www.cuges-les-pins.fr/cuges/cms/7204/secteur-jeunes.dhtml,0442733943,,service.enfance@cugeslespins.fr, Faubourg gambetta 13780 CUGES LES PINS,CUGES LES PINS,26944,,,false,,MARSEILLE LOISIR,"https://monenfant.fr/que-recherchez-vous?structure=ALSH&location=Marseille,%20Bouches-du-Rh%C3%B4ne,%20Provence-Alpes-C%C3%B4te%20d%27Azur,%20FRA&x=5.369840720842&y=43.296537711497&radius=30000"
2e7c6a5f-aca6-4541-b960-1eb5264387ad,27852004,ALSH,,ESC COMMUNE CUGES LES PINS - CHOUQUET,http://www.cuges-les-pins.fr/cuges/cms/7203/service-enfance.dhtml,0442733945,,j.mistrettat@cuges-les-pins.fr, Traverse condorcet 13780 CUGES LES PINS,CUGES LES PINS,27064,,,false,,MARSEILLE LOISIR,"https://monenfant.fr/que-recherchez-vous?structure=ALSH&location=Marseille,%20Bouches-du-Rh%C3%B4ne,%20Provence-Alpes-C%C3%B4te%20d%27Azur,%20FRA&x=5.369840720842&y=43.296537711497&radius=30000"
40f73a9a-508e-4b16-840a-d9f58c6b5e1d,40319603,ALSH,,PSC COMMUNE CUGES LES PINS - ALSH BENJAMINS,http://www.cuges-les-pins.fr/cuges/cms/7203/service-enfance.dhtml,0442733945,,j.mistrettat@cuges-les-pins.fr, Traverse condorcet 13780 CUGES LES PINS,CUGES LES PINS,27064,,,false,,MARSEILLE LOISIR,"https://monenfant.fr/que-recherchez-vous?structure=ALSH&location=Marseille,%20Bouches-du-Rh%C3%B4ne,%20Provence-Alpes-C%C3%B4te%20d%27Azur,%20FRA&x=5.369840720842&y=43.296537711497&radius=30000"
db44b4fa-d4ed-403c-aa2d-c9e04b784e1f,22087911,ALSH,,ESC COMMUNE CUGES LES PINS  - LES LUTINS,http://www.cuges-les-pins.fr/cuges/cms/7203/service-enfance.dhtml,0442733945,,j.mistrettat@cuges-les-pins.fr, Quartier La Feutrière 13780 CUGES LES PINS,CUGES LES PINS,27591,,,false,,MARSEILLE LOISIR,"https://monenfant.fr/que-recherchez-vous?structure=ALSH&location=Marseille,%20Bouches-du-Rh%C3%B4ne,%20Provence-Alpes-C%C3%B4te%20d%27Azur,%20FRA&x=5.369840720842&y=43.296537711497&radius=30000"
e4195faf-d1eb-4fea-8486-266d444977b6,40319498,ALSH,,PSC COMMUNE CUGES LES PINS  - LES LUTINS,http://www.cuges-les-pins.fr/cuges/cms/7203/service-enfance.dhtml,0442733945,,j.mistrettat@cuges-les-pins.fr, Quartier La Feutrière 13780 CUGES LES PINS,CUGES LES PINS,27591,,,false,,MARSEILLE LOISIR,"https://monenfant.fr/que-recherchez-vous?structure=ALSH&location=Marseille,%20Bouches-du-Rh%C3%B4ne,%20Provence-Alpes-C%C3%B4te%20d%27Azur,%20FRA&x=5.369840720842&y=43.296537711497&radius=30000"
1f1c5a5f-18f3-48d6-9bd8-b7676ceaadf7,10992474,ALSH,,ALSH MATERNELLES- PRIMAIRES ODEL PLAN D'AUPS,,0673628558,,isabelle.flambard@odelvar.com, Rue DU PIC DE BERTAGNE 83640 PLAN D AUPS STE BAUME,PLAN D AUPS STE BAUME,27974,,,false,,MARSEILLE LOISIR,"https://monenfant.fr/que-recherchez-vous?structure=ALSH&location=Marseille,%20Bouches-du-Rh%C3%B4ne,%20Provence-Alpes-C%C3%B4te%20d%27Azur,%20FRA&x=5.369840720842&y=43.296537711497&radius=30000"
6957b6ef-2e5b-4211-8169-f7eab14eea71,10973210,ALSH,,ALSH ADOS PLAN D' AUPS,,0673628286,,patrice.saliou@odelvar.com, Avenue DE LA LIBERATION 83640 PLAN D AUPS STE BAUME,PLAN D AUPS STE BAUME,28641,,,false,,MARSEILLE LOISIR,"https://monenfant.fr/que-recherchez-vous?structure=ALSH&location=Marseille,%20Bouches-du-Rh%C3%B4ne,%20Provence-Alpes-C%C3%B4te%20d%27Azur,%20FRA&x=5.369840720842&y=43.296537711497&radius=30000"
81094dcd-68c7-4f9e-9ada-a856b07833f7,12627943,EAJE,,LEIS ESTELETO,http://maisonengq.cluster027.hosting.ovh.net,0494800853,,leisesteleto@maisonenfance.fr, Quartier La Ferrage 83860 NANS LES PINS,NANS LES PINS,11853,NR,,true,,TRETS CRECHE,"https://monenfant.fr/que-recherchez-vous?structure=EAJE&location=Trets,%20Bouches-du-Rh%C3%B4ne,%20Provence-Alpes-C%C3%B4te%20d%27Azur,%20FRA&x=5.683881839008&y=43.447237567895&radius=30000"
a269c446-99e3-4131-8e6b-8e2baebac353,12627986,EAJE,,LES CAGANIS,,0442625893,,lescaganis@maisonenfance.fr,64 Place de l'Eglise 83640 PLAN D AUPS STE BAUME,PLAN D AUPS STE BAUME,13235,NR,,true,,TRETS CRECHE,"https://monenfant.fr/que-recherchez-vous?structure=EAJE&location=Trets,%20Bouches-du-Rh%C3%B4ne,%20Provence-Alpes-C%C3%B4te%20d%27Azur,%20FRA&x=5.683881839008&y=43.447237567895&radius=30000"
0f6cb939-22d5-42ea-8084-1f8c2c0d3fe8,12627900,EAJE,,LEI MINOS,,0494772667,,leiminos@maisonenfance.fr,1 Rue Le Cours 83170 ROUGIERS,ROUGIERS,14787,NR,,false,,TRETS CRECHE,"https://monenfant.fr/que-recherchez-vous?structure=EAJE&location=Trets,%20Bouches-du-Rh%C3%B4ne,%20Provence-Alpes-C%C3%B4te%20d%27Azur,%20FRA&x=5.683881839008&y=43.447237567895&radius=30000"
b5efe23c-2c46-4e6c-9ae3-dc51080a1682,12628115,EAJE,,LEI MOUSSI,http://maisonengq.cluster027.hosting.ovh.net,0498050200,,leimoussi@maisonenfance.fr, Chemin St Simon 83470 ST MAXIMIN LA STE BAUME,ST MAXIMIN LA STE BAUME,14911,NR,,true,,TRETS CRECHE,"https://monenfant.fr/que-recherchez-vous?structure=EAJE&location=Trets,%20Bouches-du-Rh%C3%B4ne,%20Provence-Alpes-C%C3%B4te%20d%27Azur,%20FRA&x=5.683881839008&y=43.447237567895&radius=30000"
94002178-783e-48f3-8edf-9c7b39920adc,12628072,EAJE,,LEI NISTOUN,https://maisonenfance.fr,0498050201,,leinistoun@maisonenfance.fr, Chemin St Simon 83470 ST MAXIMIN LA STE BAUME,ST MAXIMIN LA STE BAUME,14911,NR,,true,,TRETS CRECHE,"https://monenfant.fr/que-recherchez-vous?structure=EAJE&location=Trets,%20Bouches-du-Rh%C3%B4ne,%20Provence-Alpes-C%C3%B4te%20d%27Azur,%20FRA&x=5.683881839008&y=43.447237567895&radius=30000"
4664f9c4-f578-41d2-82c0-adec25d2830a,12628029,EAJE,,LEI PITCHOUN,https://maisonenfance.fr,0498050202,,leipitchoun@maisonenfance.fr, Chemin Saint Simon 83470 ST MAXIMIN LA STE BAUME,ST MAXIMIN LA STE BAUME,14911,NR,,true,,TRETS CRECHE,"https://monenfant.fr/que-recherchez-vous?structure=EAJE&location=Trets,%20Bouches-du-Rh%C3%B4ne,%20Provence-Alpes-C%C3%B4te%20d%27Azur,%20FRA&x=5.683881839008&y=43.447237567895&radius=30000"
b6f9a81b-c838-47e0-8087-2030c0e3f306,60530376,EAJE,,LES ALLUDES,https://www.maisonenfance.fr,0498050203,,lesalludes@maisonenfance.fr, Chemin Saint Simon 83470 ST MAXIMIN LA STE BAUME,ST MAXIMIN LA STE BAUME,14911,NR,,true,,TRETS CRECHE,"https://monenfant.fr/que-recherchez-vous?structure=EAJE&location=Trets,%20Bouches-du-Rh%C3%B4ne,%20Provence-Alpes-C%C3%B4te%20d%27Azur,%20FRA&x=5.683881839008&y=43.447237567895&radius=30000"
d2e56623-a8aa-45c8-8de9-ff463aafbfef,12627771,EAJE,,LES PETITOUS,,0494721865,,crecheseillon@odelvar.com, Chemin De la Verrerie 83470 SEILLONS SOURCE D ARGENS,SEILLONS SOURCE D ARGENS,16992,NR,,false,,TRETS CRECHE,"https://monenfant.fr/que-recherchez-vous?structure=EAJE&location=Trets,%20Bouches-du-Rh%C3%B4ne,%20Provence-Alpes-C%C3%B4te%20d%27Azur,%20FRA&x=5.683881839008&y=43.447237567895&radius=30000"
94e85f4e-2b8b-4be1-b987-43a3350c824a,12682002,EAJE,,L'ILE AUX ENFANTS,https://caprovenceverte.fr,0498059285,,petite-enfance@caprovenceverte.fr,312 Avenue de la Libération - quartier le Laou 83170 TOURVES,TOURVES,19354,NR,,true,,TRETS CRECHE,"https://monenfant.fr/que-recherchez-vous?structure=EAJE&location=Trets,%20Bouches-du-Rh%C3%B4ne,%20Provence-Alpes-C%C3%B4te%20d%27Azur,%20FRA&x=5.683881839008&y=43.447237567895&radius=30000"
8802d85d-6541-446f-ada9-bcc69e36eba6,12651679,EAJE,,LES MAGNANARELLES,,0494041124,,nadine.brunelngoy@odelvar.com, Route de Saint Maximin 83119 BRUE AURIAC,BRUE AURIAC,20824,NR,,false,,TRETS CRECHE,"https://monenfant.fr/que-recherchez-vous?structure=EAJE&location=Trets,%20Bouches-du-Rh%C3%B4ne,%20Provence-Alpes-C%C3%B4te%20d%27Azur,%20FRA&x=5.683881839008&y=43.447237567895&radius=30000"
38060c4d-0740-4db8-939a-1b68c64fd3e7,21242813,EAJE,,LES GRIBOUILLES,https://www.lamaisondelenfance.fr,0671058000,,lesgribouilles@maisonenfance.fr, Lieu-dit La Brasque 83149 BRAS,BRAS,22474,NR,,true,,TRETS CRECHE,"https://monenfant.fr/que-recherchez-vous?structure=EAJE&location=Trets,%20Bouches-du-Rh%C3%B4ne,%20Provence-Alpes-C%C3%B4te%20d%27Azur,%20FRA&x=5.683881839008&y=43.447237567895&radius=30000"
a3b77fb2-e362-4a1d-b342-59492acabba8,12631727,EAJE,,LES PETITS CHAPERONS ROUGES,https://www.lespetitschaperonsrouges.fr,0437464548,,signes@lpcr.fr,437 Avenue de Paris - Parc d'activités de Signes 83870 SIGNES,SIGNES,22640,NR,,true,,TRETS CRECHE,"https://monenfant.fr/que-recherchez-vous?structure=EAJE&location=Trets,%20Bouches-du-Rh%C3%B4ne,%20Provence-Alpes-C%C3%B4te%20d%27Azur,%20FRA&x=5.683881839008&y=43.447237567895&radius=30000"
fbc8d4d6-e311-45bf-aa67-4bb2938c8348,13017419,EAJE,,LES GRIFFONS,https://www.caprovenceverte.fr,0498059285,,petite-enfance@caprovenceverte.fr,36 Avenue du Portail 83136 LA ROQUEBRUSSANNE,LA ROQUEBRUSSANNE,26155,NR,,false,,TRETS CRECHE,"https://monenfant.fr/que-recherchez-vous?structure=EAJE&location=Trets,%20Bouches-du-Rh%C3%B4ne,%20Provence-Alpes-C%C3%B4te%20d%27Azur,%20FRA&x=5.683881839008&y=43.447237567895&radius=30000"
0f117e31-23a8-4a5f-8f81-72e24046f08a,12631039,EAJE,,ESPACE PETITE ENFANCE,,0498030922,,creche@saintcyrsurmer.fr,96 Chemin De La Péguière 83270 ST CYR SUR MER,ST CYR SUR MER,28838,NR,,false,,TRETS CRECHE,"https://monenfant.fr/que-recherchez-vous?structure=EAJE&location=Trets,%20Bouches-du-Rh%C3%B4ne,%20Provence-Alpes-C%C3%B4te%20d%27Azur,%20FRA&x=5.683881839008&y=43.447237567895&radius=30000"
b0638398-b1ac-48e5-9e4d-73ebfc2ab14d,59507974,EAJE,,LES P'TITS GÂTÉS 1,https://www.lesptitsgates.com,0483738621,,contact@lesptitsgates.com,129 A Traverse joseph kessel 83270 ST CYR SUR MER,ST CYR SUR MER,29277,NR,,false,,TRETS CRECHE,"https://monenfant.fr/que-recherchez-vous?structure=EAJE&location=Trets,%20Bouches-du-Rh%C3%B4ne,%20Provence-Alpes-C%C3%B4te%20d%27Azur,%20FRA&x=5.683881839008&y=43.447237567895&radius=30000"
195d9dfb-3f66-4dbe-a551-23e497af1a6f,59508021,EAJE,,LES P'TITS GÂTÉS 2,https://www.lesptitsgates.com/,0483738622,,contact@lesptitsgates.com,129 B Traverse joseph kessel 83270 ST CYR SUR MER,ST CYR SUR MER,29277,NR,,false,,TRETS CRECHE,"https://monenfant.fr/que-recherchez-vous?structure=EAJE&location=Trets,%20Bouches-du-Rh%C3%B4ne,%20Provence-Alpes-C%C3%B4te%20d%27Azur,%20FRA&x=5.683881839008&y=43.447237567895&radius=30000"
c40270a2-cc7e-444f-b336-0d4485d5e131,69614797,EAJE,,LA MAISON DES CONTES,https://lamaisondescontes.fr,0448177348,,microcreche.lamaisondescontes@gmail.com, Place charles de gaulle 83330 LE BEAUSSET,LE BEAUSSET,29332,NR,,false,,TRETS CRECHE,"https://monenfant.fr/que-recherchez-vous?structure=EAJE&location=Trets,%20Bouches-du-Rh%C3%B4ne,%20Provence-Alpes-C%C3%B4te%20d%27Azur,%20FRA&x=5.683881839008&y=43.447237567895&radius=30000"
3b705a86-964e-4ebb-8672-d1790ff81952,12634135,EAJE,,LEÏ NISTOUNS,https://ca-provenceverte.portail-familles.app,0498059285,,petite-enfance@caprovenceverte.fr,5 Place de Castre 83170 LA CELLE,LA CELLE,29375,NR,,false,,TRETS CRECHE,"https://monenfant.fr/que-recherchez-vous?structure=EAJE&location=Trets,%20Bouches-du-Rh%C3%B4ne,%20Provence-Alpes-C%C3%B4te%20d%27Azur,%20FRA&x=5.683881839008&y=43.447237567895&radius=30000"
b7585f44-b776-45b9-96f1-714833c6f587,13004175,EAJE,,LES FÉES PAPILLON,,0953197122,,les.fees.papillon83@gmail.com,9 Rue Marcel PAGNOL 83330 LE BEAUSSET,LE BEAUSSET,29393,NR,,false,,TRETS CRECHE,"https://monenfant.fr/que-recherchez-vous?structure=EAJE&location=Trets,%20Bouches-du-Rh%C3%B4ne,%20Provence-Alpes-C%C3%B4te%20d%27Azur,%20FRA&x=5.683881839008&y=43.447237567895&radius=30000"
6625083e-c115-414d-a936-23d50e0e23c7,12630609,EAJE,,LOU PICHOUN,,0494410922,,loupichoun@outlook.fr,80 Chemin Du Rouve 83330 LE BEAUSSET,LE BEAUSSET,29431,NR,,false,,TRETS CRECHE,"https://monenfant.fr/que-recherchez-vous?structure=EAJE&location=Trets,%20Bouches-du-Rh%C3%B4ne,%20Provence-Alpes-C%C3%B4te%20d%27Azur,%20FRA&x=5.683881839008&y=43.447237567895&radius=30000"
0484e5fd-f6bf-42ac-99c6-fafb625fa1c2,12627728,EAJE,,TROTTE-MENU,,0494789297,,crechebarjols@odelvar.com, Route De Draguignan 83670 BARJOLS,BARJOLS,29438,NR,,false,,TRETS CRECHE,"https://monenfant.fr/que-recherchez-vous?structure=EAJE&location=Trets,%20Bouches-du-Rh%C3%B4ne,%20Provence-Alpes-C%C3%B4te%20d%27Azur,%20FRA&x=5.683881839008&y=43.447237567895&radius=30000"
08529835-9522-48ee-afef-023e6c1b518f,23464638,EAJE,,LORENZANA,,0664962820,,creche.lorenzana@gmail.com, Rue Paul Cezanne 83330 LE BEAUSSET,LE BEAUSSET,29465,NR,,false,,TRETS CRECHE,"https://monenfant.fr/que-recherchez-vous?structure=EAJE&location=Trets,%20Bouches-du-Rh%C3%B4ne,%20Provence-Alpes-C%C3%B4te%20d%27Azur,%20FRA&x=5.683881839008&y=43.447237567895&radius=30000"
80f7f8e3-0ab3-49a3-b2e2-efe8572c6c38,12114312,RPE,,LEI GARDARELLE,http://www.maisonenfance.fr,0631441070,,rpeleigardarelle@maisonenfance.fr,1 Place de Lattre de Tassigny 83470 ST MAXIMIN LA STE BAUME,ST MAXIMIN LA STE BAUME,14201,,,false,,TRETS RELAIS ET PARENTS,"https://monenfant.fr/que-recherchez-vous?structure=RPE;LAEP&location=Trets,%20Bouches-du-Rh%C3%B4ne,%20Provence-Alpes-C%C3%B4te%20d%27Azur,%20FRA&x=5.683881839008&y=43.447237567895&radius=30000"
0736bd7e-b1c1-4d9d-9b10-91104b434922,12332401,LAEP,,CAFÉ PITCHOUNS,https://www.lappartdesfamilles.fr,0763162169,,direction@lappartdesfamilles.fr,17 Avenue Maréchal Foch 83470 ST MAXIMIN LA STE BAUME,ST MAXIMIN LA STE BAUME,14332,,,false,,TRETS RELAIS ET PARENTS,"https://monenfant.fr/que-recherchez-vous?structure=RPE;LAEP&location=Trets,%20Bouches-du-Rh%C3%B4ne,%20Provence-Alpes-C%C3%B4te%20d%27Azur,%20FRA&x=5.683881839008&y=43.447237567895&radius=30000"
be897bc1-2932-4521-9c15-57a7bbc08ba8,12145379,RPE,,LES MAGNANARELLES,http://www.provenceverdon.fr,0494591360,,rpe@provenceverdon.fr, Route de Saint Maximin 83119 BRUE AURIAC,BRUE AURIAC,20824,,,false,,TRETS RELAIS ET PARENTS,"https://monenfant.fr/que-recherchez-vous?structure=RPE;LAEP&location=Trets,%20Bouches-du-Rh%C3%B4ne,%20Provence-Alpes-C%C3%B4te%20d%27Azur,%20FRA&x=5.683881839008&y=43.447237567895&radius=30000"
cf6e6036-bf4f-41a6-9938-a56c4063177c,12350155,LAEP,,LA MAISON DES FAMILLES,http://www.provenceverdon.fr,0678139846,,ram@provenceverdon.fr,Route de Saint Maximin 83119 BRUE AURIAC,BRUE AURIAC,20838,,,false,,TRETS RELAIS ET PARENTS,"https://monenfant.fr/que-recherchez-vous?structure=RPE;LAEP&location=Trets,%20Bouches-du-Rh%C3%B4ne,%20Provence-Alpes-C%C3%B4te%20d%27Azur,%20FRA&x=5.683881839008&y=43.447237567895&radius=30000"
4d7414b2-aea9-41c9-b66e-9bdc0ea16e22,10986841,ALSH,,ALSH ADOS ESPACE JEUNES NANS LES PINS,,0617846806,,mylene.cordier@odelvar.com, Rue GEORGES CLEMENCEAU 83860 NANS LES PINS,NANS LES PINS,11691,,,false,,TRETS LOISIR,"https://monenfant.fr/que-recherchez-vous?structure=ALSH&location=Trets,%20Bouches-du-Rh%C3%B4ne,%20Provence-Alpes-C%C3%B4te%20d%27Azur,%20FRA&x=5.683881839008&y=43.447237567895&radius=30000"
4e855460-c936-42d0-958d-9973f933232e,10986884,ALSH,,ALSH MATERNELLES- PRIMAIRES ODEL NANS LES PINS,,0673558961,,yoan.falconetti@odelvar.com,22 Place DE LA CHAPELLE 83860 NANS LES PINS,NANS LES PINS,11731,,,false,,TRETS LOISIR,"https://monenfant.fr/que-recherchez-vous?structure=ALSH&location=Trets,%20Bouches-du-Rh%C3%B4ne,%20Provence-Alpes-C%C3%B4te%20d%27Azur,%20FRA&x=5.683881839008&y=43.447237567895&radius=30000"
fb6daa2a-e761-4933-9f45-73e3839aeec2,60819006,ALSH,,SYNDICAT INTERCOMMUNAL DU HAUT DE L'ARC,https://www.sihva.com,0442294029,,secretariatsiha@orange.fr,27 Route de Mazaugues 83470 ST MAXIMIN LA STE BAUME,ST MAXIMIN LA STE BAUME,14244,,,false,,TRETS LOISIR,"https://monenfant.fr/que-recherchez-vous?structure=ALSH&location=Trets,%20Bouches-du-Rh%C3%B4ne,%20Provence-Alpes-C%C3%B4te%20d%27Azur,%20FRA&x=5.683881839008&y=43.447237567895&radius=30000"
62902654-9354-407a-aeb0-d98ad91d7a6b,60819204,ALSH,,ACCUEIL PÉRISCOLAIRE VICTOR HUGO,https://st-maximin.fr,0684486065,,accueil-vhugo@st-maximin.fr, Chemin de la gare 83470 ST MAXIMIN LA STE BAUME,ST MAXIMIN LA STE BAUME,14595,,,false,,TRETS LOISIR,"https://monenfant.fr/que-recherchez-vous?structure=ALSH&location=Trets,%20Bouches-du-Rh%C3%B4ne,%20Provence-Alpes-C%C3%B4te%20d%27Azur,%20FRA&x=5.683881839008&y=43.447237567895&radius=30000"
c037e111-131b-485f-ae49-e46d8a853179,10986712,ALSH,,ALSH MATERNELLES- PRIMAIRES-ADOS ROUGIERS,,0494807721,,restaurant.scolaire.rougiers@orange.fr, Chemin DU PAYS HAUT 83170 ROUGIERS,ROUGIERS,15089,,,false,,TRETS LOISIR,"https://monenfant.fr/que-recherchez-vous?structure=ALSH&location=Trets,%20Bouches-du-Rh%C3%B4ne,%20Provence-Alpes-C%C3%B4te%20d%27Azur,%20FRA&x=5.683881839008&y=43.447237567895&radius=30000"
54668a2c-6f39-4bd1-bc11-0e05465c5d9a,64537405,ALSH,,ALSH LES DRAGONNETS,,0620094409,,, Route de Marseille 83470 ST MAXIMIN LA STE BAUME,ST MAXIMIN LA STE BAUME,15236,,,false,,TRETS LOISIR,"https://monenfant.fr/que-recherchez-vous?structure=ALSH&location=Trets,%20Bouches-du-Rh%C3%B4ne,%20Provence-Alpes-C%C3%B4te%20d%27Azur,%20FRA&x=5.683881839008&y=43.447237567895&radius=30000"
c5d4b3a3-9b23-47f3-934b-d96e2b6dac7e,64537460,ALSH,,ALSH LES DRAGONNETS EXTRASCOLAIRES,https://vacances-enfants.ufcv.fr,0775112848,,al.stmaximin@ufcv.fr, Route de Marseille 83470 ST MAXIMIN LA STE BAUME,ST MAXIMIN LA STE BAUME,15236,,,false,,TRETS LOISIR,"https://monenfant.fr/que-recherchez-vous?structure=ALSH&location=Trets,%20Bouches-du-Rh%C3%B4ne,%20Provence-Alpes-C%C3%B4te%20d%27Azur,%20FRA&x=5.683881839008&y=43.447237567895&radius=30000"
b1bbd0e9-67b1-4b43-b660-26422c396e01,60819081,ALSH,,ALSH PAUL BARLES,https://st-maximin.fr,0620094409,,accueil-pbarles@st-maximin.fr, Route de Marseille 83470 ST MAXIMIN LA STE BAUME,ST MAXIMIN LA STE BAUME,15236,,,false,,TRETS LOISIR,"https://monenfant.fr/que-recherchez-vous?structure=ALSH&location=Trets,%20Bouches-du-Rh%C3%B4ne,%20Provence-Alpes-C%C3%B4te%20d%27Azur,%20FRA&x=5.683881839008&y=43.447237567895&radius=30000"
fe0f3dbe-1a92-4bcf-ac35-d71ee4c81e92,10960654,ALSH,,ACCUEIL DE LOISIRS LEI RIGAU,http://www.fol83.laligue.org/index.php/vacances/accueils-de-loisirs/seillons-source-dargens,0494045209,,alsh.seillons@gmail.com,  Les Plaines de l'Aire 83470 SEILLONS SOURCE D ARGENS,SEILLONS SOURCE D ARGENS,16557,,,false,,TRETS LOISIR,"https://monenfant.fr/que-recherchez-vous?structure=ALSH&location=Trets,%20Bouches-du-Rh%C3%B4ne,%20Provence-Alpes-C%C3%B4te%20d%27Azur,%20FRA&x=5.683881839008&y=43.447237567895&radius=30000"
6ca9bca5-88f1-4cb2-9624-4f1acaa1b0c6,60821030,ALSH,,ACCUEIL PÉRISCOLAIRE JEAN MOULIN JEAN JAURÈS,https://st-maximin.fr,0620094311,,accueil-jmoulin-jjaures@st-maximin.fr, Chemin du Moulin 83470 ST MAXIMIN LA STE BAUME,ST MAXIMIN LA STE BAUME,16964,,,false,,TRETS LOISIR,"https://monenfant.fr/que-recherchez-vous?structure=ALSH&location=Trets,%20Bouches-du-Rh%C3%B4ne,%20Provence-Alpes-C%C3%B4te%20d%27Azur,%20FRA&x=5.683881839008&y=43.447237567895&radius=30000"
cdbf9534-1287-4253-88c7-90f166c7ba0b,10960697,ALSH,,ESPACE JEUNES DE SEILLONS SOURCE D'ARGENS,http://www.fol83.laligue.org/index.php/vacances/salles-des-jeunes/419-sdj-seillons,0618154692,,espacejeune.seillons@gmail.com, Rue du Château 83470 SEILLONS SOURCE D ARGENS,SEILLONS SOURCE D ARGENS,17171,,,false,,TRETS LOISIR,"https://monenfant.fr/que-recherchez-vous?structure=ALSH&location=Trets,%20Bouches-du-Rh%C3%B4ne,%20Provence-Alpes-C%C3%B4te%20d%27Azur,%20FRA&x=5.683881839008&y=43.447237567895&radius=30000"
07a8771b-5148-44a4-901e-d200476e1004,60821091,ALSH,,ACCUEIL PÉRISCOLAIRE GRAND PIN PAUL VERLAINE,https://st-maximin.fr,0620094334,,accueil-gp-pverlaine@st-maximin.fr, Route de Bras 83470 ST MAXIMIN LA STE BAUME,ST MAXIMIN LA STE BAUME,17289,,,false,,TRETS LOISIR,"https://monenfant.fr/que-recherchez-vous?structure=ALSH&location=Trets,%20Bouches-du-Rh%C3%B4ne,%20Provence-Alpes-C%C3%B4te%20d%27Azur,%20FRA&x=5.683881839008&y=43.447237567895&radius=30000"
8bb3405c-aef7-4502-900b-e356b2a3ad13,10967362,ALSH,,ACCUEIL DE LOISIRS LOU PARPAOUNS,,0494372654,,kmoreau@tourves.fr, Rue Léon Paranque 83170 TOURVES,TOURVES,19968,,,false,,TRETS LOISIR,"https://monenfant.fr/que-recherchez-vous?structure=ALSH&location=Trets,%20Bouches-du-Rh%C3%B4ne,%20Provence-Alpes-C%C3%B4te%20d%27Azur,%20FRA&x=5.683881839008&y=43.447237567895&radius=30000"
12d11046-3963-446e-95a1-7c8c2fce6f4e,10967405,ALSH,,ACCUEIL DE LOISIRS ADOS,,0494373493,,jbouteuil@tourves.fr, Place Place de la liberté 83170 TOURVES,TOURVES,20049,,,false,,TRETS LOISIR,"https://monenfant.fr/que-recherchez-vous?structure=ALSH&location=Trets,%20Bouches-du-Rh%C3%B4ne,%20Provence-Alpes-C%C3%B4te%20d%27Azur,%20FRA&x=5.683881839008&y=43.447237567895&radius=30000"
00fdc19c-8e5b-416a-b2ae-13ddcd65b178,70385470,ALSH,,ACCUEIL DE LOISIRS MAZAUGUES,,0689774178,,al.mazaugues@odelvar.com, Place André Pédeau 83136 MAZAUGUES,MAZAUGUES,20552,,,false,,TRETS LOISIR,"https://monenfant.fr/que-recherchez-vous?structure=ALSH&location=Trets,%20Bouches-du-Rh%C3%B4ne,%20Provence-Alpes-C%C3%B4te%20d%27Azur,%20FRA&x=5.683881839008&y=43.447237567895&radius=30000"
3e321c0a-f3b2-47ec-a5e8-a2f191eef130,64537707,ALSH,,ESPACE JEUNES ET LOISIRS DE BRAS,https://bilbok83.fr/nos-activites/le-bilbok-jeunesse/accueil-jeunes/,0781296180,,bilbok.jeunesse@gmail.com, Route de Brignoles 83149 BRAS,BRAS,22325,,,false,,TRETS LOISIR,"https://monenfant.fr/que-recherchez-vous?structure=ALSH&location=Trets,%20Bouches-du-Rh%C3%B4ne,%20Provence-Alpes-C%C3%B4te%20d%27Azur,%20FRA&x=5.683881839008&y=43.447237567895&radius=30000"
c36b7af8-b8ec-418b-8fd2-3cb29d80f6eb,70385357,ALSH,,ACCUEIL DE LOISIRS DE BRAS,https://www.mairie-bras.fr,0618351730,,accueildeloisirs@mairie-bras.fr, Route de Brignoles 83149 BRAS,BRAS,22363,,,false,,TRETS LOISIR,"https://monenfant.fr/que-recherchez-vous?structure=ALSH&location=Trets,%20Bouches-du-Rh%C3%B4ne,%20Provence-Alpes-C%C3%B4te%20d%27Azur,%20FRA&x=5.683881839008&y=43.447237567895&radius=30000"
d5ed8446-14c1-4986-ab53-da4d77f19eef,10994280,ALSH,,ALSH ODEL SIGNES,,0673624194,,al.signes@odelvar.com, Place PAU RICARD 83870 SIGNES,SIGNES,22747,,,false,,TRETS LOISIR,"https://monenfant.fr/que-recherchez-vous?structure=ALSH&location=Trets,%20Bouches-du-Rh%C3%B4ne,%20Provence-Alpes-C%C3%B4te%20d%27Azur,%20FRA&x=5.683881839008&y=43.447237567895&radius=30000"
99351a48-c048-417f-887b-6c89a2b933f5,71113540,ALSH,,ACCUEIL ADO SIGNES,,0631636915,,ej-signes@odelvar.com, Avenue DU CHEVAL BLANC 83870 SIGNES,SIGNES,22859,,,false,,TRETS LOISIR,"https://monenfant.fr/que-recherchez-vous?structure=ALSH&location=Trets,%20Bouches-du-Rh%C3%B4ne,%20Provence-Alpes-C%C3%B4te%20d%27Azur,%20FRA&x=5.683881839008&y=43.447237567895&radius=30000"
e6ae71f1-4d28-48ba-a690-5ead3a0bd875,10960826,ALSH,,ACCUEIL DE LOISIRS ET PÉRISCOLAIRE,,0618351730,,nmartini@mairie-bras.fr,  Route de Brignoles 83149 BRAS,BRAS,23379,,,false,,TRETS LOISIR,"https://monenfant.fr/que-recherchez-vous?structure=ALSH&location=Trets,%20Bouches-du-Rh%C3%B4ne,%20Provence-Alpes-C%C3%B4te%20d%27Azur,%20FRA&x=5.683881839008&y=43.447237567895&radius=30000"
f7dd45b3-5679-46cb-aafc-6969638dfe26,10980047,ALSH,,ALSH MATERNELLES- PRIMAIRES LA ROQUEBRUSSANNE,http://www.fol83.lalique.org/index.php/vacances/accueils-de-loisirs/la-roquebrussane,0626319483,,alshlaroque.folduvar@gmail.com, Avenue DU PORTAIL 83136 LA ROQUEBRUSSANNE,LA ROQUEBRUSSANNE,26222,,,false,,TRETS LOISIR,"https://monenfant.fr/que-recherchez-vous?structure=ALSH&location=Trets,%20Bouches-du-Rh%C3%B4ne,%20Provence-Alpes-C%C3%B4te%20d%27Azur,%20FRA&x=5.683881839008&y=43.447237567895&radius=30000"
2da1ebec-d276-499b-beb6-d019c3d018bf,10962675,ALSH,,ALSH DE VARAGES,,0624162870,,, Place de l'église 83670 VARAGES,VARAGES,27913,,,false,,TRETS LOISIR,"https://monenfant.fr/que-recherchez-vous?structure=ALSH&location=Trets,%20Bouches-du-Rh%C3%B4ne,%20Provence-Alpes-C%C3%B4te%20d%27Azur,%20FRA&x=5.683881839008&y=43.447237567895&radius=30000"
116b48f7-79e8-4dc8-a3a5-02cb235e37ed,10995613,ALSH,,ALSH MATERNELLES- PRIMAIRES LA CADIERE D'AZUR,https://lacadieredazur.fr/mon-quotidien/lenfance/alsh-vacances-scolaires/,0494988791,,affaires.scolaires@lacadieredazur.fr,6 Rue PAUL BERT 83740 LA CADIERE D AZUR,LA CADIERE D AZUR,28552,,,false,,TRETS LOISIR,"https://monenfant.fr/que-recherchez-vous?structure=ALSH&location=Trets,%20Bouches-du-Rh%C3%B4ne,%20Provence-Alpes-C%C3%B4te%20d%27Azur,%20FRA&x=5.683881839008&y=43.447237567895&radius=30000"
c34a18a1-ef3b-4f3d-abf7-cfedd29ecad2,10963363,ALSH,,ACCUEIL DE LOISIRS LES GAVROCHES,,0689771242,,al.barjols@odelvar.com,  Les Tourtouires 83670 BARJOLS,BARJOLS,29128,,,false,,TRETS LOISIR,"https://monenfant.fr/que-recherchez-vous?structure=ALSH&location=Trets,%20Bouches-du-Rh%C3%B4ne,%20Provence-Alpes-C%C3%B4te%20d%27Azur,%20FRA&x=5.683881839008&y=43.447237567895&radius=30000"
77c35f62-67a1-468d-816a-363ce9106cd2,67994422,ALSH,,ALSH LA BALLE EN CELLE,,0756343938,,accueildeloisirs.mairielacelle@orange.fr,1 Rue de l'Egalité 83170 LA CELLE,LA CELLE,29285,,,false,,TRETS LOISIR,"https://monenfant.fr/que-recherchez-vous?structure=ALSH&location=Trets,%20Bouches-du-Rh%C3%B4ne,%20Provence-Alpes-C%C3%B4te%20d%27Azur,%20FRA&x=5.683881839008&y=43.447237567895&radius=30000"
1c4cabf3-2537-48ef-b011-cd2dadfeec08,10994151,ALSH,,ALSH SAINT CYR SUR MER,,06 89 77 67 40,,al.saintcyr@odelvar.com,250 Chemin DU SAUVET 83270 ST CYR SUR MER,ST CYR SUR MER,29300,,,false,,TRETS LOISIR,"https://monenfant.fr/que-recherchez-vous?structure=ALSH&location=Trets,%20Bouches-du-Rh%C3%B4ne,%20Provence-Alpes-C%C3%B4te%20d%27Azur,%20FRA&x=5.683881839008&y=43.447237567895&radius=30000"
792132c3-46ea-4d3b-881a-74f6c5949444,70964256,ALSH,,PÔLE JEUNESSE,https://www.saintcyrsurmer.fr/adolescents/pole-jeunesse-1062.html,04 22 54 02 75,,pole.jeunesse@saintcyrsurmer.fr,269 Chemin des poissonniers 83270 ST CYR SUR MER,ST CYR SUR MER,29330,,,false,,TRETS LOISIR,"https://monenfant.fr/que-recherchez-vous?structure=ALSH&location=Trets,%20Bouches-du-Rh%C3%B4ne,%20Provence-Alpes-C%C3%B4te%20d%27Azur,%20FRA&x=5.683881839008&y=43.447237567895&radius=30000"
4bd14d9a-e3c9-421c-9e70-a863f2f058c9,61130758,ALSH,,ACCUEIL DE LOISIRS DU BEAUSSET,,0631636404,,al.lebeausset@odelvar.com, Avenue DE LA RESISTANCE 83330 LE BEAUSSET,LE BEAUSSET,29437,,,false,,TRETS LOISIR,"https://monenfant.fr/que-recherchez-vous?structure=ALSH&location=Trets,%20Bouches-du-Rh%C3%B4ne,%20Provence-Alpes-C%C3%B4te%20d%27Azur,%20FRA&x=5.683881839008&y=43.447237567895&radius=30000"
741da57b-126c-4e60-a5a7-e0df4c16478a,10975059,ALSH,,ALSH MATERNELLES- PRIMAIRES-ADOS MEOUNES,,0689778589,,nathalie.chervet@odelvar.com,  ESPACE ODETTE BEAULIEU 83136 MEOUNES LES MONTRIEUX,MEOUNES LES MONTRIEUX,29648,,,false,,TRETS LOISIR,"https://monenfant.fr/que-recherchez-vous?structure=ALSH&location=Trets,%20Bouches-du-Rh%C3%B4ne,%20Provence-Alpes-C%C3%B4te%20d%27Azur,%20FRA&x=5.683881839008&y=43.447237567895&radius=30000"
